time,latitude,longitude,depth,mag,magType,place,year,month
2024-12-21 15:30:53.399000+00:00,-17.7041,168.0033,47.0,6.1,mww,"33 km W of Port-Vila, Vanuatu",2024,12
2024-12-17 01:47:25.741000+00:00,-17.6914,168.0842,54.372,7.3,mww,"24 km WNW of Port-Vila, Vanuatu",2024,12
2024-12-09 00:38:52.848000+00:00,50.8586,-177.443,10.0,6.1,mww,"126 km SSW of Adak, Alaska",2024,12
2024-12-09 00:15:30.691000+00:00,50.9985,-177.1779,19.0,6.3,mww,"104 km SSW of Adak, Alaska",2024,12
2024-12-08 19:57:08.602000+00:00,51.0018,-177.3278,18.0,6.3,mww,"108 km SSW of Adak, Alaska",2024,12
2024-12-05 18:44:21.110000+00:00,40.374,-125.02166666667,10.0,7.0,mw,"2024 Offshore Cape Mendocino, California Earthquake",2024,12
2024-11-26 13:47:03.411000+00:00,36.9549,136.3653,8.0,6.1,mww,"38 km WNW of Hakui, Japan",2024,11
2024-11-17 12:16:29.874000+00:00,29.0424,131.3968,8.0,6.1,mww,"156 km SSE of Koshima, Japan",2024,11
2024-11-15 05:28:30.650000+00:00,-4.7548,153.2923,56.0,6.6,mww,"122 km ESE of Kokopo, Papua New Guinea",2024,11
2024-11-10 16:49:50.426000+00:00,19.7974,-77.0506,14.0,6.8,mww,"42 km SSW of Bartolomé Masó, Cuba",2024,11
2024-11-08 11:38:00.376000+00:00,-46.7807,-75.6402,10.0,6.3,mww,"239 km WNW of Cochrane, Chile",2024,11
2024-10-30 20:15:20.095000+00:00,43.5842,-127.6418,10.0,6.0,mww,"267 km W of Bandon, Oregon",2024,10
2024-10-23 14:38:04.614000+00:00,49.394,155.6369,40.0,6.2,mww,"146 km SSW of Severo-Kuril’sk, Russia",2024,10
2024-10-16 07:46:32.516000+00:00,38.3115,38.8059,10.0,6.0,mww,"19 km W of Doğanyol, Turkey",2024,10
2024-10-12 17:43:44.516000+00:00,10.4967,-86.1497,16.0,6.2,mww,"40 km WNW of Tamarindo, Costa Rica",2024,10
2024-10-01 20:05:34.967000+00:00,-19.2886,-173.0007,10.0,6.6,mww,"125 km SE of Neiafu, Tonga",2024,10
2024-09-26 19:19:28.664000+00:00,-17.199,66.5336,10.0,6.3,mww,Mauritius - Reunion region,2024,9
2024-09-16 11:36:34.522000+00:00,17.1539,147.2254,31.0,6.3,mww,"266 km NE of Saipan, Northern Mariana Islands",2024,9
2024-09-15 22:22:48.018000+00:00,51.6088,-130.6121,3.766,6.5,mww,"271 km WNW of Port McNeill, Canada",2024,9
2024-09-11 16:46:05.054000+00:00,-3.2871,146.4088,8.0,6.3,mww,"168 km SW of Lorengau, Papua New Guinea",2024,9
2024-09-05 01:03:15.672000+00:00,-3.5428,144.1953,7.0,6.2,mww,"59 km NNE of Angoram, Papua New Guinea",2024,9
2024-09-01 20:13:34.201000+00:00,-6.8295,155.5297,39.0,6.4,mww,"56 km S of Panguna, Papua New Guinea",2024,9
2024-08-30 04:24:22.983000+00:00,53.0016,160.3787,26.0,6.0,mww,"117 km E of Petropavlovsk-Kamchatsky, Russia",2024,8
2024-08-28 21:57:54.957000+00:00,13.0471,-89.583,26.358,6.1,mww,"56 km SSW of La Libertad, El Salvador",2024,8
2024-08-17 19:10:26.820000+00:00,52.9308,160.1331,29.0,7.0,mww,"102 km E of Petropavlovsk-Kamchatsky, Russia",2024,8
2024-08-15 23:35:53.943000+00:00,23.7491,121.7669,14.0,6.1,mww,"30 km SSE of Hualien City, Taiwan",2024,8
2024-08-08 07:42:55.206000+00:00,31.7599,131.5021,24.0,7.1,mww,"2024 Hyuganada Sea, Japan Earthquake",2024,8
2024-08-03 04:20:26.565000+00:00,8.2038,126.8354,15.0,6.3,mww,"44 km E of Barcelona, Philippines",2024,8
2024-08-02 22:23:02.111000+00:00,8.1851,126.6161,32.0,6.8,mww,"20 km E of Barcelona, Philippines",2024,8
2024-07-29 13:07:11.966000+00:00,-20.3812,-173.9806,9.0,6.0,mww,"73 km SSE of Pangai, Tonga",2024,7
2024-07-22 05:04:27.743000+00:00,-15.5073,168.1241,4.0,6.1,mww,"99 km NE of Norsup, Vanuatu",2024,7
2024-07-19 03:13:47.417000+00:00,52.0859,-170.9116,40.972,6.0,mwr,"168 km SW of Nikolski, Alaska",2024,7
2024-07-11 15:08:47.169000+00:00,48.7877,-128.7103,10.0,6.4,mww,"209 km WSW of Tofino, Canada",2024,7
2024-07-10 04:55:41.780000+00:00,-53.3092,25.3481,4.0,6.6,mww,south of Africa,2024,7
2024-06-29 07:05:32.855000+00:00,-16.0485,-74.556,18.0,6.1,mww,"34 km SW of Atiquipa, Peru",2024,6
2024-06-28 05:36:36.902000+00:00,-15.8277,-74.454,24.0,7.2,mww,"10 km WSW of Atiquipa, Peru",2024,6
2024-06-16 14:47:33.155000+00:00,-15.8557,-74.4353,27.0,6.0,mww,"10 km SW of Atiquipa, Peru",2024,6
2024-06-16 00:27:56.629000+00:00,-60.9499,154.3353,7.727,6.0,mww,west of Macquarie Island,2024,6
2024-06-09 09:55:49.381000+00:00,-53.8559,-133.9509,10.0,6.2,mww,Pacific-Antarctic Ridge,2024,6
2024-05-31 15:54:40.923000+00:00,-28.9579,-176.8653,16.0,6.2,mww,Kermadec Islands region,2024,5
2024-05-31 15:46:09.810000+00:00,-43.3059,41.7226,10.0,6.2,mww,Prince Edward Islands region,2024,5
2024-05-25 22:23:15.997000+00:00,-17.1173,167.8706,22.0,6.3,mww,"83 km NW of Port-Vila, Vanuatu",2024,5
2024-05-19 09:35:24.660000+00:00,52.0681,-170.9122,28.0,6.0,mww,"169 km SW of Nikolski, Alaska",2024,5
2024-05-12 11:39:12.718000+00:00,14.4264,-92.4617,61.91,6.4,mww,"28 km WSW of Brisas Barra de Suchiate, Mexico",2024,5
2024-05-08 08:17:15.894000+00:00,-15.1324,168.0214,19.175,6.1,mww,"101 km ENE of Luganville, Vanuatu",2024,5
2024-05-05 18:33:11.021000+00:00,-3.3167,130.9618,16.0,6.1,mww,"154 km WSW of Fakfak, Indonesia",2024,5
2024-04-27 16:29:50.643000+00:00,-8.005,107.2798,59.701,6.1,mww,"91 km S of Banjar, Indonesia",2024,4
2024-04-22 18:32:48.439000+00:00,23.8586,121.5662,10.0,6.1,mww,"13 km SSW of Hualien City, Taiwan",2024,4
2024-04-22 18:26:52.852000+00:00,23.7141,121.6599,9.0,6.1,mww,"29 km S of Hualien City, Taiwan",2024,4
2024-04-17 14:14:46.694000+00:00,33.2503,132.3647,32.0,6.3,mww,"18 km W of Uwajima, Japan",2024,4
2024-04-14 20:56:28.201000+00:00,-5.8565,151.0953,49.0,6.5,mww,"111 km ESE of Kimbe, Papua New Guinea",2024,4
2024-04-09 09:47:59.810000+00:00,2.6982,127.0624,22.0,6.4,mww,"150 km NW of Tobelo, Indonesia",2024,4
2024-04-04 03:16:30.313000+00:00,37.7104,141.856,29.0,6.1,mww,"77 km E of Minami-Sōma, Japan",2024,4
2024-04-03 00:11:25.266000+00:00,24.1021,121.6812,13.931,6.4,mww,"15 km NNE of Hualien City, Taiwan",2024,4
2024-04-02 23:58:12.173000+00:00,23.8356,121.5976,40.0,7.4,mww,"15 km S of Hualien City, Taiwan",2024,4
2024-04-02 09:54:08.569000+00:00,15.8146,146.8779,10.0,6.2,mww,"137 km ENE of Saipan, Northern Mariana Islands",2024,4
2024-03-27 01:28:17.689000+00:00,-21.0715,173.7373,10.0,6.4,mww,Vanuatu region,2024,3
2024-03-23 20:22:04.348000+00:00,-4.1292,143.134,41.464,6.9,mww,"36 km ENE of Ambunti, Papua New Guinea",2024,3
2024-03-22 08:52:58.999000+00:00,-5.8754,112.3646,9.471,6.4,mww,"110 km N of Paciran, Indonesia",2024,3
2024-03-14 21:10:24.786000+00:00,29.7971,-42.6608,10.0,6.2,mww,northern Mid-Atlantic Ridge,2024,3
2024-03-13 15:13:22.779000+00:00,-5.831,150.6843,44.0,6.0,mww,"68 km ESE of Kimbe, Papua New Guinea",2024,3
2024-03-05 19:52:52.612000+00:00,-59.1953,158.7607,10.0,6.1,mww,Macquarie Island region,2024,3
2024-03-03 16:16:53.995000+00:00,-58.8881,159.1441,23.187,6.8,mww,Macquarie Island region,2024,3
2024-02-23 01:51:13.973000+00:00,-35.0892,-110.7745,10.0,6.3,mww,southern East Pacific Rise,2024,2
2024-02-14 11:40:22.125000+00:00,11.0047,138.5725,14.0,6.0,mww,"171 km NNE of Colonia, Micronesia",2024,2
2024-02-09 10:57:48.482000+00:00,-29.9268,-177.2323,13.0,6.1,mww,"Kermadec Islands, New Zealand",2024,2
2024-01-23 14:33:45.022000+00:00,-17.9827,168.0499,31.0,6.3,mww,"39 km SW of Port-Vila, Vanuatu",2024,1
2024-01-22 18:09:04.340000+00:00,41.2555,78.6538,13.0,7.0,mww,"128 km WNW of Aykol, China",2024,1
2024-01-20 22:09:39.708000+00:00,-39.93,46.1966,10.0,6.2,mww,Southwest Indian Ridge,2024,1
2024-01-08 20:48:42.361000+00:00,4.9225,126.1575,62.574,6.7,mww,"93 km SE of Sarangani, Philippines",2024,1
2024-01-01 07:18:41.584000+00:00,37.1895,136.8272,10.0,6.2,mb,"8 km SW of Anamizu, Japan",2024,1
2024-01-01 07:10:09.476000+00:00,37.4874,137.271,10.0,7.5,mww,"2024 Noto Peninsula, Japan Earthquake",2024,1
2023-12-30 17:16:23.833000+00:00,-2.9934,139.372,33.0,6.3,mww,"146 km WSW of Abepura, Indonesia",2023,12
2023-12-28 09:15:16.131000+00:00,44.596,149.0388,31.0,6.5,mww,"115 km SE of Kuril’sk, Russia",2023,12
2023-12-22 17:36:32.014000+00:00,-52.0879,27.9516,10.0,6.1,mww,south of Africa,2023,12
2023-12-21 14:55:56.291000+00:00,51.2097,-175.3313,20.0,6.1,mww,"116 km SE of Adak, Alaska",2023,12
2023-12-07 12:56:30.184000+00:00,-20.6152,169.3089,48.0,7.1,mww,"118 km S of Isangel, Vanuatu",2023,12
2023-12-03 19:49:35.739000+00:00,8.9705,126.6121,20.0,6.9,mww,"34 km ENE of Aras-asan, Philippines",2023,12
2023-12-03 14:35:56.830000+00:00,8.732,126.823,13.0,6.0,mww,"58 km E of Marihatag, Philippines",2023,12
2023-12-03 10:35:52.871000+00:00,8.488,126.7454,19.0,6.6,mww,"47 km ENE of Hinatuan, Philippines",2023,12
2023-12-02 20:52:15.877000+00:00,8.4475,126.7782,9.0,6.0,mww,"49 km NE of Barcelona, Philippines",2023,12
2023-12-02 18:09:25.972000+00:00,8.4402,126.9387,46.378,6.3,mww,"63 km ENE of Barcelona, Philippines",2023,12
2023-12-02 17:40:15.233000+00:00,8.423,126.722,36.091,6.1,mb,"41 km NE of Barcelona, Philippines",2023,12
2023-12-02 16:03:41.167000+00:00,8.4377,126.757,35.0,6.4,mww,"47 km NE of Barcelona, Philippines",2023,12
2023-12-02 14:37:04.454000+00:00,8.5266,126.4161,40.0,7.6,mww,"19 km E of Gamut, Philippines",2023,12
2023-11-27 21:46:42.183000+00:00,-3.5605,144.0313,10.0,6.5,mww,"44 km E of Wewak, Papua New Guinea",2023,11
2023-11-24 09:05:03.893000+00:00,20.1319,145.5195,22.163,6.9,mww,"Maug Islands region, Northern Mariana Islands",2023,11
2023-11-22 04:47:31.590000+00:00,-14.9603,167.9718,13.0,6.7,mww,"97 km E of Port-Olry, Vanuatu",2023,11
2023-11-17 08:14:10.513000+00:00,5.5627,125.0013,52.0,6.7,mww,"32 km SW of Kablalan, Philippines",2023,11
2023-11-14 07:00:56.463000+00:00,-4.033,87.1044,9.0,6.1,mww,South Indian Ocean,2023,11
2023-11-13 07:43:34.115000+00:00,-3.8855,151.067,10.0,6.1,mww,"126 km WNW of Rabaul, Papua New Guinea",2023,11
2023-11-10 20:45:11.772000+00:00,-6.0976,130.0606,9.969,6.1,mww,Banda Sea,2023,11
2023-11-08 13:02:06.115000+00:00,-6.131,129.8738,10.0,6.7,mww,Banda Sea,2023,11
2023-11-08 04:53:49.631000+00:00,-6.416,129.5466,6.0,7.1,mww,Banda Sea,2023,11
2023-11-08 04:52:51.393000+00:00,-6.4442,129.7518,10.0,6.7,mwb,Banda Sea,2023,11
2023-11-01 21:04:48.023000+00:00,-10.0561,123.7541,51.0,6.1,mww,"20 km NE of Kupang, Indonesia",2023,11
2023-10-31 12:33:43.732000+00:00,-28.7431,-71.5573,34.0,6.6,mww,"80 km WSW of Vallenar, Chile",2023,10
2023-10-29 04:32:07.316000+00:00,-19.3871,168.8034,68.0,6.0,mww,"53 km WNW of Isangel, Vanuatu",2023,10
2023-10-23 10:10:14.193000+00:00,-29.9334,-177.45,19.0,6.0,mww,"Kermadec Islands, New Zealand",2023,10
2023-10-15 03:36:00.454000+00:00,34.6529,62.1244,9.0,6.3,mww,"34 km NNW of Herāt, Afghanistan",2023,10
2023-10-11 20:04:58.206000+00:00,-52.0446,139.6131,10.0,6.3,mww,west of Macquarie Island,2023,10
2023-10-11 00:41:55.908000+00:00,34.5364,62.0509,8.0,6.3,mww,"24 km NNW of Herāt, Afghanistan",2023,10
2023-10-07 08:40:11.361000+00:00,-5.4749,146.1439,52.0,6.9,mww,"48 km SE of Madang, Papua New Guinea",2023,10
2023-10-07 08:34:26.985000+00:00,-5.5729,146.138,55.0,6.7,mww,"54 km SE of Madang, Papua New Guinea",2023,10
2023-10-07 07:12:49.702000+00:00,34.5442,61.8891,8.0,6.3,mww,"25 km NNE of Zindah Jān, Afghanistan",2023,10
2023-10-07 06:41:03.327000+00:00,34.5982,61.9263,14.0,6.3,mww,"32 km NNE of Zindah Jān, Afghanistan",2023,10
2023-10-06 01:31:17.149000+00:00,30.1409,139.9683,10.0,6.1,mww,"Izu Islands, Japan region",2023,10
2023-10-05 01:59:58.562000+00:00,29.8466,139.9904,10.0,6.1,mww,"Izu Islands, Japan region",2023,10
2023-10-03 11:38:04.199000+00:00,29.9183,140.0108,10.0,6.0,mww,"Izu Islands, Japan region",2023,10
2023-09-13 11:49:15.813000+00:00,-36.2299,-97.9312,10.0,6.1,mww,West Chile Rise,2023,9
2023-09-12 11:03:17.243000+00:00,19.2355,121.2293,31.11,6.2,mww,"69 km N of Namuac, Philippines",2023,9
2023-09-09 14:43:24.563000+00:00,0.0018,119.7663,13.0,6.0,mww,"101 km N of Palu, Indonesia",2023,9
2023-09-08 22:11:01.405000+00:00,31.058,-8.3847,19.0,6.8,mww,"Al Haouz, Morocco",2023,9
2023-09-06 23:48:04.632000+00:00,-30.2737,-71.4817,36.0,6.3,mww,"38 km SSW of Coquimbo, Chile",2023,9
2023-08-17 17:04:48.770000+00:00,4.3463,-73.6199,10.0,6.1,mww,"10 km E of El Calvario, Colombia",2023,8
2023-08-17 16:41:01.780000+00:00,-0.3289,-19.5802,10.0,6.0,mww,central Mid-Atlantic Ridge,2023,8
2023-08-14 13:51:53.761000+00:00,13.347,147.5297,8.0,6.1,mww,Mariana Islands region,2023,8
2023-08-14 10:39:58.130000+00:00,-43.5041,39.1083,10.0,6.0,mww,Prince Edward Islands region,2023,8
2023-08-08 18:38:54.184000+00:00,-15.2082,-173.1883,42.0,6.1,mww,"105 km NE of Hihifo, Tonga",2023,8
2023-07-26 12:44:35.646000+00:00,-14.74,167.9135,13.0,6.4,mww,"96 km ENE of Port-Olry, Vanuatu",2023,7
2023-07-16 06:48:21.158000+00:00,54.3926,-160.762,25.0,7.2,mww,"2023 Sand Point, Alaska Earthquake",2023,7
2023-07-14 09:29:00.404000+00:00,14.9004,-93.9011,34.0,6.3,mww,"Offshore Chiapas, Mexico",2023,7
2023-07-10 20:28:26.195000+00:00,20.0634,-61.1021,14.0,6.6,mww,"278 km NNE of Codrington, Antigua and Barbuda",2023,7
2023-06-25 07:16:58.830000+00:00,-24.0818,-175.576,9.0,6.2,mww,south of Tonga,2023,6
2023-06-19 11:18:11.960000+00:00,-4.4729,144.8345,23.844,6.2,mww,"96 km ESE of Angoram, Papua New Guinea",2023,6
2023-06-18 21:59:17.213000+00:00,-48.6733,31.1318,8.0,6.0,mww,south of Africa,2023,6
2023-06-18 20:30:21.227000+00:00,23.1671,-108.6922,4.0,6.4,mww,Gulf of California,2023,6
2023-06-17 11:26:20.456000+00:00,-23.4652,-175.472,22.0,6.1,mww,"241 km SSW of ‘Ohonua, Tonga",2023,6
2023-06-16 19:10:51.064000+00:00,-23.5577,-175.6208,16.0,6.2,mww,"254 km SSW of ‘Ohonua, Tonga",2023,6
2023-06-16 08:11:34.184000+00:00,-23.5201,-175.9259,20.0,6.0,mww,"261 km SSW of ‘Ohonua, Tonga",2023,6
2023-05-31 02:21:23.997000+00:00,-49.6093,163.8553,14.778,6.3,mww,"Auckland Islands, New Zealand region",2023,5
2023-05-26 22:18:25.271000+00:00,-39.0059,-91.372,10.0,6.0,mww,West Chile Rise,2023,5
2023-05-26 10:03:24.100000+00:00,35.5294,140.5281,42.0,6.1,mww,"12 km SE of Narutō, Japan",2023,5
2023-05-25 03:05:32.956000+00:00,8.9223,-77.0904,13.0,6.5,mww,"45 km NE of Puerto Obaldía, Panama",2023,5
2023-05-23 06:41:58.609000+00:00,-22.9954,170.3067,10.0,6.1,mww,"290 km E of Vao, New Caledonia",2023,5
2023-05-21 14:56:48.208000+00:00,-43.3991,39.3035,28.0,6.8,mww,Prince Edward Islands region,2023,5
2023-05-20 02:09:54.333000+00:00,-22.956,170.5524,10.0,6.5,mww,southeast of the Loyalty Islands,2023,5
2023-05-20 01:50:59.158000+00:00,-23.0421,170.5603,27.309,7.1,mww,southeast of the Loyalty Islands,2023,5
2023-05-19 02:57:03.172000+00:00,-23.2063,170.7423,18.053,7.7,mww,southeast of the Loyalty Islands,2023,5
2023-05-05 05:42:04.365000+00:00,37.5476,137.2994,10.0,6.2,mww,"49 km NE of Anamizu, Japan",2023,5
2023-04-24 20:00:57.265000+00:00,-0.8082,98.5112,34.0,7.1,mww,"171 km SSE of Teluk Dalam, Indonesia",2023,4
2023-04-24 00:41:55.894000+00:00,-29.9574,-177.8386,46.755,7.1,mww,"Kermadec Islands, New Zealand",2023,4
2023-04-22 08:23:42.033000+00:00,-5.2611,125.585,4.0,6.2,mww,Banda Sea,2023,4
2023-04-19 09:06:03.150000+00:00,-5.9496,149.635,40.0,6.3,mww,"30 km NNE of Kandrian, Papua New Guinea",2023,4
2023-04-13 15:54:53.808000+00:00,49.215,-129.6178,7.0,6.0,mww,"237 km SW of Port McNeill, Canada",2023,4
2023-04-04 22:18:12.640000+00:00,7.5671,-82.3345,16.0,6.3,mww,"73 km S of Boca Chica, Panama",2023,4
2023-04-04 12:54:31.503000+00:00,13.7318,125.5376,10.0,6.2,mww,"124 km E of Gigmoto, Philippines",2023,4
2023-04-02 18:04:11.261000+00:00,-4.3229,143.1658,70.0,7.0,mww,"40 km ESE of Ambunti, Papua New Guinea",2023,4
2023-03-30 17:33:08.544000+00:00,-35.6663,-73.4965,26.0,6.3,mww,"105 km WSW of Constitución, Chile",2023,3
2023-03-28 09:18:28.506000+00:00,41.1434,142.8148,37.0,6.0,mww,"Hokkaido, Japan region",2023,3
2023-03-18 17:12:52.481000+00:00,-2.7834,-79.8518,68.0,6.8,mww,"14 km NNW of Baláo, Ecuador",2023,3
2023-03-16 00:56:00.149000+00:00,-30.1741,-176.2047,10.0,7.0,mww,Kermadec Islands region,2023,3
2023-03-02 18:04:30.810000+00:00,-15.3766,166.3907,17.0,6.5,mww,"83 km WSW of Port-Olry, Vanuatu",2023,3
2023-02-25 21:24:47.577000+00:00,-6.0883,149.828,34.0,6.2,mww,"33 km ENE of Kandrian, Papua New Guinea",2023,2
2023-02-25 13:27:43.704000+00:00,42.8258,145.0212,55.0,6.0,mww,"Hokkaido, Japan region",2023,2
2023-02-23 00:37:38.163000+00:00,38.0552,73.2287,9.0,6.9,mww,"65 km WSW of Murghob, Tajikistan",2023,2
2023-02-20 17:04:29.747000+00:00,36.1616,36.0251,16.0,6.3,mww,"2 km NNW of Uzunba?, Turkey",2023,2
2023-02-17 09:37:34.656000+00:00,-6.6176,132.106,39.742,6.1,mww,"130 km SSW of Tual, Indonesia",2023,2
2023-02-15 18:10:08.107000+00:00,12.3099,123.8605,8.0,6.1,mww,"9 km NNE of Miaga, Philippines",2023,2
2023-02-06 12:02:11.275000+00:00,38.0582,36.5114,8.516,6.0,mb,"4 km NNE of Göksun, Turkey",2023,2
2023-02-06 10:26:46.742000+00:00,38.0315,38.0984,10.0,6.0,mb,"12 km W of Çelikhan, Turkey",2023,2
2023-02-06 10:24:48.811000+00:00,38.0106,37.1962,7.432,7.5,mww,"Elbistan earthquake, Kahramanmaras earthquake sequence",2023,2
2023-02-06 01:28:15.784000+00:00,37.1893,36.8929,9.797,6.7,mww,"14 km E of Nurda??, Turkey",2023,2
2023-02-06 01:17:34.342000+00:00,37.2256,37.0143,10.0,7.8,mww,"Pazarcik earthquake, Kahramanmaras earthquake sequence",2023,2
2023-02-01 10:44:46.067000+00:00,7.7431,126.0566,19.0,6.0,mww,"1 km NW of Babag, Philippines",2023,2
2023-01-18 06:06:11.454000+00:00,2.7306,127.0221,29.708,7.0,mwc,"156 km NW of Tobelo, Indonesia",2023,1
2023-01-15 22:29:58.940000+00:00,1.9837,97.9979,37.0,6.1,mww,"40 km SE of Singkil, Indonesia",2023,1
2023-01-08 12:32:42.372000+00:00,-14.9467,166.8791,29.0,7.0,mww,"23 km WNW of Port-Olry, Vanuatu",2023,1
2022-12-28 16:34:19.271000+00:00,-21.2566,171.3773,4.0,6.1,mww,"289 km SE of Isangel, Vanuatu",2022,12
2022-12-20 10:34:24.770000+00:00,40.525,-124.423,17.91,6.4,mw,"15km WSW of Ferndale, CA",2022,12
2022-12-11 14:31:29.051000+00:00,17.1801,-100.53,18.0,6.0,mww,"7 km W of Corral Falso, Mexico",2022,12
2022-12-04 19:24:15.394000+00:00,-15.3497,-172.9867,38.0,6.8,mww,"109 km NE of Hihifo, Tonga",2022,12
2022-11-23 01:08:15.435000+00:00,40.8356,30.9831,10.0,6.1,mww,"15 km W of Düzce, Turkey",2022,11
2022-11-22 16:39:05.789000+00:00,30.7936,-116.3907,10.0,6.2,mww,"28 km SW of Las Brisas, Mexico",2022,11
2022-11-22 02:37:57.529000+00:00,-9.8203,159.4589,10.0,6.0,mww,Solomon Islands,2022,11
2022-11-22 02:03:06.891000+00:00,-9.8198,159.6033,14.0,7.0,mww,"18 km SW of Malango, Solomon Islands",2022,11
2022-11-18 13:37:08.687000+00:00,-4.9043,100.7862,25.0,6.9,mww,"204 km SW of Bengkulu, Indonesia",2022,11
2022-11-13 02:24:57.830000+00:00,-37.4652,-73.6757,18.0,6.2,mww,"Near the coast of Bio-Bio, Chile",2022,11
2022-11-11 10:48:46.710000+00:00,-19.2881,-172.1471,37.0,7.3,mww,"205 km ESE of Neiafu, Tonga",2022,11
2022-11-04 10:02:46.346000+00:00,28.1573,-112.3106,10.0,6.1,mww,"82 km SSW of Bahía de Kino, Mexico",2022,11
2022-11-02 14:17:53.832000+00:00,-60.7841,-25.7774,25.0,6.1,mww,South Sandwich Islands region,2022,11
2022-11-02 04:53:13.239000+00:00,31.5042,-133.351,10.0,6.0,mww,North Pacific Ocean,2022,11
2022-10-25 14:59:00.085000+00:00,17.6609,120.8147,6.0,6.4,mww,"11 km E of Dolores, Philippines",2022,10
2022-10-20 11:57:12.575000+00:00,7.6901,-82.3342,20.0,6.7,mww,"60 km SSW of Boca Chica, Panama",2022,10
2022-10-16 12:48:21.665000+00:00,4.3584,-87.5675,15.0,6.3,mww,off the coast of Central America,2022,10
2022-10-09 16:38:04.811000+00:00,-1.3636,-23.9041,10.0,6.2,mww,central Mid-Atlantic Ridge,2022,10
2022-10-01 01:18:53.386000+00:00,53.7049,-35.5074,10.0,6.0,mww,Reykjanes Ridge,2022,10
2022-09-29 03:03:24.073000+00:00,-60.8308,-20.025,11.0,6.5,mww,east of the South Sandwich Islands,2022,9
2022-09-23 22:53:27.870000+00:00,-41.3788,-75.5767,20.0,6.1,mww,"156 km WNW of Ancud, Chile",2022,9
2022-09-23 20:52:58.398000+00:00,3.8109,96.0514,42.181,6.2,mww,"37 km SSW of Meulaboh, Indonesia",2022,9
2022-09-22 06:16:09.459000+00:00,18.2633,-102.9554,20.0,6.8,mww,"55 km SSW of Aguililla, Mexico",2022,9
2022-09-20 18:23:42.896000+00:00,55.5042,166.3282,10.0,6.0,mww,"254 km ESE of Ust’-Kamchatsk Staryy, Russia",2022,9
2022-09-19 18:05:08.217000+00:00,18.4552,-102.9561,26.943,7.6,mww,"35 km SSW of Aguililla, Mexico",2022,9
2022-09-18 06:44:13.846000+00:00,23.138,121.3439,10.0,6.9,mww,"90 km E of Yujing, Taiwan",2022,9
2022-09-17 13:41:17.890000+00:00,23.1191,121.4138,10.0,6.5,mww,"96 km SE of Lugu, Taiwan",2022,9
2022-09-10 23:10:43.721000+00:00,-1.149,98.654,20.0,6.0,mww,"173 km WSW of Pariaman, Indonesia",2022,9
2022-09-10 00:05:12.947000+00:00,-2.2313,138.1784,21.0,6.2,mww,"260 km ESE of Biak, Indonesia",2022,9
2022-09-09 23:31:47.409000+00:00,-2.2492,138.1979,18.0,6.2,mww,"Papua, Indonesia",2022,9
2022-09-05 04:52:19.645000+00:00,29.6786,102.236,12.0,6.6,mww,"44 km SE of Kangding, China",2022,9
2022-09-04 23:57:31.734000+00:00,-56.0375,-124.478,10.0,6.2,mww,southern East Pacific Rise,2022,9
2022-09-04 09:42:18.219000+00:00,-0.9339,-21.7155,10.0,6.9,mww,central Mid-Atlantic Ridge,2022,9
2022-08-30 09:09:43.266000+00:00,-54.6506,-136.1522,10.0,6.3,mww,Pacific-Antarctic Ridge,2022,8
2022-08-29 03:29:13.691000+00:00,-0.988,98.6046,17.0,6.2,mww,"173 km WSW of Pariaman, Indonesia",2022,8
2022-08-23 14:31:39.374000+00:00,-5.0926,103.079,45.258,6.2,mww,"119 km S of Pagar Alam, Indonesia",2022,8
2022-08-14 13:44:19.694000+00:00,-32.7361,-179.0088,30.0,6.6,mww,south of the Kermadec Islands,2022,8
2022-07-28 04:15:03.913000+00:00,-21.9311,-70.3386,54.0,6.1,mww,"22 km NW of Tocopilla, Chile",2022,7
2022-07-27 00:43:26.871000+00:00,17.5207,120.8181,33.729,7.0,mww,"11 km NE of Bantay, Philippines",2022,7
2022-07-15 19:37:22.791000+00:00,-44.6215,-79.6496,24.499,6.4,mww,"Off the coast of Aisen, Chile",2022,7
2022-07-12 19:16:58.460000+00:00,-22.5907,-114.2583,10.0,6.8,mww,Easter Island region,2022,7
2022-07-11 21:10:47.785000+00:00,-18.1404,168.9678,10.0,6.0,mww,"82 km ESE of Port-Vila, Vanuatu",2022,7
2022-07-01 23:25:13.465000+00:00,26.8878,55.3213,9.0,6.0,mwb,"57 km NE of Bandar-e Lengeh, Iran",2022,7
2022-07-01 21:32:07.977000+00:00,26.9061,55.2389,16.0,6.0,mww,"52 km NE of Bandar-e Lengeh, Iran",2022,7
2022-06-30 18:40:36.938000+00:00,19.0236,121.3363,30.0,6.0,mww,"49 km NNE of Namuac, Philippines",2022,6
2022-06-21 20:54:34.410000+00:00,33.0203,69.4639,4.0,6.0,mww,"55 km SW of Kh?st, Afghanistan",2022,6
2022-06-04 13:17:48.196000+00:00,-57.7238,148.6769,10.0,6.4,mww,west of Macquarie Island,2022,6
2022-05-27 02:36:05.556000+00:00,-8.2572,127.2079,49.0,6.2,mww,"37 km NE of Lospalos, Timor Leste",2022,5
2022-05-26 18:10:04.775000+00:00,-49.7722,-114.9698,10.0,6.2,mww,southern East Pacific Rise,2022,5
2022-05-26 15:37:58.560000+00:00,-22.8282,172.1298,15.0,6.6,mww,southeast of the Loyalty Islands,2022,5
2022-05-22 15:17:31.327000+00:00,33.2279,141.4121,12.0,6.0,mww,"235 km SSE of Katsuura, Japan",2022,5
2022-05-19 10:13:31.625000+00:00,-54.132,159.0545,10.0,6.9,mww,Macquarie Island region,2022,5
2022-05-09 22:33:06.873000+00:00,-3.3591,146.3506,10.0,6.3,mww,"178 km SW of Lorengau, Papua New Guinea",2022,5
2022-05-09 06:23:02.067000+00:00,24.0406,122.4888,21.0,6.2,mww,"70 km SW of Yonakuni, Japan",2022,5
2022-05-05 08:21:15.666000+00:00,6.5295,127.1315,18.0,6.0,mww,"94 km SE of Lukatan, Philippines",2022,5
2022-04-28 13:21:13.122000+00:00,-3.9148,146.6901,10.0,6.1,mww,"175 km NE of Madang, Papua New Guinea",2022,4
2022-04-21 07:42:46.508000+00:00,11.5537,-86.9604,27.0,6.6,mww,"55 km WSW of Masachapa, Nicaragua",2022,4
2022-04-20 21:57:43.018000+00:00,6.9686,126.9241,19.0,6.0,mww,"50 km ESE of Manay, Philippines",2022,4
2022-04-19 01:23:07.057000+00:00,7.2852,126.9533,19.0,6.1,mww,"41 km E of Santiago, Philippines",2022,4
2022-04-09 20:52:38.456000+00:00,-16.3146,166.8601,17.0,6.3,mww,"63 km WSW of Norsup, Vanuatu",2022,4
2022-04-04 16:06:57.662000+00:00,-17.4723,167.8625,31.0,6.0,mww,"56 km WNW of Port-Vila, Vanuatu",2022,4
2022-03-31 19:50:40.985000+00:00,-22.6577,170.8084,20.0,6.4,mww,southeast of the Loyalty Islands,2022,3
2022-03-31 05:44:01.146000+00:00,-22.586,170.3744,10.0,7.0,mww,southeast of the Loyalty Islands,2022,3
2022-03-30 20:56:58.105000+00:00,-22.666,170.3659,10.0,6.9,mww,"284 km ESE of Tadine, New Caledonia",2022,3
2022-03-22 17:41:38.584000+00:00,23.3839,121.6118,24.0,6.7,mww,"65 km S of Hualien City, Taiwan",2022,3
2022-03-22 16:35:08.019000+00:00,10.7447,-43.382,10.0,6.7,mww,northern Mid-Atlantic Ridge,2022,3
2022-03-20 18:10:43.285000+00:00,-28.659,-177.3532,44.0,6.0,mww,Kermadec Islands region,2022,3
2022-03-19 21:24:22.127000+00:00,-25.2976,-176.2998,21.0,6.3,mww,south of the Fiji Islands,2022,3
2022-03-16 14:36:30.997000+00:00,37.7132,141.5793,41.0,7.3,mww,"57 km ENE of Namie, Japan",2022,3
2022-03-16 14:34:27.453000+00:00,37.6468,141.6735,57.18,6.0,mwb,"62 km ENE of Namie, Japan",2022,3
2022-03-13 21:09:22.258000+00:00,-0.6294,98.6259,28.0,6.7,mww,"166 km W of Pariaman, Indonesia",2022,3
2022-03-13 21:05:49.469000+00:00,14.096,119.3811,11.0,6.4,mww,"75 km WNW of Cabra, Philippines",2022,3
2022-03-06 20:14:31.244000+00:00,-58.7315,-24.9167,20.0,6.0,mww,South Sandwich Islands region,2022,3
2022-03-02 12:52:07.344000+00:00,-30.0751,-177.7264,24.0,6.6,mww,"Kermadec Islands, New Zealand",2022,3
2022-02-25 01:39:26.554000+00:00,0.219,100.1006,4.0,6.1,mww,"65 km NNW of Bukittinggi, Indonesia",2022,2
2022-02-21 23:24:13.721000+00:00,-69.7739,165.3918,14.0,6.3,mww,Balleny Islands region,2022,2
2022-02-16 07:12:22.847000+00:00,14.1476,-91.3982,60.0,6.2,mww,"12 km WSW of Nueva Concepción, Guatemala",2022,2
2022-02-13 20:29:46.350000+00:00,11.7884,144.2842,15.0,6.0,mww,"168 km SSW of Merizo Village, Guam",2022,2
2022-02-08 11:59:25.311000+00:00,-0.417,-19.8913,10.0,6.2,mww,central Mid-Atlantic Ridge,2022,2
2022-02-04 20:25:09.549000+00:00,-48.033,99.4949,10.0,6.3,mww,southeast Indian Ridge,2022,2
2022-01-29 02:46:39.588000+00:00,-29.5642,-176.7217,8.0,6.5,mww,Kermadec Islands region,2022,1
2022-01-28 11:14:09.293000+00:00,5.4966,-82.5844,8.0,6.0,mww,"281 km SW of Arenas, Panama",2022,1
2022-01-27 06:40:05.543000+00:00,-19.0992,-176.3135,6.2,6.2,mww,"220 km WNW of Pangai, Tonga",2022,1
2022-01-25 01:24:33.513000+00:00,-55.3696,-28.7839,11.0,6.0,mww,South Sandwich Islands region,2022,1
2022-01-22 05:17:04.896000+00:00,53.2402,-166.682,29.0,6.2,mww,"71 km S of Unalaska, Alaska",2022,1
2022-01-22 02:26:13.323000+00:00,3.6724,126.6596,21.0,6.0,mww,"232 km SE of Sarangani, Philippines",2022,1
2022-01-21 16:08:37.210000+00:00,32.7282,132.0386,39.0,6.3,mww,"27 km SSE of Saiki, Japan",2022,1
2022-01-14 09:05:41.461000+00:00,-6.86,105.2887,33.0,6.6,mww,"80 km SW of Labuan, Indonesia",2022,1
2022-01-11 12:39:32.454000+00:00,52.5791,-168.3275,19.0,6.6,mww,"53 km SE of Nikolski, Alaska",2022,1
2022-01-11 11:35:43.674000+00:00,52.3415,-167.7554,20.0,6.8,mww,"100 km SE of Nikolski, Alaska",2022,1
2022-01-11 01:07:48.064000+00:00,35.2267,31.9435,21.0,6.6,mww,"48 km WNW of Pólis, Cyprus",2022,1
2022-01-10 00:06:30.834000+00:00,-33.7823,179.574,7.0,6.2,mww,south of the Kermadec Islands,2022,1
2022-01-07 17:45:30.809000+00:00,37.8283,101.29,13.0,6.6,mww,"northern Qinghai, China",2022,1
2022-01-06 16:25:05.973000+00:00,11.9367,-87.1371,17.0,6.1,mww,near the coast of Nicaragua,2022,1
2022-01-03 09:46:35.767000+00:00,24.0079,122.2592,19.0,6.2,mww,"66 km E of Hualien City, Taiwan",2022,1
2021-12-22 23:22:58.013000+00:00,18.8369,-107.0706,10.0,6.0,mww,"213 km SW of La Cruz de Loreto, Mexico",2021,12
2021-12-20 20:10:31.310000+00:00,40.3901667,-124.298,27.04,6.2,mw,"7km N of Petrolia, CA",2021,12
2021-12-19 16:28:22.616000+00:00,-16.3139,178.5777,10.0,6.2,mww,"85 km W of Labasa, Fiji",2021,12
2021-12-18 20:05:45.111000+00:00,-47.1259,33.5085,10.0,6.0,mww,Prince Edward Islands region,2021,12
2021-12-16 21:14:46.611000+00:00,-60.1754,-23.8375,15.0,6.0,mww,South Sandwich Islands region,2021,12
2021-12-14 03:20:23.809000+00:00,-7.6033,122.2274,14.27,7.3,mww,Flores Sea,2021,12
2021-12-12 08:58:07.352000+00:00,-60.7956,154.1393,10.0,6.6,mww,west of Macquarie Island,2021,12
2021-12-09 02:05:07.684000+00:00,29.4132,129.3846,7.0,6.0,mww,"116 km N of Naze, Japan",2021,12
2021-12-03 08:33:38.512000+00:00,-60.4652,-27.1401,7.03,6.0,mww,South Sandwich Islands region,2021,12
2021-12-03 04:40:05.063000+00:00,-28.4823,-112.0255,10.0,6.1,mww,"295 km WSW of Hanga Roa, Chile",2021,12
2021-11-30 10:37:35.539000+00:00,-3.6249,151.3524,10.0,6.1,mww,"110 km NW of Rabaul, Papua New Guinea",2021,11
2021-11-30 10:36:18.077000+00:00,-3.5226,151.1847,10.0,6.3,mww,"113 km SSE of Kavieng, Papua New Guinea",2021,11
2021-11-29 12:40:44.400000+00:00,31.196,142.5026,11.0,6.3,mww,"Izu Islands, Japan region",2021,11
2021-11-25 23:45:41.752000+00:00,22.8232,93.5061,43.0,6.2,mww,"20 km WSW of Falam, Myanmar",2021,11
2021-11-25 12:04:05.721000+00:00,-10.7451,166.5074,10.0,6.1,mww,"77 km E of Lata, Solomon Islands",2021,11
2021-11-18 14:08:04.800000+00:00,-5.3122,153.7074,34.0,6.2,mww,"192 km SE of Kokopo, Papua New Guinea",2021,11
2021-11-15 04:23:30.468000+00:00,-37.5124,51.2613,10.0,6.0,mww,South Indian Ocean,2021,11
2021-11-14 12:08:38.812000+00:00,27.7266,56.0716,10.0,6.4,mwb,"63 km NNW of Bandar Abbas, Iran",2021,11
2021-11-14 12:07:03.595000+00:00,27.7158,56.0743,9.0,6.0,mwb,"62 km NNW of Bandar Abbas, Iran",2021,11
2021-11-10 17:46:40.379000+00:00,-4.3244,134.1805,10.0,6.0,mww,"181 km SW of Nabire, Indonesia",2021,11
2021-11-10 15:45:13.652000+00:00,23.5935,126.4474,12.0,6.6,mww,"177 km SE of Hirara, Japan",2021,11
2021-11-09 06:25:14.907000+00:00,11.2198,-86.5255,20.0,6.3,mww,"62 km S of Masachapa, Nicaragua",2021,11
2021-11-06 14:37:36.731000+00:00,-0.0451,124.2812,34.0,6.0,mww,"150 km ESE of Gorontalo, Indonesia",2021,11
2021-11-01 17:04:16.557000+00:00,0.2081,96.709,8.0,6.0,mww,"253 km S of Sinabang, Indonesia",2021,11
2021-11-01 00:02:48.965000+00:00,-58.0284,-25.2678,22.0,6.0,mww,South Sandwich Islands region,2021,11
2021-10-24 05:11:34.230000+00:00,24.5108,121.8314,69.0,6.2,mww,"28 km SSE of Yilan, Taiwan",2021,10
2021-10-15 02:44:59.320000+00:00,-8.8783,158.4642,33.0,6.4,mww,"148 km WSW of Buala, Solomon Islands",2021,10
2021-10-12 09:24:05.099000+00:00,35.1691,26.2152,20.0,6.4,mww,"4 km SW of Palekastro, Greece",2021,10
2021-10-11 09:10:25.147000+00:00,56.2954,-156.581,51.6,6.9,mww,"112 km E of Chignik, Alaska",2021,10
2021-10-10 21:48:36.560000+00:00,18.820333333333,-155.52716666667,35.06,6.21,ml,"27 km SSE of Naalehu, Hawaii",2021,10
2021-10-04 03:54:06.823000+00:00,-60.4157,-27.5186,10.0,6.2,mww,South Sandwich Islands region,2021,10
2021-10-02 20:43:39.504000+00:00,-9.1778,67.2614,10.0,6.0,mww,Mid-Indian Ridge,2021,10
2021-09-27 06:17:21.478000+00:00,35.244,25.2697,6.0,6.0,mww,"6 km N of Thrapsanón, Greece",2021,9
2021-09-24 11:52:28.163000+00:00,51.0829,-179.0153,18.0,6.1,mww,"187 km WSW of Adak, Alaska",2021,9
2021-09-22 09:57:07.023000+00:00,12.1396,-87.8647,21.0,6.5,mww,"80 km SW of Jiquilillo, Nicaragua",2021,9
2021-09-21 13:14:32.025000+00:00,-36.7771,-73.9329,18.8,6.4,mww,"73 km W of Talcahuano, Chile",2021,9
2021-09-20 20:25:26.525000+00:00,46.3926,152.4879,35.0,6.1,mww,Kuril Islands,2021,9
2021-09-08 01:47:47.437000+00:00,16.9465,-99.753,20.0,7.0,mww,"Acapulco, Mexico",2021,9
2021-09-07 09:49:56.991000+00:00,-19.3855,-176.0683,10.0,6.0,mww,"185 km WNW of Pangai, Tonga",2021,9
2021-08-31 02:52:50.513000+00:00,-29.9211,-177.3798,16.0,6.4,mww,"Kermadec Islands, New Zealand",2021,8
2021-08-24 05:37:51.853000+00:00,48.8647,154.9113,35.0,6.0,mww,"219 km SSW of Severo-Kuril’sk, Russia",2021,8
2021-08-22 21:33:18.983000+00:00,-60.2845,-24.8743,6.0,7.1,mww,South Sandwich Islands region,2021,8
2021-08-22 00:45:07.917000+00:00,-60.1401,-24.221,7.0,6.6,mww,South Sandwich Islands region,2021,8
2021-08-18 21:49:55.690000+00:00,-59.6344,-26.3481,28.0,6.0,mww,South Sandwich Islands region,2021,8
2021-08-17 17:53:26.775000+00:00,-58.0256,-25.4158,32.62,6.1,mww,South Sandwich Islands region,2021,8
2021-08-16 11:10:36.583000+00:00,-58.3686,-23.3552,16.7,6.9,mww,South Sandwich Islands region,2021,8
2021-08-14 12:29:08.454000+00:00,18.4335,-73.4822,10.0,7.2,mww,"Nippes, Haiti",2021,8
2021-08-14 11:57:43.447000+00:00,55.1767,-157.6441,20.74,6.9,mww,"125 km SE of Perryville, Alaska",2021,8
2021-08-13 10:34:28.283000+00:00,-60.5354,-27.2495,10.0,6.1,mww,South Sandwich Islands region,2021,8
2021-08-12 19:43:45.969000+00:00,-59.8436,-26.4514,35.0,6.0,mb,South Sandwich Islands region,2021,8
2021-08-12 18:41:22.560000+00:00,-60.3568,-26.7611,35.0,6.1,mb,South Sandwich Islands region,2021,8
2021-08-12 18:36:59.727000+00:00,-59.9811,-26.4306,35.0,6.7,mb,South Sandwich Islands region,2021,8
2021-08-12 18:35:17.231000+00:00,-58.3753,-25.2637,22.79,8.1,mww,2021 South Sandwich Islands Earthquake,2021,8
2021-08-12 18:32:52.464000+00:00,-57.5674,-25.0316,47.23,7.5,mww,South Sandwich Islands region,2021,8
2021-08-11 17:46:13.143000+00:00,6.4748,126.7151,55.14,7.1,mww,"60 km ENE of Pondaguitan, Philippines",2021,8
2021-08-03 03:42:38.345000+00:00,8.8809,94.0192,10.0,6.1,mww,"Nicobar Islands, India region",2021,8
2021-08-02 05:01:19.974000+00:00,-4.499,133.958,10.0,6.0,mww,"182 km NE of Tual, Indonesia",2021,8
2021-07-30 17:10:19.554000+00:00,-4.9149,-80.6156,34.0,6.2,mww,"7 km E of Sullana, Peru",2021,7
2021-07-29 06:15:49.188000+00:00,55.3635,-157.8876,35.0,8.2,mww,"2021 Chignik, Alaska Earthquake",2021,7
2021-07-26 12:09:06.655000+00:00,-0.7679,121.9083,11.0,6.3,mww,"99 km WNW of Luwuk, Indonesia",2021,7
2021-07-24 12:51:28.422000+00:00,-29.9271,-176.8643,10.0,6.1,mww,Kermadec Islands region,2021,7
2021-07-21 21:15:12.269000+00:00,7.3926,-82.779,10.0,6.7,mww,"71 km S of Burica, Panama",2021,7
2021-07-21 14:26:00.341000+00:00,-3.2314,146.7999,8.37,6.0,mww,"142 km SSW of Lorengau, Papua New Guinea",2021,7
2021-07-17 20:56:10.107000+00:00,6.8258,-82.6774,4.07,6.1,mww,"135 km S of Burica, Panama",2021,7
2021-07-10 00:43:55.986000+00:00,2.9494,126.4984,44.33,6.1,mww,"215 km NW of Tobelo, Indonesia",2021,7
2021-07-08 22:49:48.110000+00:00,38.5075,-119.4998333,7.45,6.0,mw,"Antelope Valley, CA",2021,7
2021-07-04 01:29:15.977000+00:00,-28.7361,-71.4818,22.0,6.0,mww,"72 km WSW of Vallenar, Chile",2021,7
2021-06-20 17:05:50.681000+00:00,-30.2162,-177.8449,25.0,6.5,mww,"Kermadec Islands, New Zealand",2021,6
2021-06-03 10:09:58.295000+00:00,0.3165,126.2911,26.0,6.2,mww,"132 km WSW of Ternate, Indonesia",2021,6
2021-05-31 06:59:55.581000+00:00,62.4492,-148.2512,44.0,6.1,mww,"73 km N of Chickaloon, Alaska",2021,5
2021-05-21 22:13:18.379000+00:00,-16.6009,-177.3725,10.0,6.5,mww,"265 km SSE of Alo, Wallis and Futuna",2021,5
2021-05-21 18:04:13.565000+00:00,34.5983,98.2513,10.0,7.3,mww,"Southern Qinghai, China",2021,5
2021-05-21 13:48:37.193000+00:00,25.7274,100.0082,9.0,6.1,mww,"25 km NW of Dali, China",2021,5
2021-05-19 00:42:19.688000+00:00,-33.0647,-109.3943,10.0,6.7,mww,southern East Pacific Rise,2021,5
2021-05-14 06:33:07.879000+00:00,0.1364,96.6442,11.0,6.7,mww,"260 km S of Sinabang, Indonesia",2021,5
2021-05-13 23:58:14.041000+00:00,37.7169,141.8167,32.0,6.0,mww,"76 km ENE of Namie, Japan",2021,5
2021-05-13 09:42:12.044000+00:00,6.7137,-82.4146,10.0,6.1,mww,"154 km SSE of Punta de Burica, Panama",2021,5
2021-05-12 14:05:15.667000+00:00,-17.3874,66.3135,10.0,6.7,mww,Mauritius - Reunion region,2021,5
2021-05-12 08:45:44.539000+00:00,13.2742,-90.2266,22.0,6.0,mww,"55 km SW of Acajutla, El Salvador",2021,5
2021-05-07 15:21:13.760000+00:00,-54.4135,144.2159,10.0,6.1,mww,west of Macquarie Island,2021,5
2021-05-01 01:27:27.215000+00:00,38.1997,141.5973,43.0,6.9,mww,"30 km SSE of Onagawa Ch?, Japan",2021,5
2021-04-29 06:50:26.915000+00:00,-29.339,-176.3205,10.0,6.1,mww,Kermadec Islands region,2021,4
2021-04-28 02:21:26.212000+00:00,26.7813,92.4565,34.0,6.0,mww,"8 km NNW of Dhekiajuli, India",2021,4
2021-04-27 08:05:31.717000+00:00,-3.407,145.5171,10.0,6.1,mww,"176 km ENE of Angoram, Papua New Guinea",2021,4
2021-04-19 23:58:22.503000+00:00,0.1831,96.5601,9.0,6.1,mww,"254 km S of Sinabang, Indonesia",2021,4
2021-04-10 11:38:31.524000+00:00,-3.444,145.7329,9.0,6.0,mww,"196 km N of Madang, Papua New Guinea",2021,4
2021-04-10 07:00:15.485000+00:00,-8.5707,112.5054,67.0,6.0,mww,"45 km S of Sumberpucung, Indonesia",2021,4
2021-04-07 09:53:29.653000+00:00,-29.0489,-176.6124,18.0,6.1,mww,Kermadec Islands region,2021,4
2021-04-05 07:37:52.938000+00:00,-37.46,179.6324,24.0,6.1,mww,"194 km NE of Gisborne, New Zealand",2021,4
2021-04-03 01:16:39.455000+00:00,-58.0139,-7.843,10.0,6.6,mww,east of the South Sandwich Islands,2021,4
2021-04-01 09:56:37.651000+00:00,-29.961,-177.6758,20.0,6.4,mww,"Kermadec Islands, New Zealand",2021,4
2021-03-20 09:09:43.966000+00:00,38.4515,141.6477,43.0,7.0,mww,"30 km E of Ishinomaki, Japan",2021,3
2021-03-20 05:19:31.864000+00:00,-59.618,150.3275,10.0,6.0,mwb,west of Macquarie Island,2021,3
2021-03-18 00:04:06.698000+00:00,36.9206,5.2014,8.0,6.0,mww,"21 km NNE of Bejaïa, Algeria",2021,3
2021-03-16 18:38:21.233000+00:00,54.7368,163.1803,13.23,6.6,mww,"171 km SSE of Ust’-Kamchatsk Staryy, Russia",2021,3
2021-03-14 12:05:13.433000+00:00,-59.8709,-29.4818,10.0,6.0,mww,South Sandwich Islands region,2021,3
2021-03-06 13:12:05.498000+00:00,-28.2896,-177.6283,10.0,6.1,mww,Kermadec Islands region,2021,3
2021-03-06 12:05:23.693000+00:00,-28.3565,-177.8739,15.0,6.2,mww,Kermadec Islands region,2021,3
2021-03-06 10:34:47.134000+00:00,-28.4217,-177.7664,10.0,6.2,mww,Kermadec Islands region,2021,3
2021-03-06 07:16:29.302000+00:00,-28.6263,-177.0009,10.0,6.1,mww,Kermadec Islands region,2021,3
2021-03-06 00:16:22.227000+00:00,-37.5763,179.5947,13.0,6.3,mww,"183 km NE of Gisborne, New Zealand",2021,3
2021-03-05 14:24:52.718000+00:00,-28.8983,-176.6099,14.0,6.2,mww,Kermadec Islands region,2021,3
2021-03-05 08:13:41.003000+00:00,-29.5019,-176.1259,15.0,6.0,mww,Kermadec Islands region,2021,3
2021-03-05 02:30:36.279000+00:00,-28.749,-176.5578,17.0,6.3,mww,Kermadec Islands region,2021,3
2021-03-04 23:12:59.962000+00:00,-28.5168,-176.6801,24.0,6.5,mwb,Kermadec Islands region,2021,3
2021-03-04 20:25:06.406000+00:00,-28.3867,-176.6895,10.0,6.1,mb,Kermadec Islands region,2021,3
2021-03-04 19:28:33.178000+00:00,-29.7228,-177.2794,28.93,8.1,mww,"2021 Kermadec Islands, New Zealand Earthquake",2021,3
2021-03-04 17:41:23.370000+00:00,-29.6768,-177.8398,43.0,7.4,mww,"Kermadec Islands, New Zealand",2021,3
2021-03-04 13:27:34.647000+00:00,-37.4787,179.4576,10.0,7.3,mww,"182 km NE of Gisborne, New Zealand",2021,3
2021-03-03 10:16:09.755000+00:00,39.7546,22.1757,8.0,6.3,mww,"9 km W of Týrnavos, Greece",2021,3
2021-02-18 15:30:47.991000+00:00,-14.8373,-176.7574,3.7,6.1,mww,"157 km ESE of Alo, Wallis and Futuna",2021,2
2021-02-18 06:37:30.717000+00:00,-18.9515,168.0675,14.0,6.2,mww,"136 km S of Port-Vila, Vanuatu",2021,2
2021-02-17 22:49:38.110000+00:00,-23.1842,171.7786,12.0,6.1,mww,southeast of the Loyalty Islands,2021,2
2021-02-16 00:49:25.141000+00:00,-17.8292,167.5413,13.0,6.2,mww,"82 km W of Port-Vila, Vanuatu",2021,2
2021-02-13 14:07:49.797000+00:00,37.7265,141.7751,43.98,7.1,mww,"73 km ENE of Namie, Japan",2021,2
2021-02-11 06:52:28.131000+00:00,-23.3358,171.8122,10.56,6.0,mww,southeast of the Loyalty Islands,2021,2
2021-02-10 21:24:00.831000+00:00,-23.1911,171.5827,12.0,6.3,mww,southeast of the Loyalty Islands,2021,2
2021-02-10 18:36:41.957000+00:00,-22.7173,171.213,14.0,6.1,mww,southeast of the Loyalty Islands,2021,2
2021-02-10 16:35:22.999000+00:00,-22.8106,171.173,11.69,6.1,mwb,southeast of the Loyalty Islands,2021,2
2021-02-10 13:19:55.530000+00:00,-23.0511,171.6566,10.0,7.7,mww,southeast of the Loyalty Islands,2021,2
2021-02-10 13:01:59.145000+00:00,-22.7415,171.6432,10.0,6.1,mww,southeast of the Loyalty Islands,2021,2
2021-02-10 12:52:27.224000+00:00,-5.6856,101.6495,10.0,6.3,mww,"219 km SSW of Bengkulu, Indonesia",2021,2
2021-02-10 12:24:21.500000+00:00,-22.8327,171.6556,11.0,6.1,mww,southeast of the Loyalty Islands,2021,2
2021-02-07 05:45:51.377000+00:00,-3.3226,146.1444,10.0,6.3,mww,"189 km SW of Lorengau, Papua New Guinea",2021,2
2021-02-07 04:22:56.667000+00:00,6.7693,125.1011,16.0,6.0,mww,"9 km W of Magsaysay, Philippines",2021,2
2021-02-03 05:23:43.520000+00:00,-36.2797,-97.8,10.0,6.7,mww,West Chile Rise,2021,2
2021-01-23 23:36:51.667000+00:00,-61.8098,-55.5027,15.0,6.9,mww,South Shetland Islands,2021,1
2021-01-19 02:46:22.380000+00:00,-31.8334,-68.7992,20.81,6.4,mww,"26 km SW of Pocito, Argentina",2021,1
2021-01-14 18:28:18.093000+00:00,-2.9717,118.8899,18.0,6.2,mww,"32 km S of Mamuju, Indonesia",2021,1
2021-01-11 21:32:59.015000+00:00,51.2811,100.4383,10.0,6.7,mww,"29 km SSW of Turt, Mongolia",2021,1
2021-01-06 06:20:35.947000+00:00,-28.6357,-177.2713,38.49,6.2,mww,Kermadec Islands region,2021,1
2021-01-03 12:38:48.915000+00:00,51.2199,-179.793,21.0,6.1,mww,"230 km WSW of Adak, Alaska",2021,1
2020-12-29 11:19:54.762000+00:00,45.4244,16.2573,10.0,6.4,mww,"2 km WSW of Petrinja, Croatia",2020,12
2020-12-27 21:39:14.770000+00:00,-39.3398,-74.9849,10.0,6.7,mww,"146 km WNW of Corral, Chile",2020,12
2020-12-23 18:11:47.762000+00:00,6.2544,133.6362,11.0,6.1,mww,"90 km SW of Angaur State, Palau",2020,12
2020-12-20 17:23:22.668000+00:00,40.8667,142.5814,35.0,6.3,mww,"100 km ENE of Hachinohe, Japan",2020,12
2020-12-15 23:21:57.807000+00:00,5.1789,125.4212,14.0,6.1,mww,"25 km S of Sarangani, Philippines",2020,12
2020-12-01 20:52:57.066000+00:00,-61.9496,154.7341,10.0,6.0,mww,Balleny Islands region,2020,12
2020-12-01 16:22:39.923000+00:00,52.7551,-168.2401,23.0,6.4,mww,"46 km ESE of Nikolski, Alaska",2020,12
2020-11-22 00:54:56.794000+00:00,-34.5978,-73.0596,22.0,6.1,mww,"100 km NW of Constitución, Chile",2020,11
2020-11-17 01:44:11.421000+00:00,-2.6706,99.3227,19.0,6.0,mww,"222 km SSW of Padang, Indonesia",2020,11
2020-11-15 22:37:43.690000+00:00,8.7572,126.2914,43.0,6.0,mww,"5 km S of Marihatag, Philippines",2020,11
2020-11-07 09:27:05.498000+00:00,-15.2458,-173.5276,34.0,6.2,mww,"83 km NNE of Hihifo, Tonga",2020,11
2020-11-03 02:40:54.919000+00:00,-44.4111,-79.375,10.0,6.0,mww,"Off the coast of Aisen, Chile",2020,11
2020-10-30 11:51:27.348000+00:00,37.8973,26.7838,21.0,7.0,mww,"13 km NNE of Néon Karlovásion, Greece",2020,10
2020-10-19 20:54:38.950000+00:00,54.602,-159.6258,28.37,7.6,mww,"2020 Sand Point, Alaska Earthquake",2020,10
2020-10-01 01:13:36.524000+00:00,-19.5385,-174.1217,28.0,6.4,mww,"39 km NE of Pangai, Tonga",2020,10
2020-09-26 17:10:22.462000+00:00,-48.0249,31.7404,10.0,6.1,mww,south of Africa,2020,9
2020-09-18 21:43:59.027000+00:00,0.9298,-26.8533,10.0,6.9,mww,central Mid-Atlantic Ridge,2020,9
2020-09-12 02:44:11.224000+00:00,38.7482,142.2446,34.0,6.1,mww,"58 km SE of ?funato, Japan",2020,9
2020-09-11 07:35:57.187000+00:00,-21.3968,-69.9096,51.0,6.2,mww,"82 km NNE of Tocopilla, Chile",2020,9
2020-09-07 06:12:39.688000+00:00,-17.1102,168.5034,10.0,6.2,mww,"72 km NNE of Port-Vila, Vanuatu",2020,9
2020-09-06 06:51:18.470000+00:00,7.6829,-37.1544,10.0,6.7,mww,central Mid-Atlantic Ridge,2020,9
2020-09-06 02:59:16.073000+00:00,-17.1562,167.5321,10.0,6.2,mww,"104 km NW of Port-Vila, Vanuatu",2020,9
2020-09-06 01:16:58.935000+00:00,-30.3388,-71.4912,30.0,6.3,mww,"40 km NW of Ovalle, Chile",2020,9
2020-09-01 21:09:17.852000+00:00,-27.9162,-71.3701,16.0,6.5,mww,"94 km NW of Vallenar, Chile",2020,9
2020-09-01 04:30:02.173000+00:00,-28.0315,-71.2662,16.18,6.3,mww,"78 km NW of Vallenar, Chile",2020,9
2020-09-01 04:09:28.470000+00:00,-27.9686,-71.3062,21.0,6.8,mww,"86 km NW of Vallenar, Chile",2020,9
2020-08-31 17:24:04.946000+00:00,-4.0158,70.1973,10.0,6.1,mww,Chagos Archipelago region,2020,8
2020-08-30 21:20:29.757000+00:00,0.7821,-29.8656,10.0,6.5,mww,central Mid-Atlantic Ridge,2020,8
2020-08-25 19:08:52.908000+00:00,-5.5454,151.8365,22.0,6.2,mww,"141 km SSW of Kokopo, Papua New Guinea",2020,8
2020-08-25 19:02:58.437000+00:00,-5.5579,151.8638,23.0,6.0,mww,"141 km SSW of Kokopo, Papua New Guinea",2020,8
2020-08-24 21:51:09.259000+00:00,9.5785,-84.6376,20.0,6.0,mww,"4 km SSW of Jacó, Costa Rica",2020,8
2020-08-18 22:29:24.731000+00:00,-4.2069,101.2411,26.0,6.9,mww,"122 km WSW of Bengkulu, Indonesia",2020,8
2020-08-18 22:23:59.497000+00:00,-4.3217,101.1347,22.0,6.8,mww,"138 km WSW of Bengkulu, Indonesia",2020,8
2020-08-18 00:03:48.566000+00:00,12.0257,124.1272,10.0,6.6,mww,"13 km E of San Pedro, Philippines",2020,8
2020-08-12 17:13:16.180000+00:00,-7.3327,39.8126,17.55,6.0,mww,"66 km NNE of Kilindoni, Tanzania",2020,8
2020-08-06 23:36:44.553000+00:00,-41.6794,42.4486,10.0,6.3,mww,Prince Edward Islands region,2020,8
2020-08-01 19:22:05.163000+00:00,-3.1951,148.6496,10.0,6.1,mww,"199 km SE of Lorengau, Papua New Guinea",2020,8
2020-07-28 08:03:43.215000+00:00,54.7905,-161.2041,35.15,6.1,mww,"75 km SW of Sand Point, Alaska",2020,7
2020-07-26 00:53:59.061000+00:00,-60.7833,-25.413,10.0,6.4,mww,South Sandwich Islands region,2020,7
2020-07-22 20:07:19.194000+00:00,33.1438,86.8637,10.0,6.3,mww,western Xizang,2020,7
2020-07-22 06:16:18.627000+00:00,54.969,-159.0413,16.53,6.1,mb,"101 km ESE of Sand Point, Alaska",2020,7
2020-07-22 06:12:44.810000+00:00,55.0715,-158.596,28.0,7.8,mww,"2020 Perryville, Alaska Earthquake",2020,7
2020-07-18 15:32:36.835000+00:00,-15.2553,-172.694,12.0,6.1,mww,"141 km ENE of Hihifo, Tonga",2020,7
2020-07-17 14:03:40.437000+00:00,11.8485,94.9362,10.0,6.1,mww,"239 km E of Port Blair, India",2020,7
2020-07-06 18:16:18.418000+00:00,12.0809,140.2476,10.0,6.2,mww,"257 km N of Fais, Micronesia",2020,7
2020-06-25 21:05:18.140000+00:00,35.5948,82.4158,10.0,6.3,mww,"278 km SE of Hotan, China",2020,6
2020-06-23 15:29:04.350000+00:00,15.8861,-96.0077,20.0,7.4,mww,"9 km SE of Santa María Xadani, Mexico",2020,6
2020-06-21 19:07:54.833000+00:00,66.381,-18.707,10.0,6.0,mww,"27 km NNE of Siglufjörður, Iceland",2020,6
2020-06-18 12:49:53.844000+00:00,-33.2927,-177.8571,10.0,7.4,mww,south of the Kermadec Islands,2020,6
2020-06-10 19:58:50.008000+00:00,-15.8069,-13.0363,10.0,6.0,mww,southern Mid-Atlantic Ridge,2020,6
2020-06-03 09:31:35.257000+00:00,-24.6746,-176.7113,69.85,6.0,mww,south of the Fiji Islands,2020,6
2020-05-28 07:18:45.146000+00:00,-22.2146,-174.4196,10.0,6.0,mww,"111 km SSE of ‘Ohonua, Tonga",2020,5
2020-05-27 07:09:09.853000+00:00,-17.5304,167.8743,9.73,6.2,mww,"51 km WNW of Port-Vila, Vanuatu",2020,5
2020-05-22 08:46:06.973000+00:00,22.4152,-108.1275,10.0,6.1,mww,"173 km ESE of La Playa, Mexico",2020,5
2020-05-15 11:03:27.176000+00:00,38.1689,-117.8497,2.7,6.5,ml,"Monte Cristo Range, NV Earthquake",2020,5
2020-05-02 12:51:05.561000+00:00,34.1818,25.7101,10.0,6.5,mww,"91 km S of Néa Anatolí, Greece",2020,5
2020-04-25 02:53:06.698000+00:00,-6.5337,154.2347,19.0,6.1,mww,"140 km W of Panguna, Papua New Guinea",2020,4
2020-04-19 20:39:05.639000+00:00,38.8953,142.0049,38.0,6.3,mww,"31 km SE of ?funato, Japan",2020,4
2020-04-16 08:04:37.829000+00:00,16.9591,-85.6851,12.0,6.1,mww,"59 km NNE of Savannah Bight, Honduras",2020,4
2020-04-14 01:06:47.913000+00:00,-30.3889,-176.3478,31.0,6.0,mww,Kermadec Islands region,2020,4
2020-04-12 06:57:47.541000+00:00,-36.9558,77.393,10.0,6.1,mww,Mid-Indian Ridge,2020,4
2020-04-05 18:37:10.876000+00:00,1.395,126.4381,42.0,6.0,mww,"124 km WNW of Ternate, Indonesia",2020,4
2020-03-31 23:52:30.781000+00:00,44.4646,-115.1175,12.06,6.5,mww,"Stanley, Idaho",2020,3
2020-03-26 15:38:04.089000+00:00,5.5669,125.0521,59.0,6.1,mww,"27 km SW of Burias, Philippines",2020,3
2020-03-25 02:49:21.160000+00:00,48.9638,157.6955,57.8,7.5,mww,"221 km SSE of Severo-Kuril’sk, Russia",2020,3
2020-03-22 22:38:04.810000+00:00,-4.6744,-104.9519,10.0,6.1,mww,central East Pacific Rise,2020,3
2020-03-18 17:45:39.299000+00:00,-11.0521,115.1378,20.68,6.2,mww,"249 km S of Nusa Dua, Indonesia",2020,3
2020-03-17 16:06:22.370000+00:00,-16.0252,-172.1911,10.0,6.0,mww,"171 km E of Hihifo, Tonga",2020,3
2020-03-14 10:01:17.118000+00:00,-27.367,-175.6102,11.0,6.4,mww,Kermadec Islands region,2020,3
2020-03-06 10:28:42.029000+00:00,-31.368,58.3242,10.0,6.0,mww,Southwest Indian Ridge,2020,3
2020-02-26 07:33:12.952000+00:00,-7.4887,131.1196,54.0,6.0,mww,"273 km SW of Tual, Indonesia",2020,2
2020-02-23 16:00:31.626000+00:00,38.4958,44.3732,10.0,6.0,mww,"37 km ESE of Özalp, Turkey",2020,2
2020-02-09 06:04:29.967000+00:00,-5.4925,152.1522,34.0,6.1,mww,"127 km S of Kokopo, Papua New Guinea",2020,2
2020-02-08 14:32:58.625000+00:00,-59.9212,-25.5526,16.0,6.0,mww,South Sandwich Islands region,2020,2
2020-02-06 13:40:05.791000+00:00,5.4543,126.5692,19.0,6.0,mww,"109 km SSE of Pondaguitan, Philippines",2020,2
2020-01-28 21:55:16.450000+00:00,18.9457,-80.7411,10.0,6.1,mww,"55 km SE of East End, Cayman Islands",2020,1
2020-01-28 19:10:24.918000+00:00,19.4193,-78.756,14.86,7.7,mww,"123 km NNW of Lucea, Jamaica",2020,1
2020-01-27 05:02:01.704000+00:00,-10.0929,161.0606,21.0,6.3,mww,"102 km WNW of Kirakira, Solomon Islands",2020,1
2020-01-26 06:31:55.398000+00:00,51.1338,-179.8892,17.0,6.1,mww,"240 km WSW of Adak, Alaska",2020,1
2020-01-24 17:55:14.147000+00:00,38.4312,39.0609,10.0,6.7,mww,"13 km N of Do?anyol, Turkey",2020,1
2020-01-23 05:53:02.618000+00:00,51.9836,-177.855,10.0,6.2,mww,"84 km W of Adak, Alaska",2020,1
2020-01-19 13:27:56.630000+00:00,39.8353,77.1084,5.55,6.0,mww,"104 km ENE of Kashgar, China",2020,1
2020-01-18 16:38:14.301000+00:00,-2.8405,139.3363,44.0,6.0,mww,"146 km W of Abepura, Indonesia",2020,1
2020-01-09 08:38:08.278000+00:00,62.358,171.0611,10.0,6.4,mww,"Chukotskiy Avtonomnyy Okrug, Russia",2020,1
2020-01-07 08:24:27.370000+00:00,17.9578,-66.8113,6.0,6.4,mw,"4 km SSE of Indios, Puerto Rico",2020,1
2020-01-07 06:05:19.759000+00:00,2.3481,96.3575,17.0,6.3,mww,"14 km S of Sinabang, Indonesia",2020,1
2019-12-25 20:20:12.751000+00:00,-25.2226,-115.8438,10.0,6.1,mww,southern East Pacific Rise,2019,12
2019-12-25 03:36:01.626000+00:00,50.6106,-129.963,6.58,6.3,mww,"203 km W of Port McNeill, Canada",2019,12
2019-12-24 19:03:52.492000+00:00,3.5359,-74.0176,11.0,6.0,mww,"1 km NE of Lejanías, Colombia",2019,12
2019-12-23 20:56:23.555000+00:00,50.5169,-129.7573,10.0,6.0,mww,"189 km W of Port McNeill, Canada",2019,12
2019-12-23 19:49:43.086000+00:00,50.6071,-129.9372,10.0,6.0,mww,"201 km W of Port McNeill, Canada",2019,12
2019-12-15 06:11:51.155000+00:00,6.6969,125.1739,18.0,6.8,mww,"7 km S of Magsaysay, Philippines",2019,12
2019-12-14 04:57:34.937000+00:00,-14.3628,167.7089,7.51,6.0,mww,"56 km SSE of Sola, Vanuatu",2019,12
2019-12-06 13:04:46.540000+00:00,-15.2594,-175.1035,10.0,6.0,mww,"159 km WNW of Hihifo, Tonga",2019,12
2019-12-03 08:46:35.780000+00:00,-18.5042,-70.576,38.0,6.0,mww,"29 km W of Arica, Chile",2019,12
2019-12-02 05:01:54.821000+00:00,51.1867,-178.1001,28.0,6.0,mww,"127 km SW of Adak, Alaska",2019,12
2019-11-27 07:23:42.383000+00:00,35.7174,23.2284,69.0,6.0,mww,"45 km WNW of Kíssamos, Greece",2019,11
2019-11-26 02:54:12.872000+00:00,41.5138,19.5256,22.0,6.4,mww,"15 km WSW of Mamurras, Albania",2019,11
2019-11-24 00:54:01.053000+00:00,51.3808,-175.5115,20.0,6.3,mww,"95 km SE of Adak, Alaska",2019,11
2019-11-23 12:11:15.564000+00:00,1.6436,132.8148,5.0,6.2,mww,"241 km SE of Tobi Village, Palau",2019,11
2019-11-20 23:50:43.955000+00:00,19.4533,101.3558,10.0,6.2,mww,"43 km WNW of Sainyabuli, Laos",2019,11
2019-11-20 04:27:05.252000+00:00,13.8859,-93.2068,15.0,6.3,mww,"125 km SW of Puerto Madero, Mexico",2019,11
2019-11-14 21:12:54.753000+00:00,1.5361,126.4161,23.0,6.0,mww,"135 km NW of Ternate, Indonesia",2019,11
2019-11-14 16:17:40.578000+00:00,1.6213,126.4156,33.0,7.1,mww,"141 km NW of Ternate, Indonesia",2019,11
2019-11-11 23:03:28.119000+00:00,-18.8625,-175.3675,10.0,6.2,mww,"147 km W of Neiafu, Tonga",2019,11
2019-11-06 00:39:09.303000+00:00,-13.7208,167.8086,10.0,6.0,mww,Vanuatu,2019,11
2019-11-05 23:17:26.588000+00:00,-13.7988,167.7494,19.0,6.0,mww,"23 km ENE of Sola, Vanuatu",2019,11
2019-11-05 20:52:01.485000+00:00,-57.9236,-9.3217,10.0,6.3,mww,east of the South Sandwich Islands,2019,11
2019-11-04 22:43:32.280000+00:00,-18.5747,-175.272,10.0,6.6,mww,"136 km W of Neiafu, Tonga",2019,11
2019-11-04 21:53:25.320000+00:00,-31.8362,-71.3753,53.0,6.1,mww,"29 km SW of Illapel, Chile",2019,11
2019-11-02 18:08:41.113000+00:00,-55.735,-26.2399,8.0,6.1,mww,South Sandwich Islands region,2019,11
2019-10-31 01:11:19.146000+00:00,6.9098,125.1782,10.0,6.5,mww,"2 km ENE of Bulatukan, Philippines",2019,10
2019-10-29 01:04:43.879000+00:00,6.7567,125.0082,15.0,6.6,mww,"10 km NE of Columbio, Philippines",2019,10
2019-10-23 16:08:14.497000+00:00,-1.0987,-13.8367,10.0,6.3,mww,north of Ascension Island,2019,10
2019-10-16 11:37:06.342000+00:00,6.7147,125.007,16.12,6.4,mww,"7 km ENE of Columbio, Philippines",2019,10
2019-10-01 03:56:07.115000+00:00,-55.9278,-122.5586,10.0,6.0,mww,southern East Pacific Rise,2019,10
2019-09-29 15:57:53.236000+00:00,-35.4758,-73.163,11.0,6.7,mww,"70 km WSW of Constitución, Chile",2019,9
2019-09-27 12:05:02.549000+00:00,-30.1733,-177.8625,34.0,6.1,mww,"Kermadec Islands, New Zealand",2019,9
2019-09-25 23:46:43.543000+00:00,-3.4528,128.3699,12.26,6.5,mww,"33 km NE of Ambon, Indonesia",2019,9
2019-09-24 21:19:47.423000+00:00,-33.8212,56.2997,10.0,6.0,mww,Southwest Indian Ridge,2019,9
2019-09-24 03:23:40+00:00,19.077,-67.2701,10.0,6.0,mw,"67 km NNW of San Antonio, Puerto Rico",2019,9
2019-08-29 15:07:58.646000+00:00,43.5425,-127.8817,10.0,6.3,mww,"285 km W of Bandon, Oregon",2019,8
2019-08-27 23:55:19.187000+00:00,-60.2152,-26.5801,16.0,6.6,mww,South Sandwich Islands region,2019,8
2019-08-21 14:28:25.652000+00:00,-50.3302,139.324,10.0,6.0,mww,western Indian-Antarctic Ridge,2019,8
2019-08-20 13:03:52.633000+00:00,-11.3683,166.2912,37.0,6.0,mww,Santa Cruz Islands,2019,8
2019-08-04 10:23:03.726000+00:00,37.7594,141.6031,38.0,6.3,mww,"61 km ENE of Namie, Japan",2019,8
2019-08-02 12:03:27.001000+00:00,-7.2822,104.7907,49.0,6.9,mww,"152 km SW of Labuan, Indonesia",2019,8
2019-08-02 05:50:55.239000+00:00,-49.7307,-113.8331,10.0,6.0,mww,southern East Pacific Rise,2019,8
2019-08-01 18:28:07.270000+00:00,-34.2364,-72.3102,25.0,6.8,mww,"96 km SW of San Antonio, Chile",2019,8
2019-07-26 23:37:58.444000+00:00,20.8373,121.9744,9.0,6.0,mww,"43 km N of Basco, Philippines",2019,7
2019-07-23 10:33:24.050000+00:00,-61.2867,154.1145,10.0,6.0,mww,Balleny Islands region,2019,7
2019-07-15 08:21:34.171000+00:00,-5.9707,149.4881,42.0,6.3,mww,"26 km NNW of Kandrian, Papua New Guinea",2019,7
2019-07-14 09:10:51.523000+00:00,-0.5858,128.034,18.98,7.2,mww,"155 km SSE of Sofifi, Indonesia",2019,7
2019-07-14 05:39:23.420000+00:00,-18.2242,120.3584,10.0,6.6,mww,"198 km W of Cable Beach, Australia",2019,7
2019-07-07 15:08:40.525000+00:00,0.5126,126.1892,35.0,6.9,mww,"136 km WSW of Ternate, Indonesia",2019,7
2019-07-06 03:19:53.040000+00:00,35.7695,-117.5993333,8.0,7.1,mw,Ridgecrest Earthquake Sequence,2019,7
2019-07-04 17:33:49+00:00,35.7053333,-117.5038333,10.5,6.4,mw,Ridgecrest Earthquake Sequence,2019,7
2019-07-04 04:30:44.424000+00:00,51.2369,-130.5005,10.0,6.2,mww,"250 km WNW of Port McNeill, Canada",2019,7
2019-06-27 11:04:56.341000+00:00,-30.3961,-179.182,10.0,6.3,mww,Kermadec Islands region,2019,6
2019-06-26 05:23:51.514000+00:00,8.4612,-82.754,32.58,6.2,mww,"4 km SE of Aserrío de Gariché, Panama",2019,6
2019-06-26 02:18:07.841000+00:00,56.1821,164.0881,10.0,6.3,mww,"100 km E of Ust’-Kamchatsk Staryy, Russia",2019,6
2019-06-25 09:05:40.478000+00:00,56.202,164.2327,10.0,6.4,mww,"108 km E of Ust’-Kamchatsk Staryy, Russia",2019,6
2019-06-24 01:05:29.464000+00:00,-2.7756,138.5675,28.0,6.1,mww,"230 km W of Abepura, Indonesia",2019,6
2019-06-21 08:37:16.948000+00:00,-30.8591,-177.4681,14.0,6.2,mww,"Kermadec Islands, New Zealand",2019,6
2019-06-19 17:24:48.803000+00:00,-2.2656,138.461,10.0,6.3,mww,"244 km W of Abepura, Indonesia",2019,6
2019-06-19 07:01:45.433000+00:00,-30.5243,-177.8482,30.0,6.4,mww,"Kermadec Islands, New Zealand",2019,6
2019-06-18 13:22:19.010000+00:00,38.6391,139.4769,12.0,6.4,mww,"31 km WSW of Tsuruoka, Japan",2019,6
2019-06-17 06:02:04.099000+00:00,-30.8389,-177.481,12.0,6.1,mww,"Kermadec Islands, New Zealand",2019,6
2019-06-16 05:17:14.868000+00:00,-31.0004,-178.0819,21.0,6.3,mww,Kermadec Islands region,2019,6
2019-06-15 22:55:04.130000+00:00,-30.6441,-178.0995,46.0,7.3,mww,"Kermadec Islands, New Zealand",2019,6
2019-06-15 21:56:10.835000+00:00,-21.1807,-174.169,13.0,6.1,mww,"82 km ENE of ‘Ohonua, Tonga",2019,6
2019-06-14 00:19:12.401000+00:00,-30.0557,-72.0819,11.0,6.4,mww,"72 km W of Coquimbo, Chile",2019,6
2019-06-02 10:36:29.673000+00:00,-21.2068,-173.9096,10.0,6.0,mww,"108 km E of ‘Ohonua, Tonga",2019,6
2019-05-30 09:03:32.337000+00:00,13.1994,-89.3056,57.92,6.6,mww,"32 km S of La Libertad, El Salvador",2019,5
2019-05-23 08:45:17.746000+00:00,51.3078,-178.2387,30.0,6.0,mww,"127 km WSW of Adak, Alaska",2019,5
2019-05-19 14:56:50.691000+00:00,-21.6074,169.4692,20.0,6.3,mww,"164 km E of Tadine, New Caledonia",2019,5
2019-05-19 14:27:11.826000+00:00,-21.7313,169.5758,16.0,6.0,mww,"176 km E of Tadine, New Caledonia",2019,5
2019-05-19 01:23:29.151000+00:00,-21.6619,169.7779,20.0,6.3,mww,"196 km E of Tadine, New Caledonia",2019,5
2019-05-14 12:58:25.939000+00:00,-4.051,152.5967,10.0,7.6,mww,"48 km NE of Kokopo, Papua New Guinea",2019,5
2019-05-12 19:24:50.373000+00:00,8.625,-82.8298,19.0,6.0,mww,"1 km W of Breñón, Panama",2019,5
2019-05-09 23:48:42.779000+00:00,31.7772,131.8483,22.0,6.2,mww,"43 km ESE of Miyazaki, Japan",2019,5
2019-05-03 07:25:31.787000+00:00,-6.9478,160.1125,27.0,6.2,mww,"144 km NNE of Buala, Solomon Islands",2019,5
2019-04-29 14:19:52.499000+00:00,10.8649,57.2283,10.0,6.3,mww,Carlsberg Ridge,2019,4
2019-04-23 05:37:53.147000+00:00,11.7547,125.2013,56.0,6.4,mww,"17 km ESE of Tutubigan, Philippines",2019,4
2019-04-22 09:11:12.013000+00:00,14.9538,120.5149,21.84,6.1,mww,"3 km WSW of San Francisco, Philippines",2019,4
2019-04-18 14:46:01.733000+00:00,-51.127,139.321,10.0,6.3,mww,western Indian-Antarctic Ridge,2019,4
2019-04-18 05:01:06.493000+00:00,24.0374,121.6501,20.0,6.1,mww,"8 km NE of Hualien City, Taiwan",2019,4
2019-04-12 14:51:31.603000+00:00,-6.4883,148.7394,30.0,6.0,mww,"94 km WSW of Kandrian, Papua New Guinea",2019,4
2019-04-12 12:23:04.870000+00:00,-15.4067,-172.8171,15.36,6.0,mww,"121 km ENE of Hihifo, Tonga",2019,4
2019-04-12 11:40:49.363000+00:00,-1.8146,122.5798,15.46,6.8,mww,"Sulawesi, Indonesia",2019,4
2019-04-11 08:18:21.380000+00:00,40.4096,143.2985,18.0,6.0,mww,"143 km NE of Miyako, Japan",2019,4
2019-04-09 17:53:58.423000+00:00,-58.6262,-25.304,38.0,6.5,mww,South Sandwich Islands region,2019,4
2019-04-05 16:14:16.716000+00:00,-55.9308,-27.8522,57.0,6.4,mww,South Sandwich Islands region,2019,4
2019-04-02 21:35:30.049000+00:00,52.1702,178.0709,7.98,6.4,mww,"Rat Islands, Aleutian Islands, Alaska",2019,4
2019-04-01 18:39:05.857000+00:00,-18.2058,65.3656,10.0,6.0,mww,"262 km NE of Port Mathurin, Mauritius",2019,4
2019-03-31 07:04:04.795000+00:00,-1.9446,-80.8101,18.0,6.2,mww,"31 km N of Santa Elena, Ecuador",2019,3
2019-03-30 11:20:42.559000+00:00,-5.7003,151.1053,41.0,6.2,mww,"108 km E of Kimbe, Papua New Guinea",2019,3
2019-03-28 22:06:49.401000+00:00,50.4951,159.943,9.0,6.2,mww,"266 km ESE of Ozernovskiy, Russia",2019,3
2019-03-24 04:37:35.918000+00:00,1.6601,126.3955,45.0,6.1,mww,"146 km NW of Ternate, Indonesia",2019,3
2019-03-10 12:48:00.607000+00:00,-10.1317,152.0647,9.0,6.0,mww,"162 km ENE of Samarai, Papua New Guinea",2019,3
2019-03-08 15:06:12.620000+00:00,10.384,126.006,30.0,6.0,mww,"40 km N of Santa Monica, Philippines",2019,3
2019-03-06 15:46:14.900000+00:00,-32.0238,-177.8845,29.0,6.4,mww,south of the Kermadec Islands,2019,3
2019-02-14 19:57:04.980000+00:00,35.4267,-36.0378,10.0,6.2,mww,northern Mid-Atlantic Ridge,2019,2
2019-02-02 09:27:36.030000+00:00,-2.8462,100.0743,20.0,6.0,mww,"170 km WSW of Sungai Penuh, Indonesia",2019,2
2019-02-01 16:14:12.329000+00:00,14.6802,-92.4527,66.0,6.7,mww,"5 km SW of Puerto Madero, Mexico",2019,2
2019-01-22 19:01:43.580000+00:00,-43.1219,42.3568,13.0,6.7,mww,Prince Edward Islands region,2019,1
2019-01-22 05:10:03.480000+00:00,-10.4148,119.0165,24.0,6.3,mww,"160 km WSW of Waingapu, Indonesia",2019,1
2019-01-21 23:59:23.860000+00:00,-10.3278,119.1521,26.0,6.0,mww,"142 km WSW of Waingapu, Indonesia",2019,1
2019-01-20 01:32:52.480000+00:00,-30.0404,-71.3815,63.0,6.7,mww,"10 km SSW of Coquimbo, Chile",2019,1
2019-01-18 13:18:31.030000+00:00,-19.2036,168.7446,38.67,6.0,mww,"67 km WNW of Isangel, Vanuatu",2019,1
2019-01-17 15:06:35.650000+00:00,-3.2307,146.3889,10.0,6.2,mww,"164 km SW of Lorengau, Papua New Guinea",2019,1
2019-01-15 18:06:34.300000+00:00,-13.336,166.8752,35.0,6.6,mww,"94 km NW of Sola, Vanuatu",2019,1
2019-01-08 12:39:30.950000+00:00,30.5872,131.0441,35.0,6.3,mww,"16 km SSE of Nishinoomote, Japan",2019,1
2019-01-06 17:27:18.980000+00:00,2.258,126.758,43.21,6.6,mww,Molucca Sea,2019,1
2018-12-31 02:35:37.670000+00:00,54.4266,-161.5131,31.0,6.0,mww,"87 km SE of King Cove, Alaska",2018,12
2018-12-29 03:39:09.740000+00:00,5.8983,126.9209,60.21,7.0,mww,"96 km ESE of Pondaguitan, Philippines",2018,12
2018-12-24 12:41:19.250000+00:00,55.3439,164.5099,10.0,6.1,mww,"161 km SE of Ust’-Kamchatsk Staryy, Russia",2018,12
2018-12-22 14:25:01.180000+00:00,-13.4,166.8151,42.0,6.0,mww,"95 km WNW of Sola, Vanuatu",2018,12
2018-12-20 17:01:55.150000+00:00,55.0999,164.6993,16.56,7.3,mww,"187 km SE of Ust’-Kamchatsk Staryy, Russia",2018,12
2018-12-19 01:37:40.500000+00:00,-36.1378,-101.0723,10.0,6.3,mww,southeast of Easter Island,2018,12
2018-12-16 09:42:37.200000+00:00,-3.9226,140.2323,61.97,6.1,mww,"153 km SSW of Abepura, Indonesia",2018,12
2018-12-12 13:13:56.180000+00:00,-55.6687,-128.6641,10.0,6.3,mww,Pacific-Antarctic Ridge,2018,12
2018-12-05 06:43:04.130000+00:00,-22.0629,169.7331,10.0,6.6,mww,"199 km ESE of Tadine, New Caledonia",2018,12
2018-12-05 04:18:08.420000+00:00,-21.9496,169.4266,10.0,7.5,mww,"166 km ESE of Tadine, New Caledonia",2018,12
2018-12-05 04:14:36.490000+00:00,-22.0161,169.3495,10.0,6.3,mb,"160 km ESE of Tadine, New Caledonia",2018,12
2018-11-30 17:29:29.330000+00:00,61.3464,-149.9552,46.7,7.1,mw,"1 km SE of Point MacKenzie, Alaska",2018,11
2018-11-25 16:37:32.830000+00:00,34.3609,45.7443,18.0,6.3,mww,"15 km SW of Sarpol-e Z?ah?b, Iran",2018,11
2018-11-25 03:40:50.810000+00:00,13.1817,-81.0931,10.0,6.0,mww,"36 km SE of Mountain, Colombia",2018,11
2018-11-16 03:26:55.640000+00:00,-10.5383,163.1676,10.0,6.2,mww,"136 km E of Kirakira, Solomon Islands",2018,11
2018-11-15 23:09:01.060000+00:00,-56.2363,-122.0441,10.0,6.3,mww,southern East Pacific Rise,2018,11
2018-11-15 20:02:22.920000+00:00,-56.7065,-25.546,15.0,6.4,mww,South Sandwich Islands region,2018,11
2018-11-14 21:21:50.870000+00:00,55.6414,161.9943,49.0,6.1,mww,"71 km SSW of Ust’-Kamchatsk Staryy, Russia",2018,11
2018-11-11 14:03:59.560000+00:00,15.5653,-49.8719,10.0,6.3,mww,North Atlantic Ocean,2018,11
2018-11-10 08:33:21.140000+00:00,-20.4538,-174.0081,35.0,6.1,mww,"79 km SSE of Pangai, Tonga",2018,11
2018-11-09 01:49:40.050000+00:00,71.6312,-11.2431,10.0,6.7,mww,"120 km NW of Olonkinbyen, Svalbard and Jan Mayen",2018,11
2018-10-29 06:54:21.250000+00:00,-57.434,-66.3834,10.0,6.3,mww,Drake Passage,2018,10
2018-10-28 22:23:53.420000+00:00,13.0346,-90.3687,22.0,6.1,mww,"85 km SW of Acajutla, El Salvador",2018,10
2018-10-25 22:54:52.630000+00:00,37.5203,20.5565,14.0,6.8,mww,"32 km SW of Lithakiá, Greece",2018,10
2018-10-22 06:22:48.120000+00:00,49.297,-129.7237,10.0,6.5,mww,"237 km SW of Port McNeill, Canada",2018,10
2018-10-22 06:16:26.450000+00:00,49.3346,-129.289,10.0,6.8,mww,"210 km SW of Port McNeill, Canada",2018,10
2018-10-22 05:39:39.590000+00:00,49.2586,-129.4124,10.0,6.5,mww,"223 km SW of Port McNeill, Canada",2018,10
2018-10-16 01:03:43.580000+00:00,-21.7427,169.5217,17.0,6.5,mww,"171 km E of Tadine, New Caledonia",2018,10
2018-10-16 00:28:13.060000+00:00,-21.9232,169.4869,12.0,6.3,mww,"171 km ESE of Tadine, New Caledonia",2018,10
2018-10-10 23:16:02.130000+00:00,49.2902,156.2968,20.0,6.5,mww,"154 km S of Severo-Kuril’sk, Russia",2018,10
2018-10-10 20:48:20.100000+00:00,-5.7012,151.2046,39.0,7.0,mww,"119 km E of Kimbe, Papua New Guinea",2018,10
2018-10-10 20:45:25.300000+00:00,-5.7433,151.3533,41.56,6.1,mb,"136 km E of Kimbe, Papua New Guinea",2018,10
2018-10-10 18:44:55.280000+00:00,-7.4525,114.4553,9.0,6.0,mww,"49 km NE of Panji, Indonesia",2018,10
2018-10-09 07:45:11.640000+00:00,49.3959,156.2425,19.0,6.1,mww,"142 km S of Severo-Kuril’sk, Russia",2018,10
2018-10-01 23:59:42.740000+00:00,-10.5585,120.2424,29.0,6.0,mww,"99 km S of Waingapu, Indonesia",2018,10
2018-09-28 10:02:45.250000+00:00,-0.2559,119.8462,20.0,7.5,mww,"72 km N of Palu, Indonesia",2018,9
2018-09-28 06:59:59.740000+00:00,-0.4009,119.7705,4.99,6.1,mww,"57 km NNW of Palu, Indonesia",2018,9
2018-09-18 07:27:41.320000+00:00,-37.8135,49.7765,10.0,6.0,mww,Southwest Indian Ridge,2018,9
2018-09-10 19:31:37.420000+00:00,-21.988,170.1584,12.0,6.3,mww,"240 km ESE of Tadine, New Caledonia",2018,9
2018-09-09 19:31:35.090000+00:00,-10.0207,161.5025,68.0,6.5,mww,"66 km NW of Kirakira, Solomon Islands",2018,9
2018-09-08 07:16:49.620000+00:00,7.2377,126.4779,10.0,6.2,mww,"7 km WNW of Manay, Philippines",2018,9
2018-09-05 18:07:59.150000+00:00,42.6861,141.9294,35.0,6.6,mww,"27 km ESE of Chitose, Japan",2018,9
2018-08-29 03:51:56.100000+00:00,-22.0295,170.1262,21.43,7.1,mww,"238 km ESE of Tadine, New Caledonia",2018,8
2018-08-28 22:35:13.410000+00:00,16.8044,146.8395,55.0,6.4,mww,"211 km NNE of Saipan, Northern Mariana Islands",2018,8
2018-08-28 07:08:11.360000+00:00,-10.773,124.1871,14.0,6.2,mww,"92 km SE of Kupang, Indonesia",2018,8
2018-08-25 22:13:25.620000+00:00,34.6111,46.2422,10.0,6.0,mww,"32 km SW of Jav?nr?d, Iran",2018,8
2018-08-23 03:35:12.270000+00:00,51.35,-177.7604,20.0,6.3,mww,"97 km SW of Adak, Alaska",2018,8
2018-08-22 09:31:45.530000+00:00,43.5637,-127.7166,10.0,6.2,mww,"272 km W of Bandon, Oregon",2018,8
2018-08-21 22:32:26.470000+00:00,-16.0315,168.1428,9.0,6.5,mww,"78 km E of Lakatoro, Vanuatu",2018,8
2018-08-19 14:56:27.490000+00:00,-8.319,116.6272,21.0,6.9,mww,"20 km NNW of Labuan Lombok, Indonesia",2018,8
2018-08-19 04:10:22.640000+00:00,-8.3366,116.5993,16.0,6.3,mww,"19 km NNW of Labuan Lombok, Indonesia",2018,8
2018-08-17 23:22:24.950000+00:00,8.7791,-83.1527,15.0,6.1,mww,"19 km NNW of Golfito, Costa Rica",2018,8
2018-08-16 18:22:53.360000+00:00,23.4226,143.3187,20.0,6.3,mww,"Volcano Islands, Japan region",2018,8
2018-08-15 21:56:56.310000+00:00,51.4234,-178.0262,33.93,6.5,mww,"108 km WSW of Adak, Alaska",2018,8
2018-08-14 03:29:52.100000+00:00,-58.1339,-25.2725,25.0,6.1,mww,South Sandwich Islands region,2018,8
2018-08-12 21:15:00.999000+00:00,69.5227,-144.3388,16.2,6.0,mw,"73 km SSW of Kaktovik, Alaska",2018,8
2018-08-12 14:58:53.503000+00:00,69.5762,-145.291,15.8,6.4,mw,"89 km SW of Kaktovik, Alaska",2018,8
2018-08-10 18:12:07.020000+00:00,48.4593,154.939,27.0,6.0,mww,"261 km SSW of Severo-Kuril’sk, Russia",2018,8
2018-08-05 11:46:38.630000+00:00,-8.2581,116.4375,34.0,6.9,mww,"36 km NW of Labuan Lombok, Indonesia",2018,8
2018-07-28 22:47:38.740000+00:00,-8.2395,116.508,14.0,6.4,mww,"33 km NNW of Labuan Lombok, Indonesia",2018,7
2018-07-23 10:35:59.590000+00:00,-0.2994,-19.252,10.0,6.0,mww,central Mid-Atlantic Ridge,2018,7
2018-07-19 18:30:32.710000+00:00,-6.1139,148.7302,29.62,6.0,mww,"91 km W of Kandrian, Papua New Guinea",2018,7
2018-07-17 07:02:53.020000+00:00,-11.5936,166.432,37.96,6.0,mww,"118 km SE of Lata, Solomon Islands",2018,7
2018-07-15 13:09:16.470000+00:00,13.8484,51.717,10.0,6.0,mww,"192 km NNW of Kilmia, Yemen",2018,7
2018-07-15 01:57:19.410000+00:00,14.0625,51.7365,10.0,6.0,mww,"214 km NNW of Kilmia, Yemen",2018,7
2018-07-07 21:33:49.640000+00:00,-30.5662,-178.0701,35.0,6.0,mww,"Kermadec Islands, New Zealand",2018,7
2018-07-06 01:40:04.610000+00:00,51.4994,157.8404,45.0,6.1,mww,"93 km E of Ozernovskiy, Russia",2018,7
2018-06-21 21:13:32.660000+00:00,-17.7905,168.0568,28.0,6.1,mww,"27 km WSW of Port-Vila, Vanuatu",2018,6
2018-05-18 01:45:31.460000+00:00,-34.5886,-178.4143,11.0,6.1,mww,south of the Kermadec Islands,2018,5
2018-05-09 07:57:54.950000+00:00,-5.8822,151.7836,9.0,6.0,mww,"178 km SSW of Kokopo, Papua New Guinea",2018,5
2018-05-05 06:19:05.040000+00:00,14.5708,123.9192,18.0,6.1,mww,"64 km NNW of Pandan, Philippines",2018,5
2018-05-04 22:32:54.650000+00:00,19.3181667,-154.9996667,5.81,6.9,mw,"18 km SSW of Leilani Estates, Hawaii",2018,5
2018-05-02 06:32:49.020000+00:00,-24.2723,-111.6328,10.0,6.0,mww,Easter Island region,2018,5
2018-04-19 21:09:17+00:00,-42.7797,42.1877,10.0,6.0,mww,Prince Edward Islands region,2018,4
2018-04-15 19:30:43.200000+00:00,1.4083,126.8759,34.0,6.0,mww,"88 km NW of Ternate, Indonesia",2018,4
2018-04-10 10:19:34.370000+00:00,-31.0258,-71.5292,66.0,6.2,mww,"56 km SW of Ovalle, Chile",2018,4
2018-04-07 05:48:40.010000+00:00,-5.8382,142.5314,18.07,6.3,mww,"45 km W of Tari, Papua New Guinea",2018,4
2018-04-05 03:53:38.410000+00:00,6.8325,126.7785,34.0,6.0,mww,"43 km ESE of Tarragona, Philippines",2018,4
2018-03-29 21:25:36.790000+00:00,-5.5321,151.4999,35.0,6.9,mww,"150 km E of Kimbe, Papua New Guinea",2018,3
2018-03-26 09:51:00.430000+00:00,-5.5024,151.4025,40.0,6.7,mww,"140 km E of Kimbe, Papua New Guinea",2018,3
2018-03-24 19:58:33.380000+00:00,-45.7783,96.0692,10.0,6.0,mww,southeast Indian Ridge,2018,3
2018-03-24 11:23:32.050000+00:00,-5.4959,151.4971,33.0,6.3,mww,"150 km E of Kimbe, Papua New Guinea",2018,3
2018-03-08 17:39:51.100000+00:00,-4.3762,153.1996,22.86,6.8,mww,"103 km E of Kokopo, Papua New Guinea",2018,3
2018-03-06 14:13:07.650000+00:00,-6.3043,142.6116,20.49,6.7,mww,"62 km SW of Tari, Papua New Guinea",2018,3
2018-03-04 19:56:17.890000+00:00,-6.331,142.5994,10.0,6.0,mww,"66 km SW of Tari, Papua New Guinea",2018,3
2018-02-28 02:45:45.430000+00:00,-6.1696,142.4681,16.0,6.1,mww,"63 km SW of Tari, Papua New Guinea",2018,2
2018-02-27 17:29:22.580000+00:00,-60.2494,150.7793,10.0,6.1,mww,west of Macquarie Island,2018,2
2018-02-26 15:18:00.280000+00:00,-6.5052,143.255,19.0,6.3,mww,"59 km SW of Mendi, Papua New Guinea",2018,2
2018-02-26 13:34:53.530000+00:00,-2.7774,126.6859,9.0,6.1,mww,"194 km WNW of Ambon, Indonesia",2018,2
2018-02-25 17:44:44.140000+00:00,-6.0699,142.7536,25.21,7.5,mww,"32 km SW of Tari, Papua New Guinea",2018,2
2018-02-16 23:39:39.280000+00:00,16.3855,-97.9787,22.0,7.2,mww,"4 km S of Pinotepa de Don Luis, Mexico",2018,2
2018-02-11 23:14:15.080000+00:00,13.8205,146.4377,10.0,6.0,mww,"154 km SE of San Jose Village, Northern Mariana Islands",2018,2
2018-02-06 15:50:43.320000+00:00,24.1338,121.6586,17.0,6.4,mww,"18 km NNE of Hualien City, Taiwan",2018,2
2018-02-04 13:56:41.950000+00:00,24.1572,121.7078,12.0,6.1,mww,"22 km NNE of Hualien City, Taiwan",2018,2
2018-02-01 11:05:50.630000+00:00,-16.5186,-177.4612,10.0,6.0,mww,"254 km SSE of Alo, Wallis and Futuna",2018,2
2018-01-28 16:03:03.970000+00:00,-53.0623,9.6842,10.0,6.6,mww,southwest of Africa,2018,1
2018-01-26 22:47:57.760000+00:00,-3.5138,145.8477,10.0,6.3,mww,"188 km N of Madang, Papua New Guinea",2018,1
2018-01-25 02:10:34.820000+00:00,55.5423,166.4497,11.15,6.2,mww,"259 km ESE of Ust’-Kamchatsk Staryy, Russia",2018,1
2018-01-24 10:51:19.090000+00:00,41.1034,142.4323,31.0,6.3,mww,"99 km ENE of Misawa, Japan",2018,1
2018-01-23 09:31:40.890000+00:00,56.0039,-149.1658,14.06,7.9,mww,"261 km SE of Chiniak, Alaska",2018,1
2018-01-19 16:17:44.720000+00:00,26.6862,-111.0785,10.0,6.3,mww,"79 km NNE of Loreto, Mexico",2018,1
2018-01-14 09:18:45.540000+00:00,-15.7675,-74.7092,39.0,7.1,mww,"37 km W of Atiquipa, Peru",2018,1
2018-01-11 18:26:24.240000+00:00,18.3719,96.0717,9.0,6.0,mww,"40 km WSW of Pyu, Myanmar",2018,1
2018-01-10 02:51:33.290000+00:00,17.4825,-83.52,19.0,7.5,mww,"203 km NNE of Barra Patuca, Honduras",2018,1
2017-12-13 18:03:43.920000+00:00,-54.2189,2.1628,17.0,6.5,mww,Bouvet Island region,2017,12
2017-12-12 21:41:31.140000+00:00,30.8275,57.2982,8.0,6.0,mww,"63 km NNE of Kerman, Iran",2017,12
2017-12-12 08:43:18.320000+00:00,30.7372,57.2795,12.0,6.0,mww,"53 km NNE of Kerman, Iran",2017,12
2017-12-09 15:14:24.770000+00:00,10.0928,140.2016,10.0,6.1,mww,"50 km NW of Fais, Micronesia",2017,12
2017-12-08 09:51:08.050000+00:00,10.0116,140.1871,8.0,6.3,mww,"45 km NW of Fais, Micronesia",2017,12
2017-12-08 00:22:54.200000+00:00,10.1164,140.2197,12.79,6.4,mww,"50 km NW of Fais, Micronesia",2017,12
2017-12-03 11:19:05.440000+00:00,-0.47,-80.3101,17.0,6.1,mww,"18 km NE of Bahía de Caráquez, Ecuador",2017,12
2017-12-01 02:49:58.490000+00:00,-6.1346,147.6564,34.0,6.0,mww,"51 km NNW of Finschhafen, Papua New Guinea",2017,12
2017-12-01 02:32:46.040000+00:00,30.7464,57.307,9.0,6.1,mww,"55 km NNE of Kerman, Iran",2017,12
2017-11-30 06:32:50.760000+00:00,-1.0802,-23.4323,10.0,6.5,mww,central Mid-Atlantic Ridge,2017,11
2017-11-27 07:11:11.620000+00:00,-4.5746,153.2269,54.0,6.0,mww,"109 km ESE of Kokopo, Papua New Guinea",2017,11
2017-11-20 18:51:07.610000+00:00,-14.7243,-175.0485,9.0,6.0,mww,"191 km NW of Hihifo, Tonga",2017,11
2017-11-20 00:09:23.730000+00:00,-21.4848,168.8088,10.0,6.0,mww,"96 km E of Tadine, New Caledonia",2017,11
2017-11-19 22:43:29.250000+00:00,-21.3246,168.6715,10.0,7.0,mww,"85 km ENE of Tadine, New Caledonia",2017,11
2017-11-19 15:09:02.880000+00:00,-21.5027,168.5984,13.0,6.6,mww,"74 km E of Tadine, New Caledonia",2017,11
2017-11-19 09:25:48.730000+00:00,-21.6377,168.6729,14.0,6.3,mww,"82 km E of Tadine, New Caledonia",2017,11
2017-11-17 22:34:19.450000+00:00,29.8333,94.9838,8.0,6.4,mww,"156 km NNE of Shi Yomi, India",2017,11
2017-11-13 02:28:23.680000+00:00,9.5147,-84.4865,19.36,6.5,mww,"18 km W of Parrita, Costa Rica",2017,11
2017-11-12 18:18:17.180000+00:00,34.9109,45.9592,19.0,7.3,mww,"29 km S of ?alabja, Iraq",2017,11
2017-11-11 00:36:14.980000+00:00,-11.7424,-14.1142,10.0,6.1,mww,Ascension Island region,2017,11
2017-11-09 07:42:11.020000+00:00,32.5208,141.438,12.0,6.0,mww,"Izu Islands, Japan region",2017,11
2017-11-04 09:00:19.420000+00:00,-15.3197,-173.1682,10.0,6.8,mww,"97 km NE of Hihifo, Tonga",2017,11
2017-11-01 02:23:57.670000+00:00,-21.6484,168.8585,22.0,6.6,mww,"101 km E of Tadine, New Caledonia",2017,11
2017-11-01 00:09:30.120000+00:00,-21.7278,168.9342,11.0,6.1,mww,"110 km E of Tadine, New Caledonia",2017,11
2017-10-31 11:50:48.370000+00:00,-3.7449,127.7517,6.0,6.1,mww,"48 km W of Ambon, Indonesia",2017,10
2017-10-31 00:42:08.720000+00:00,-21.6971,169.1485,24.0,6.7,mww,"132 km E of Tadine, New Caledonia",2017,10
2017-10-18 12:00:59.080000+00:00,-20.5914,-173.8022,10.0,6.1,mww,"103 km SE of Pangai, Tonga",2017,10
2017-10-10 18:53:27.830000+00:00,-54.2632,8.6086,9.0,6.7,mww,Bouvet Island region,2017,10
2017-10-08 20:48:58.420000+00:00,-61.7467,154.5985,10.0,6.2,mww,Balleny Islands region,2017,10
2017-10-08 14:04:38.500000+00:00,-18.9903,-175.5659,10.0,6.1,mww,"156 km NW of Pangai, Tonga",2017,10
2017-10-06 07:59:32.880000+00:00,37.5033,144.0201,9.0,6.2,mww,"259 km ESE of Ishinomaki, Japan",2017,10
2017-09-23 12:53:01.480000+00:00,16.6258,-95.0778,10.0,6.1,mww,"7 km NNE of Ixtepec, Mexico",2017,9
2017-09-20 16:37:16.360000+00:00,37.9814,144.6601,11.0,6.1,mww,"282 km ESE of Kamaishi, Japan",2017,9
2017-09-20 01:43:25.980000+00:00,-50.7087,162.6317,8.0,6.1,mww,"Auckland Islands, New Zealand region",2017,9
2017-09-19 18:14:38.090000+00:00,18.5499,-98.4887,48.0,7.1,mww,"1 km S of Matzaco, Mexico",2017,9
2017-09-08 04:49:19.180000+00:00,15.0222,-93.8993,47.39,8.2,mww,"2017 Tehuantepec, Mexico Earthquake",2017,9
2017-09-04 08:07:34.500000+00:00,-57.7387,-25.6131,25.0,6.1,mww,South Sandwich Islands region,2017,9
2017-09-03 03:30:01.760000+00:00,41.3324,129.0297,0.0,6.3,mb,"21 km ENE of S?ngjibaegam, North Korea",2017,9
2017-08-31 17:06:55.750000+00:00,-1.159,99.6881,43.14,6.3,mww,"76 km SW of Pariaman, Indonesia",2017,8
2017-08-27 04:17:51+00:00,-1.4525,148.08,8.0,6.3,mww,"110 km NE of Lorengau, Papua New Guinea",2017,8
2017-08-18 02:59:25.640000+00:00,-1.112,-13.6605,35.0,6.6,mww,north of Ascension Island,2017,8
2017-08-13 03:08:10.560000+00:00,-3.7682,101.6228,31.0,6.4,mww,"71 km W of Bengkulu, Indonesia",2017,8
2017-08-08 23:27:53.080000+00:00,44.3023,82.8317,20.0,6.3,mww,"102 km NNW of Xinyuan, China",2017,8
2017-08-08 13:19:49.540000+00:00,33.1926,103.8552,9.0,6.5,mww,"168 km SW of Mawu, China",2017,8
2017-07-27 17:53:24.610000+00:00,13.396,-49.3259,10.0,6.0,mww,North Atlantic Ocean,2017,7
2017-07-26 10:32:57.430000+00:00,26.8975,130.1836,12.0,6.0,mww,"176 km SSE of Naze, Japan",2017,7
2017-07-20 22:31:11.260000+00:00,36.9293,27.4139,7.0,6.6,mww,"11 km ENE of Kos, Greece",2017,7
2017-07-19 12:16:23.560000+00:00,-17.4154,66.4836,10.0,6.0,mww,Mauritius - Reunion region,2017,7
2017-07-18 02:05:19.750000+00:00,-16.4161,-73.6357,43.68,6.4,mww,"22 km S of Atico, Peru",2017,7
2017-07-17 23:34:13.740000+00:00,54.4434,168.857,10.0,7.7,mww,"Komandorskiye Ostrova, Russia region",2017,7
2017-07-17 11:05:09.060000+00:00,54.5802,168.6484,9.0,6.3,mww,"Komandorskiye Ostrova, Russia region",2017,7
2017-07-13 03:36:08.640000+00:00,-4.7787,153.2109,34.0,6.4,mww,"115 km ESE of Kokopo, Papua New Guinea",2017,7
2017-07-11 07:00:01.190000+00:00,-49.4837,164.0157,10.0,6.6,mww,"Auckland Islands, New Zealand region",2017,7
2017-07-06 08:03:57.550000+00:00,11.1269,124.6286,9.0,6.5,mww,"2 km S of Lim-oo, Philippines",2017,7
2017-06-30 22:29:45.140000+00:00,-0.2849,-80.4927,13.0,6.0,mww,"35 km NNW of Bahía de Caráquez, Ecuador",2017,6
2017-06-28 18:20:55.450000+00:00,-30.3103,-177.6618,19.0,6.0,mww,"Kermadec Islands, New Zealand",2017,6
2017-06-25 17:42:24.410000+00:00,-19.5519,-176.2265,10.0,6.0,mww,"198 km W of Pangai, Tonga",2017,6
2017-06-22 12:31:03.490000+00:00,13.7174,-90.9718,38.12,6.8,mww,"28 km SW of Puerto San José, Guatemala",2017,6
2017-06-15 00:26:17.550000+00:00,-30.5156,-178.0563,34.0,6.0,mww,"Kermadec Islands, New Zealand",2017,6
2017-06-12 12:28:39.150000+00:00,38.9296,26.365,12.0,6.3,mww,"5 km S of Plomári, Greece",2017,6
2017-06-02 22:24:47.440000+00:00,54.0312,170.9196,5.0,6.8,mww,"200 km NW of Attu Station, Alaska",2017,6
2017-05-29 14:35:21.510000+00:00,-1.2923,120.4313,12.0,6.6,mww,"37 km WNW of Poso, Indonesia",2017,5
2017-05-15 13:22:38.630000+00:00,-4.022,152.4781,10.0,6.2,mww,"40 km ENE of Rabaul, Papua New Guinea",2017,5
2017-05-12 10:41:26.710000+00:00,12.9187,-90.0611,16.0,6.2,mww,"78 km SSW of Acajutla, El Salvador",2017,5
2017-05-10 23:23:36.830000+00:00,-56.414,-25.7432,15.0,6.5,mww,South Sandwich Islands region,2017,5
2017-05-09 01:54:14.550000+00:00,24.45,126.3174,10.0,6.0,mww,"110 km ESE of Hirara, Japan",2017,5
2017-05-08 17:00:47.520000+00:00,51.7344,-178.5875,13.0,6.2,mww,"135 km W of Adak, Alaska",2017,5
2017-05-03 04:47:13.380000+00:00,39.4939,71.4438,11.0,6.0,mww,"29 km NNW of Karakenja, Tajikistan",2017,5
2017-05-01 14:18:15.290000+00:00,59.8295,-136.7042,2.53,6.3,mww,"48 km NW of Mosquito Lake, Alaska",2017,5
2017-05-01 12:31:55.590000+00:00,59.8209,-136.7114,10.0,6.2,mww,"47 km NW of Mosquito Lake, Alaska",2017,5
2017-04-28 20:23:17.260000+00:00,5.5043,125.0658,26.0,6.9,mww,"31 km SW of Burias, Philippines",2017,4
2017-04-24 21:38:30.820000+00:00,-33.0375,-72.0617,28.0,6.9,mww,"40 km W of Valparaíso, Chile",2017,4
2017-04-23 02:36:07.830000+00:00,-33.0354,-72.0296,21.0,6.0,mww,"37 km W of Valparaíso, Chile",2017,4
2017-04-05 06:09:12.200000+00:00,35.7755,60.4363,13.0,6.1,mww,"61 km NNW of Torbat-e J?m, Iran",2017,4
2017-04-03 17:40:18.560000+00:00,-22.6784,25.1558,29.0,6.5,mww,"132 km WSW of Moijabana, Botswana",2017,4
2017-03-29 04:09:24.190000+00:00,56.9401,162.7861,17.0,6.6,mww,"81 km NNE of Ust’-Kamchatsk Staryy, Russia",2017,3
2017-03-27 10:50:20.190000+00:00,52.7586,172.2616,20.0,6.2,mww,"63 km W of Attu Station, Alaska",2017,3
2017-03-19 15:43:25.690000+00:00,-8.1364,160.7536,8.37,6.0,mww,"70 km N of Auki, Solomon Islands",2017,3
2017-03-14 02:51:16.770000+00:00,6.1457,92.3044,10.0,6.0,mww,"Nicobar Islands, India region",2017,3
2017-03-05 22:47:53.970000+00:00,-5.9945,149.3619,37.0,6.3,mww,"31 km NW of Kandrian, Papua New Guinea",2017,3
2017-03-04 02:58:20.280000+00:00,-7.3277,155.748,17.0,6.1,mww,"115 km SSE of Panguna, Papua New Guinea",2017,3
2017-02-10 14:03:43.920000+00:00,9.9071,125.4516,15.0,6.5,mww,"11 km N of Mabua, Philippines",2017,2
2017-02-07 22:03:56.390000+00:00,25.1912,63.2644,29.07,6.3,mww,"22 km WSW of Pasni, Pakistan",2017,2
2017-01-19 23:04:21.150000+00:00,-10.3506,161.3355,36.0,6.5,mww,"65 km W of Kirakira, Solomon Islands",2017,1
2017-01-10 15:27:14.780000+00:00,-10.1132,161.0271,26.0,6.3,mww,"104 km WNW of Kirakira, Solomon Islands",2017,1
2017-01-08 23:47:14.420000+00:00,74.3859,-92.4156,31.0,6.0,mww,"Devon Island, Nunavut, Canada",2017,1
2017-01-03 22:40:12.570000+00:00,-19.1207,176.1875,10.0,6.0,mww,"195 km SW of Nadi, Fiji",2017,1
2017-01-03 21:52:30.670000+00:00,-19.3733,176.0518,12.0,6.9,mww,"225 km SW of Nadi, Fiji",2017,1
2016-12-25 14:22:27.010000+00:00,-43.4064,-73.9413,38.0,7.6,mww,"41 km SW of Quellón, Chile",2016,12
2016-12-24 01:32:16.040000+00:00,-5.2453,153.5754,35.0,6.0,mww,"175 km SE of Kokopo, Papua New Guinea",2016,12
2016-12-20 12:33:14.240000+00:00,-10.1785,160.9149,10.0,6.0,mww,"114 km WNW of Kirakira, Solomon Islands",2016,12
2016-12-20 04:21:29.150000+00:00,-10.175,161.2271,20.0,6.4,mww,"81 km WNW of Kirakira, Solomon Islands",2016,12
2016-12-18 09:47:06.130000+00:00,8.3725,137.6736,19.0,6.2,mww,"135 km SSW of Colonia, Micronesia",2016,12
2016-12-17 11:27:36.170000+00:00,-5.6291,154.0216,8.43,6.3,mww,"178 km WNW of Panguna, Papua New Guinea",2016,12
2016-12-14 02:01:22.810000+00:00,21.2897,144.4037,22.37,6.0,mww,Mariana Islands region,2016,12
2016-12-09 19:10:06.840000+00:00,-10.749,161.1316,19.73,6.9,mww,"92 km WSW of Kirakira, Solomon Islands",2016,12
2016-12-08 21:56:07.500000+00:00,-10.8416,161.3137,12.26,6.5,mww,"79 km WSW of Kirakira, Solomon Islands",2016,12
2016-12-08 17:38:46.280000+00:00,-10.6812,161.3273,40.0,7.8,mww,"69 km WSW of Kirakira, Solomon Islands",2016,12
2016-12-08 14:49:45.910000+00:00,40.4535,-126.1936,8.45,6.6,mww,"164 km W of Ferndale, California",2016,12
2016-12-08 05:15:04.600000+00:00,43.8229,86.3451,17.55,6.0,mww,"58 km SSE of Shihezi, China",2016,12
2016-12-06 22:03:33.390000+00:00,5.2834,96.1678,13.0,6.5,mww,"14 km WNW of Reuleuet, Indonesia",2016,12
2016-12-01 22:40:26.610000+00:00,-15.3122,-70.827,12.0,6.2,mww,"22 km SW of Vilavila, Peru",2016,12
2016-11-25 14:24:30.710000+00:00,39.2732,73.9776,17.0,6.6,mww,"122 km N of Murghob, Tajikistan",2016,11
2016-11-24 18:43:47.710000+00:00,11.9097,-88.8968,10.0,6.9,mww,"156 km SSW of Puerto El Triunfo, El Salvador",2016,11
2016-11-21 20:59:49.270000+00:00,37.3931,141.387,9.0,6.9,mww,"35 km ESE of Namie, Japan",2016,11
2016-11-14 00:34:22.610000+00:00,-42.6058,173.2543,9.0,6.5,mww,"74 km NE of Amberley, New Zealand",2016,11
2016-11-13 13:31:25.660000+00:00,-42.3093,173.6961,2.09,6.2,mww,"90 km SSW of Blenheim, New Zealand",2016,11
2016-11-13 11:52:45.010000+00:00,-42.1762,173.6227,13.99,6.1,mww,"78 km SSW of Blenheim, New Zealand",2016,11
2016-11-13 11:32:06.540000+00:00,-42.3205,173.6694,10.0,6.5,mww,"92 km SSW of Blenheim, New Zealand",2016,11
2016-11-13 11:02:56.340000+00:00,-42.7373,173.054,15.11,7.8,mww,"53 km NNE of Amberley, New Zealand",2016,11
2016-11-11 21:42:59.650000+00:00,38.4973,141.5658,42.4,6.1,mww,"24 km ENE of Ishinomaki, Japan",2016,11
2016-11-08 04:55:45.900000+00:00,-36.5776,-73.5603,20.0,6.0,mww,"42 km WNW of Talcahuano, Chile",2016,11
2016-11-01 19:03:30.100000+00:00,-6.1039,148.6588,51.99,6.0,mww,"99 km W of Kandrian, Papua New Guinea",2016,11
2016-10-30 06:40:18.670000+00:00,42.8621,13.0961,8.0,6.6,mww,"5 km ESE of Preci, Italy",2016,10
2016-10-27 20:32:55.790000+00:00,-33.7771,-72.5321,12.57,6.0,mww,"88 km WSW of San Antonio, Chile",2016,10
2016-10-26 19:18:08.430000+00:00,42.9564,13.0666,10.0,6.1,mww,"2 km NNW of Visso, Italy",2016,10
2016-10-26 05:19:49.930000+00:00,-15.4371,-174.8622,10.0,6.1,mww,"127 km WNW of Hihifo, Tonga",2016,10
2016-10-21 05:07:22.990000+00:00,35.3743,133.8092,5.63,6.2,mww,"6 km S of Kurayoshi, Japan",2016,10
2016-10-17 06:14:58.270000+00:00,-6.0033,148.8871,42.0,6.8,mww,"76 km WNW of Kandrian, Papua New Guinea",2016,10
2016-09-23 22:53:10.400000+00:00,6.5717,126.4918,65.0,6.3,mww,"36 km SE of Tamisan, Philippines",2016,9
2016-09-23 00:14:34.700000+00:00,34.4619,141.6368,10.0,6.2,mww,"142 km ESE of Katsuura, Japan",2016,9
2016-09-20 16:21:16.550000+00:00,30.5017,142.0478,9.0,6.1,mww,"Izu Islands, Japan region",2016,9
2016-09-17 01:20:17.940000+00:00,-2.0829,140.5718,9.0,6.0,mww,"52 km NNW of Jayapura, Indonesia",2016,9
2016-09-14 07:25:00.070000+00:00,-9.329,159.1673,14.0,6.0,mww,"72 km NW of Malango, Solomon Islands",2016,9
2016-09-14 01:58:31.570000+00:00,7.3736,-76.1686,18.0,6.0,mww,"32 km ENE of Mutatá, Colombia",2016,9
2016-09-08 21:46:20.100000+00:00,-54.6136,158.7126,10.0,6.1,mww,Macquarie Island region,2016,9
2016-09-05 22:54:03.930000+00:00,54.4153,168.5415,8.0,6.1,mww,"Komandorskiye Ostrova, Russia region",2016,9
2016-09-01 17:14:06.060000+00:00,-37.0522,178.9291,13.73,6.1,mww,"179 km NE of Opotiki, New Zealand",2016,9
2016-09-01 16:37:57.300000+00:00,-37.3586,179.1461,19.0,7.0,mww,"175 km NE of Gisborne, New Zealand",2016,9
2016-08-29 04:29:57.860000+00:00,-0.0456,-17.8255,10.0,7.1,mww,north of Ascension Island,2016,8
2016-08-24 01:36:32.870000+00:00,42.723,13.1877,4.44,6.2,mww,"5 km WNW of Accumoli, Italy",2016,8
2016-08-21 03:45:23.780000+00:00,-55.3133,-31.7508,12.0,6.1,mww,South Georgia Island region,2016,8
2016-08-20 09:01:26.210000+00:00,40.3942,143.6796,10.0,6.0,mww,"170 km ENE of Miyako, Japan",2016,8
2016-08-19 07:32:22.710000+00:00,-55.2852,-31.8766,10.0,7.4,mww,South Georgia Island region,2016,8
2016-08-18 18:09:43.940000+00:00,-55.9035,-123.2414,10.0,6.0,mww,southern East Pacific Rise,2016,8
2016-08-12 01:26:36.280000+00:00,-22.4765,173.1167,16.37,7.2,mww,southeast of the Loyalty Islands,2016,8
2016-07-25 19:38:45.560000+00:00,-2.969,148.0345,14.0,6.4,mww,"133 km SE of Lorengau, Papua New Guinea",2016,7
2016-07-13 12:11:12.830000+00:00,-28.0052,-176.443,12.0,6.3,mww,Kermadec Islands region,2016,7
2016-07-11 02:11:04.800000+00:00,0.5812,-79.638,21.0,6.3,mww,"33 km NNW of Rosa Zarate, Ecuador",2016,7
2016-07-10 13:44:40.680000+00:00,-15.083,-173.2011,8.0,6.0,mww,"115 km NNE of Hihifo, Tonga",2016,7
2016-06-30 11:30:33.050000+00:00,-16.0558,167.4701,27.0,6.0,mww,"7 km NE of Lakatoro, Vanuatu",2016,6
2016-06-26 11:17:11.280000+00:00,39.4793,73.3388,13.0,6.4,mww,"92 km E of Kyzyl-Eshme, Kyrgyzstan",2016,6
2016-06-21 16:26:34.420000+00:00,22.6582,-45.1402,10.0,6.1,mww,northern Mid-Atlantic Ridge,2016,6
2016-06-20 03:50:55.240000+00:00,-20.2072,168.7595,15.0,6.0,mww,"91 km SW of Isangel, Vanuatu",2016,6
2016-06-19 09:47:23.600000+00:00,-20.2793,169.0737,13.0,6.3,mww,"84 km SSW of Isangel, Vanuatu",2016,6
2016-06-10 04:17:44.840000+00:00,-8.6757,160.559,30.4,6.2,mww,"18 km WNW of Auki, Solomon Islands",2016,6
2016-06-10 03:25:22.920000+00:00,12.8318,-86.9633,10.0,6.1,mww,Nicaragua,2016,6
2016-06-09 04:13:08.130000+00:00,-11.2487,116.2669,19.0,6.1,mww,"279 km S of Lembar, Indonesia",2016,6
2016-06-07 19:15:15.330000+00:00,1.2789,126.3712,31.0,6.3,mww,"125 km WNW of Ternate, Indonesia",2016,6
2016-06-07 10:51:37.720000+00:00,18.3637,-105.1731,10.0,6.3,mww,"106 km SSW of Barra de Navidad, Mexico",2016,6
2016-06-06 02:35:32.390000+00:00,-30.0235,-177.8359,43.83,6.1,mww,"Kermadec Islands, New Zealand",2016,6
2016-06-01 22:56:00.800000+00:00,-2.0967,100.6654,50.0,6.6,mww,"80 km W of Sungai Penuh, Indonesia",2016,6
2016-05-20 18:14:04.670000+00:00,-25.5655,129.8841,10.0,6.0,mww,"116 km WSW of Yulara, Australia",2016,5
2016-05-18 16:46:43.860000+00:00,0.4947,-79.616,29.95,6.9,mww,"24 km NW of Rosa Zarate, Ecuador",2016,5
2016-05-18 07:57:02.650000+00:00,0.4261,-79.7899,16.0,6.7,mww,"32 km SE of Muisne, Ecuador",2016,5
2016-04-29 01:33:38.910000+00:00,10.2752,-103.7363,10.0,6.6,mww,northern East Pacific Rise,2016,4
2016-04-28 19:33:24.070000+00:00,-16.0429,167.3786,24.0,7.0,mww,"3 km NW of Norsup, Vanuatu",2016,4
2016-04-27 12:51:19.440000+00:00,14.5178,-93.0882,16.0,6.0,mww,"75 km WSW of Puerto Madero, Mexico",2016,4
2016-04-25 07:07:08.600000+00:00,14.479,-93.1509,16.0,6.0,mww,"83 km WSW of Puerto Madero, Mexico",2016,4
2016-04-22 03:03:41.720000+00:00,-0.2921,-80.5039,10.0,6.0,mww,"34 km NNW of Bahía de Caráquez, Ecuador",2016,4
2016-04-20 08:35:10.620000+00:00,0.7079,-80.0352,10.0,6.0,mwb,"10 km N of Muisne, Ecuador",2016,4
2016-04-20 08:33:47.330000+00:00,0.639,-80.2104,14.0,6.2,mww,"21 km W of Muisne, Ecuador",2016,4
2016-04-19 05:25:39.940000+00:00,-55.7283,-27.2307,14.0,6.2,mww,South Sandwich Islands region,2016,4
2016-04-16 23:58:36.980000+00:00,0.3819,-79.9218,20.59,7.8,mww,"27 km SSE of Muisne, Ecuador",2016,4
2016-04-15 16:25:06.220000+00:00,32.7906,130.7543,10.0,7.0,mww,"6 km ESE of Kumamoto, Japan",2016,4
2016-04-15 14:11:26.430000+00:00,13.4008,-92.367,22.41,6.1,mww,"110 km SSW of Champerico, Guatemala",2016,4
2016-04-14 21:50:27.680000+00:00,-14.5284,166.4334,16.0,6.4,mww,"89 km NW of Port-Olry, Vanuatu",2016,4
2016-04-14 15:03:47.240000+00:00,32.6973,130.7204,8.0,6.0,mww,"5 km ENE of Uto, Japan",2016,4
2016-04-14 12:26:35.730000+00:00,32.788,130.7042,9.0,6.2,mww,"2 km SSE of Kumamoto, Japan",2016,4
2016-04-13 18:21:52.730000+00:00,7.7917,122.0231,17.0,6.0,mww,"15 km NW of Siocon, Philippines",2016,4
2016-04-07 03:32:53.500000+00:00,-13.9805,166.5943,27.59,6.7,mww,"104 km W of Sola, Vanuatu",2016,4
2016-04-06 14:45:29.620000+00:00,-8.2036,107.3857,29.0,6.1,mww,"111 km S of Banjar, Indonesia",2016,4
2016-04-06 06:58:48.210000+00:00,-14.0683,166.6245,24.0,6.7,mww,"102 km WSW of Sola, Vanuatu",2016,4
2016-04-03 08:23:52.320000+00:00,-14.3235,166.8551,26.0,6.9,mww,"82 km NNW of Port-Olry, Vanuatu",2016,4
2016-04-02 05:50:00.932000+00:00,57.008,-157.9322,11.4,6.2,mw,"42 km E of Port Heiden, Alaska",2016,4
2016-04-01 19:24:55.370000+00:00,-3.3585,144.887,6.0,6.2,mww,"119 km NE of Angoram, Papua New Guinea",2016,4
2016-03-20 22:50:20.430000+00:00,54.294,162.8129,30.0,6.4,mww,"216 km S of Ust’-Kamchatsk Staryy, Russia",2016,3
2016-03-19 11:26:33.230000+00:00,17.996,-60.7019,26.0,6.0,mww,"126 km ENE of Codrington, Antigua and Barbuda",2016,3
2016-03-19 01:35:12.170000+00:00,51.5145,-174.1423,17.0,6.0,mww,"75 km S of Atka, Alaska",2016,3
2016-03-12 18:06:44.760000+00:00,51.5648,-173.9423,19.0,6.3,mww,"72 km SSE of Atka, Alaska",2016,3
2016-03-02 12:49:48.110000+00:00,-4.9521,94.3299,24.0,7.8,mww,"southwest of Sumatra, Indonesia",2016,3
2016-02-27 21:29:43.570000+00:00,-51.7897,139.5956,10.0,6.1,mww,western Indian-Antarctic Ridge,2016,2
2016-02-22 06:36:59.400000+00:00,-30.4242,-72.2967,12.0,6.0,mww,"105 km WSW of Coquimbo, Chile",2016,2
2016-02-17 17:26:02.210000+00:00,0.8597,129.0605,9.0,6.0,mww,"151 km SE of Tobelo, Indonesia",2016,2
2016-02-16 23:48:35.680000+00:00,-55.7841,-125.1659,13.0,6.1,mww,southern East Pacific Rise,2016,2
2016-02-15 15:02:32.890000+00:00,-20.9981,-175.4788,10.0,6.0,mww,"32 km WNW of Haveluloto, Tonga",2016,2
2016-02-12 10:02:24.050000+00:00,-9.6338,119.4013,28.0,6.3,mww,"94 km W of Waingapu, Indonesia",2016,2
2016-02-10 00:33:05.340000+00:00,-30.5723,-71.5838,29.0,6.3,mww,"37 km W of Ovalle, Chile",2016,2
2016-02-08 16:19:12.780000+00:00,-6.6207,154.7421,29.0,6.4,mww,"88 km WSW of Panguna, Papua New Guinea",2016,2
2016-02-05 19:57:27.380000+00:00,22.9375,120.6014,23.0,6.4,mww,"25 km SE of Yujing, Taiwan",2016,2
2016-01-31 17:38:59.950000+00:00,-63.263,169.1485,10.0,6.1,mww,Balleny Islands region,2016,1
2016-01-26 03:10:20.750000+00:00,-5.2952,153.2454,26.0,6.1,mww,"151 km SE of Kokopo, Papua New Guinea",2016,1
2016-01-25 04:22:02.730000+00:00,35.6493,-3.6818,12.0,6.3,mww,"49 km NNE of Al Hoceïma, Morocco",2016,1
2016-01-21 18:06:57.650000+00:00,18.8239,-106.9337,10.0,6.6,mww,"203 km SW of La Cruz de Loreto, Mexico",2016,1
2016-01-14 03:25:33.640000+00:00,41.9723,142.781,46.0,6.7,mww,"52 km SE of Shizunai-furukawach?, Japan",2016,1
2016-01-11 16:38:05.900000+00:00,3.8965,126.8621,13.0,6.5,mww,"227 km SE of Sarangani, Philippines",2016,1
2016-01-05 09:34:14.620000+00:00,-54.2906,-136.2603,10.0,6.0,mww,Pacific-Antarctic Ridge,2016,1
2016-01-03 23:05:22.270000+00:00,24.8036,93.6505,55.0,6.7,mww,"29 km W of Imph?l, India",2016,1
2016-01-01 02:00:39.950000+00:00,-50.5575,139.4489,10.0,6.3,mww,western Indian-Antarctic Ridge,2016,1
2015-12-24 19:44:03.130000+00:00,-55.755,-123.1158,12.28,6.2,mww,southern East Pacific Rise,2015,12
2015-12-20 18:47:36.610000+00:00,3.6455,117.6359,14.0,6.1,mww,"37 km N of Tarakan, Indonesia",2015,12
2015-12-19 02:10:53.360000+00:00,-18.3819,169.3857,10.0,6.0,mww,"128 km N of Isangel, Vanuatu",2015,12
2015-12-09 12:58:01.780000+00:00,-16.7374,175.2475,10.0,6.1,mww,"253 km WNW of Lautoka, Fiji",2015,12
2015-12-09 10:21:48.530000+00:00,-4.1064,129.5079,21.0,6.9,mww,"107 km SE of Amahai, Indonesia",2015,12
2015-12-07 07:50:05.950000+00:00,38.2107,72.7797,22.0,7.2,mww,"104 km W of Murghob, Tajikistan",2015,12
2015-12-04 22:25:00.110000+00:00,-47.6165,85.0913,35.0,7.1,mww,southeast Indian Ridge,2015,12
2015-11-27 21:00:22.920000+00:00,-24.828,-70.6009,34.0,6.2,mww,"65 km N of Taltal, Chile",2015,11
2015-11-18 18:31:04.570000+00:00,-8.8994,158.4217,12.59,6.8,mww,"153 km WSW of Buala, Solomon Islands",2015,11
2015-11-17 07:10:07.300000+00:00,38.67,20.6,11.0,6.5,mww,"19 km SSW of Lefkáda, Greece",2015,11
2015-11-13 20:51:31.030000+00:00,31.0009,128.8729,12.0,6.7,mww,"140 km WSW of Makurazaki, Japan",2015,11
2015-11-11 02:46:19.830000+00:00,-29.5097,-72.0585,10.0,6.9,mww,"85 km NW of Coquimbo, Chile",2015,11
2015-11-11 01:54:38.570000+00:00,-29.5067,-72.0068,12.0,6.9,mww,"81 km NW of Coquimbo, Chile",2015,11
2015-11-09 16:03:46.070000+00:00,51.6394,-173.0746,15.0,6.5,mww,"99 km SE of Atka, Alaska",2015,11
2015-11-08 16:47:02.160000+00:00,6.8431,94.648,10.0,6.6,mww,"Nicobar Islands, India region",2015,11
2015-11-07 07:31:43.870000+00:00,-30.8796,-71.4519,46.0,6.8,mww,"39 km SW of Ovalle, Chile",2015,11
2015-11-07 07:04:31.380000+00:00,-29.4642,-72.3015,13.0,6.2,mww,"107 km WNW of Coquimbo, Chile",2015,11
2015-11-04 03:44:15.190000+00:00,-8.3381,124.8754,20.0,6.5,mww,"47 km NW of Maubara, Timor Leste",2015,11
2015-10-23 04:04:18.140000+00:00,-45.8146,37.1711,10.0,6.0,mww,Prince Edward Islands region,2015,10
2015-10-23 01:40:06.320000+00:00,-54.2258,6.1653,11.0,6.2,mww,Bouvet Island region,2015,10
2015-10-18 16:18:35.520000+00:00,-16.2018,-173.2608,12.0,6.0,mww,"63 km ESE of Hihifo, Tonga",2015,10
2015-10-14 05:43:08.300000+00:00,48.8595,156.2259,12.0,6.0,mww,"202 km S of Severo-Kuril’sk, Russia",2015,10
2015-10-11 00:58:27.170000+00:00,-54.4856,-135.708,10.0,6.1,mww,Pacific-Antarctic Ridge,2015,10
2015-09-26 02:51:18.830000+00:00,-30.8148,-71.3217,46.0,6.3,mww,"26 km SSW of Ovalle, Chile",2015,9
2015-09-24 15:53:27.740000+00:00,-0.6212,131.2622,18.0,6.6,mww,"28 km N of Sorong, Indonesia",2015,9
2015-09-22 07:13:00.520000+00:00,-31.4441,-71.2653,58.0,6.0,mww,"22 km NNW of Illapel, Chile",2015,9
2015-09-21 17:40:00.060000+00:00,-31.7275,-71.3792,35.0,6.6,mww,"22 km WSW of Illapel, Chile",2015,9
2015-09-21 05:39:34.910000+00:00,-31.5757,-71.7431,30.0,6.1,mww,"54 km W of Illapel, Chile",2015,9
2015-09-19 12:52:20.920000+00:00,-32.3335,-72.0629,18.0,6.2,mww,"79 km W of La Ligua, Chile",2015,9
2015-09-19 05:06:47.500000+00:00,-29.6411,-72.077,6.0,6.1,mww,"79 km WNW of Coquimbo, Chile",2015,9
2015-09-18 15:59:42.640000+00:00,15.2767,-45.9886,10.0,6.0,mww,northern Mid-Atlantic Ridge,2015,9
2015-09-18 09:10:44.730000+00:00,-32.3681,-72.2292,8.0,6.2,mww,"92 km NW of Valparaíso, Chile",2015,9
2015-09-17 04:10:27.780000+00:00,-31.5173,-71.804,23.0,6.7,mww,"61 km WNW of Illapel, Chile",2015,9
2015-09-17 03:55:15.430000+00:00,-31.4244,-71.6876,27.0,6.5,mww,"54 km WNW of Illapel, Chile",2015,9
2015-09-17 01:41:05.870000+00:00,-31.1043,-71.6504,42.32,6.4,mww,"70 km SW of Ovalle, Chile",2015,9
2015-09-16 23:18:41.850000+00:00,-31.5622,-71.4262,28.41,7.0,mww,"25 km WNW of Illapel, Chile",2015,9
2015-09-16 23:16:09.440000+00:00,-31.6,-71.9189,35.0,6.1,mb,"71 km W of Illapel, Chile",2015,9
2015-09-16 23:03:56.560000+00:00,-31.7502,-71.7425,19.1,6.1,mwr,"55 km WSW of Illapel, Chile",2015,9
2015-09-16 22:59:15+00:00,-31.618,-71.745,26.7,6.4,mb,"54 km W of Illapel, Chile",2015,9
2015-09-16 22:54:32.860000+00:00,-31.5729,-71.6744,22.44,8.3,mww,"48 km W of Illapel, Chile",2015,9
2015-09-16 14:03:22.110000+00:00,-6.0114,151.4768,6.0,6.1,mww,"156 km ESE of Kimbe, Papua New Guinea",2015,9
2015-09-16 07:40:58.690000+00:00,1.8841,126.4288,41.55,6.3,mww,"161 km NW of Ternate, Indonesia",2015,9
2015-09-13 08:14:08.560000+00:00,24.913,-109.6226,10.0,6.7,mww,"95 km SW of Topolobampo, Mexico",2015,9
2015-09-10 10:26:44.810000+00:00,52.0985,-169.5349,20.0,6.0,mww,"104 km SSW of Nikolski, Alaska",2015,9
2015-09-07 09:13:56.600000+00:00,-32.8199,-177.8599,17.0,6.3,mww,south of the Kermadec Islands,2015,9
2015-09-01 15:25:09.520000+00:00,31.1806,141.6,8.0,6.0,mww,"Izu Islands, Japan region",2015,9
2015-08-15 07:47:06.500000+00:00,-10.8968,163.8226,8.0,6.4,mww,"213 km ESE of Kirakira, Solomon Islands",2015,8
2015-08-13 10:39:53.840000+00:00,-37.0152,78.0623,10.0,6.0,mww,Mid-Indian Ridge,2015,8
2015-08-12 18:49:24.080000+00:00,-9.3293,157.8772,6.43,6.5,mww,"177 km SE of Gizo, Solomon Islands",2015,8
2015-08-10 04:12:15.810000+00:00,-9.3438,158.0525,22.0,6.6,mww,"186 km WNW of Malango, Solomon Islands",2015,8
2015-07-27 21:41:21.710000+00:00,-2.6286,138.5277,48.0,7.0,mww,"234 km W of Abepura, Indonesia",2015,7
2015-07-27 04:49:46.400000+00:00,52.376,-169.4458,29.0,6.9,mww,"Fox Islands, Aleutian Islands, Alaska",2015,7
2015-07-18 02:27:33.820000+00:00,-10.4012,165.1409,11.0,7.0,mww,"80 km WNW of Lata, Solomon Islands",2015,7
2015-07-16 15:16:33.780000+00:00,13.8672,-58.5479,20.0,6.5,mww,"128 km NE of Bathsheba, Barbados",2015,7
2015-07-10 04:12:42.540000+00:00,-9.307,158.403,12.0,6.7,mww,"150 km WNW of Malango, Solomon Islands",2015,7
2015-07-07 05:10:28.120000+00:00,43.9097,147.9748,49.0,6.3,mww,"101 km E of Shikotan, Russia",2015,7
2015-07-03 06:43:21.540000+00:00,10.1691,125.8907,32.0,6.1,mww,"23 km NW of Santa Monica, Philippines",2015,7
2015-07-03 01:07:47.290000+00:00,37.4593,78.1542,20.0,6.4,mww,"57 km WNW of Zangguy, China",2015,7
2015-07-01 19:35:21.460000+00:00,-10.9911,162.5558,12.0,6.0,mww,"91 km SE of Kirakira, Solomon Islands",2015,7
2015-06-30 03:39:29.410000+00:00,-5.4513,151.5457,43.0,6.0,mww,"146 km SSW of Kokopo, Papua New Guinea",2015,6
2015-06-25 18:45:57.450000+00:00,-32.0722,-178.3241,10.0,6.0,mww,south of the Kermadec Islands,2015,6
2015-06-20 02:10:07.100000+00:00,-36.3601,-73.812,11.0,6.4,mww,"74 km WNW of Talcahuano, Chile",2015,6
2015-06-17 12:51:32.790000+00:00,-35.3639,-17.1605,10.0,7.0,mww,southern Mid-Atlantic Ridge,2015,6
2015-06-12 11:07:08.040000+00:00,-15.6758,-173.0098,48.0,6.0,mww,"89 km ENE of Hihifo, Tonga",2015,6
2015-06-08 06:01:08.300000+00:00,41.5615,142.0308,42.0,6.1,mww,"74 km ENE of Mutsu, Japan",2015,6
2015-06-04 23:15:43.910000+00:00,5.9867,116.5409,10.0,6.0,mww,"14 km WNW of Ranau, Malaysia",2015,6
2015-05-30 18:49:07.340000+00:00,30.7856,142.9722,6.05,6.2,mww,"Izu Islands, Japan region",2015,5
2015-05-30 17:18:35.040000+00:00,-15.7216,-173.3817,10.0,6.0,mwc,"51 km ENE of Hihifo, Tonga",2015,5
2015-05-24 14:38:59.510000+00:00,-19.3933,-175.9627,10.0,6.2,mww,"175 km WNW of Pangai, Tonga",2015,5
2015-05-24 04:53:23.630000+00:00,-16.855,-14.1708,10.0,6.3,mww,southern Mid-Atlantic Ridge,2015,5
2015-05-22 23:59:33.770000+00:00,-11.1093,163.2154,10.0,6.8,mww,"159 km ESE of Kirakira, Solomon Islands",2015,5
2015-05-22 21:45:19.480000+00:00,-11.0559,163.6959,11.19,6.9,mww,"205 km ESE of Kirakira, Solomon Islands",2015,5
2015-05-20 22:48:53.420000+00:00,-10.8759,164.1694,11.0,6.8,mww,"178 km W of Lata, Solomon Islands",2015,5
2015-05-19 15:25:21.080000+00:00,-54.3312,-132.1618,7.2,6.7,mww,Pacific-Antarctic Ridge,2015,5
2015-05-12 21:12:58.890000+00:00,38.9056,142.0317,35.0,6.8,mww,"32 km SE of ?funato, Japan",2015,5
2015-05-12 07:36:54.490000+00:00,27.625,86.1617,15.0,6.3,mww,"42 km SSE of Kod?ri??, Nepal",2015,5
2015-05-12 07:05:19.730000+00:00,27.8087,86.0655,15.0,7.3,mww,Nepal,2015,5
2015-05-10 21:25:46.440000+00:00,31.2373,142.0157,6.0,6.0,mww,"Izu Islands, Japan region",2015,5
2015-05-07 07:10:19.590000+00:00,-7.2175,154.5567,10.0,7.1,mww,"143 km SW of Panguna, Papua New Guinea",2015,5
2015-05-05 01:44:06.380000+00:00,-5.4624,151.8751,55.0,7.5,mww,"131 km SSW of Kokopo, Papua New Guinea",2015,5
2015-05-03 22:32:39.010000+00:00,-5.6314,151.6757,24.0,6.0,mww,"156 km SSW of Kokopo, Papua New Guinea",2015,5
2015-05-01 08:06:52.250000+00:00,-5.4912,151.8715,35.0,6.0,mb,"134 km SSW of Kokopo, Papua New Guinea",2015,5
2015-05-01 08:06:03.480000+00:00,-5.2005,151.7773,44.0,6.8,mww,"109 km SSW of Kokopo, Papua New Guinea",2015,5
2015-04-30 10:45:02.930000+00:00,-5.375,151.7706,31.0,6.7,mww,"126 km SSW of Kokopo, Papua New Guinea",2015,4
2015-04-26 07:09:10.670000+00:00,27.7711,86.0173,22.91,6.7,mww,"21 km SSE of Kod?ri??, Nepal",2015,4
2015-04-25 06:45:21.320000+00:00,28.2244,84.8216,10.0,6.6,mww,"71 km NNE of Bharatpur, Nepal",2015,4
2015-04-25 06:15:22.910000+00:00,27.6285,85.5398,10.0,6.1,mb,"0 km NNW of Dhulikhel, Nepal",2015,4
2015-04-25 06:11:25.950000+00:00,28.2305,84.7314,8.22,7.8,mww,"67 km NNE of Bharatpur, Nepal",2015,4
2015-04-24 13:56:15.180000+00:00,51.6148,-130.7714,8.0,6.2,mww,"282 km WNW of Port McNeill, Canada",2015,4
2015-04-24 03:36:42.400000+00:00,-42.0602,173.0066,48.0,6.1,mww,"73 km S of Wakefield, New Zealand",2015,4
2015-04-20 12:00:00.070000+00:00,24.0471,122.4532,29.0,6.1,mww,"72 km SW of Yonakuni, Japan",2015,4
2015-04-20 11:45:13.440000+00:00,24.0851,122.453,29.0,6.0,mww,"69 km SW of Yonakuni, Japan",2015,4
2015-04-20 01:42:58.380000+00:00,24.2026,122.3158,29.0,6.4,mww,"75 km WSW of Yonakuni, Japan",2015,4
2015-04-17 15:52:51.480000+00:00,-15.8815,-178.6005,10.0,6.5,mww,"181 km SSW of Alo, Wallis and Futuna",2015,4
2015-04-16 18:07:43.610000+00:00,35.1891,26.8235,20.0,6.0,mww,"26 km SSW of Fry, Greece",2015,4
2015-04-07 00:46:21.830000+00:00,-15.1676,-173.2247,30.0,6.3,mww,"106 km NE of Hihifo, Tonga",2015,4
2015-03-31 12:18:24.200000+00:00,-4.8946,152.49,39.0,6.0,mww,"65 km SSE of Kokopo, Papua New Guinea",2015,3
2015-03-30 08:48:25.340000+00:00,-15.4994,-173.0293,11.0,6.5,mww,"96 km ENE of Hihifo, Tonga",2015,3
2015-03-30 08:18:01.340000+00:00,-15.392,-172.9409,14.54,6.4,mww,"110 km NE of Hihifo, Tonga",2015,3
2015-03-30 07:56:53.230000+00:00,-15.4296,-173.049,10.0,6.0,mww,"98 km NE of Hihifo, Tonga",2015,3
2015-03-29 23:48:31.010000+00:00,-4.7294,152.5623,41.0,7.5,mww,"53 km SE of Kokopo, Papua New Guinea",2015,3
2015-03-18 18:27:29.500000+00:00,-36.1167,-73.5219,13.0,6.2,mww,"75 km NW of Tomé, Chile",2015,3
2015-03-17 22:12:28.940000+00:00,1.6686,126.5217,44.0,6.2,mww,"136 km NW of Ternate, Indonesia",2015,3
2015-03-15 23:17:16.910000+00:00,-0.5409,122.3067,31.0,6.1,mww,"70 km NW of Luwuk, Indonesia",2015,3
2015-03-06 08:22:18.960000+00:00,-41.3157,80.6046,10.0,6.0,mww,Mid-Indian Ridge,2015,3
2015-03-03 10:37:30.050000+00:00,-0.7789,98.7161,28.0,6.1,mww,"157 km W of Pariaman, Indonesia",2015,3
2015-02-22 14:23:12.720000+00:00,18.6766,-106.848,5.0,6.2,mww,"207 km WSW of José María Morelos, Mexico",2015,2
2015-02-21 10:13:53.290000+00:00,39.8185,143.4861,7.0,6.0,mww,"133 km E of Miyako, Japan",2015,2
2015-02-20 04:25:23.380000+00:00,39.8244,143.5871,10.0,6.2,mww,"142 km E of Miyako, Japan",2015,2
2015-02-19 13:18:32.810000+00:00,-16.4311,168.1483,10.0,6.4,mww,Vanuatu,2015,2
2015-02-18 09:32:26.770000+00:00,-10.7598,164.1216,10.0,6.1,mww,"183 km W of Lata, Solomon Islands",2015,2
2015-02-16 23:06:28.270000+00:00,39.8558,142.8808,23.0,6.7,mww,"83 km ENE of Miyako, Japan",2015,2
2015-02-16 22:00:53.590000+00:00,-55.52,-28.2591,13.0,6.2,mww,South Sandwich Islands region,2015,2
2015-02-13 20:06:32.330000+00:00,22.6374,121.427,30.0,6.2,mww,Taiwan region,2015,2
2015-02-13 18:59:12.230000+00:00,52.6487,-31.9016,16.68,7.1,mww,northern Mid-Atlantic Ridge,2015,2
2015-01-30 17:57:56.440000+00:00,-21.2452,170.158,7.08,6.0,mww,"209 km SSE of Isangel, Vanuatu",2015,1
2015-01-07 05:07:07.510000+00:00,5.9045,-82.6576,8.0,6.5,mww,"236 km S of Punta de Burica, Panama",2015,1
2014-12-29 09:29:37.390000+00:00,8.6341,121.5213,8.0,6.1,mww,"122 km NNW of Siocon, Philippines",2014,12
2014-12-21 11:34:13.570000+00:00,2.0892,126.6483,41.0,6.3,mww,"156 km WNW of Tobelo, Indonesia",2014,12
2014-12-08 08:54:52.520000+00:00,7.9401,-82.6865,20.0,6.6,mww,"22 km ESE of Punta de Burica, Panama",2014,12
2014-12-07 21:16:35.740000+00:00,13.6717,-91.4731,32.0,6.1,mww,"61 km SSW of Nueva Concepción, Guatemala",2014,12
2014-12-07 01:22:02.180000+00:00,-6.5108,154.4603,23.0,6.6,mww,"115 km W of Panguna, Papua New Guinea",2014,12
2014-12-06 17:21:49.020000+00:00,7.9824,-82.7339,15.0,6.0,mww,"15 km ESE of Punta de Burica, Panama",2014,12
2014-11-26 14:33:43.640000+00:00,1.9604,126.5751,39.0,6.8,mww,"157 km NW of Ternate, Indonesia",2014,11
2014-11-22 13:08:18.420000+00:00,36.6408,137.8875,9.0,6.2,mww,"6 km SSE of Hakuba, Japan",2014,11
2014-11-21 10:10:19.630000+00:00,2.2999,127.0562,35.0,6.5,mww,"123 km WNW of Tobelo, Indonesia",2014,11
2014-11-17 16:52:46.850000+00:00,-46.3484,33.8037,10.0,6.1,mww,Prince Edward Islands region,2014,11
2014-11-16 22:33:20.450000+00:00,-37.6478,179.6621,22.0,6.7,mww,"183 km NE of Gisborne, New Zealand",2014,11
2014-11-15 02:31:41.720000+00:00,1.8929,126.5217,45.0,7.1,mww,"155 km NW of Ternate, Indonesia",2014,11
2014-11-13 10:24:18.270000+00:00,-15.2155,173.0845,10.0,6.0,mww,Fiji region,2014,11
2014-11-07 03:33:55.280000+00:00,-5.9873,148.2315,53.19,6.6,mww,"76 km NE of Finschhafen, Papua New Guinea",2014,11
2014-11-03 08:48:29.740000+00:00,-41.7317,79.9602,10.0,6.3,mww,Mid-Indian Ridge,2014,11
2014-11-02 17:17:04.410000+00:00,-61.2203,154.2778,10.0,6.0,mww,Balleny Islands region,2014,11
2014-11-01 10:59:54.610000+00:00,-31.852,-111.2436,10.0,6.0,mww,Easter Island region,2014,11
2014-10-28 03:15:37.950000+00:00,-15.2954,-174.6752,8.0,6.0,mww,"119 km NW of Hihifo, Tonga",2014,10
2014-10-14 03:51:34.460000+00:00,12.5262,-88.1225,40.0,7.3,mww,"74 km S of Intipucá, El Salvador",2014,10
2014-10-11 02:35:47.480000+00:00,41.0272,143.1649,22.0,6.1,mww,"152 km ENE of Hachinohe, Japan",2014,10
2014-10-09 02:32:05.140000+00:00,-32.0953,-110.8647,10.0,6.6,mww,southern East Pacific Rise,2014,10
2014-10-09 02:14:31.440000+00:00,-32.1082,-110.8112,16.54,7.0,mww,southern East Pacific Rise,2014,10
2014-10-08 02:40:53.110000+00:00,23.8441,-108.3311,10.0,6.1,mww,"96 km SSW of Altata, Mexico",2014,10
2014-10-07 13:49:39.720000+00:00,23.3834,100.4702,8.51,6.1,mww,"125 km SW of Jianshui, China",2014,10
2014-10-01 03:38:51.760000+00:00,-6.0706,149.5329,42.0,6.0,mww,"15 km N of Kandrian, Papua New Guinea",2014,10
2014-09-25 09:13:50+00:00,-9.4618,156.4122,4.0,6.1,mww,"157 km SSW of Gizo, Solomon Islands",2014,9
2014-09-10 02:46:06.430000+00:00,-0.2422,125.104,35.0,6.2,mww,"172 km S of Tondano, Indonesia",2014,9
2014-09-06 19:22:59.040000+00:00,18.7529,-107.0488,17.0,6.2,mww,"217 km SW of La Cruz de Loreto, Mexico",2014,9
2014-09-06 06:53:11.760000+00:00,-26.6478,-114.5,7.0,6.1,mww,Easter Island region,2014,9
2014-09-04 05:33:50.350000+00:00,-21.3869,-173.3232,35.0,6.0,mww,"168 km E of ‘Ohonua, Tonga",2014,9
2014-08-24 10:20:44.070000+00:00,38.2151667,-122.3123333,11.12,6.02,mw,"The 2014 South Napa, California Earthquake",2014,8
2014-08-23 22:32:23.320000+00:00,-32.6953,-71.4416,32.0,6.4,mww,"23 km WNW of Hacienda La Calera, Chile",2014,8
2014-08-18 18:08:22.750000+00:00,32.5827,47.7037,5.0,6.0,mww,"42 km ESE of Dehlor?n, Iran",2014,8
2014-08-18 02:32:05.350000+00:00,32.703,47.695,10.2,6.2,mww,"40 km E of Dehlor?n, Iran",2014,8
2014-08-10 03:43:17.240000+00:00,41.1585,142.1309,41.0,6.1,mww,"78 km E of Mutsu, Japan",2014,8
2014-08-06 11:45:22.680000+00:00,-7.2741,128.0364,10.0,6.2,mww,"179 km NE of Lospalos, Timor Leste",2014,8
2014-08-03 08:30:13.570000+00:00,27.1891,103.4086,12.0,6.2,mww,"33 km WSW of Zhaotong, China",2014,8
2014-08-03 00:22:03.680000+00:00,0.8295,146.1688,13.0,6.9,mww,Federated States of Micronesia region,2014,8
2014-07-29 13:27:40.080000+00:00,-3.422,146.769,9.77,6.0,mww,"163 km SSW of Lorengau, Papua New Guinea",2014,7
2014-07-27 01:28:37.440000+00:00,23.724,-45.5809,10.0,6.0,mww,northern Mid-Atlantic Ridge,2014,7
2014-07-25 10:54:50.417000+00:00,58.3354,-136.9711,10.0,6.0,mw,"40 km WNW of Elfin Cove, Alaska",2014,7
2014-07-20 18:32:47.790000+00:00,44.6419,148.7838,61.0,6.2,mww,"96 km SE of Kuril’sk, Russia",2014,7
2014-07-19 14:14:01.850000+00:00,11.7448,57.6382,10.0,6.0,mww,Owen Fracture Zone region,2014,7
2014-07-17 11:49:33.930000+00:00,60.2995,-140.3366,10.0,6.0,mww,"90 km NNW of Yakutat, Alaska",2014,7
2014-07-14 07:59:57.290000+00:00,5.7144,126.4776,20.0,6.3,mww,"78 km SSE of Pondaguitan, Philippines",2014,7
2014-07-11 19:22:00.820000+00:00,37.0052,142.4525,20.0,6.5,mww,"139 km ESE of Namie, Japan",2014,7
2014-07-07 11:23:54.780000+00:00,14.724,-92.4614,53.0,6.9,mww,"4 km W of Puerto Madero, Mexico",2014,7
2014-07-05 09:39:27.790000+00:00,1.9335,96.9388,20.0,6.0,mww,"86 km SE of Sinabang, Indonesia",2014,7
2014-07-04 15:00:27.860000+00:00,-6.2304,152.8075,20.0,6.5,mww,"217 km SSE of Kokopo, Papua New Guinea",2014,7
2014-07-03 19:50:07.290000+00:00,-30.4601,-176.4451,35.0,6.3,mww,Kermadec Islands region,2014,7
2014-07-02 05:53:29.200000+00:00,-62.3014,155.1868,10.0,6.0,mww,Balleny Islands region,2014,7
2014-06-29 17:15:09.340000+00:00,-14.9831,-175.5096,18.0,6.7,mww,"201 km SSE of Mata-Utu, Wallis and Futuna",2014,6
2014-06-29 15:52:23.050000+00:00,-14.7798,-175.2589,9.0,6.4,mww,"193 km SSE of Mata-Utu, Wallis and Futuna",2014,6
2014-06-29 14:32:49.420000+00:00,-55.3584,-28.1075,10.0,6.0,mwb,South Sandwich Islands region,2014,6
2014-06-29 07:52:55.170000+00:00,-55.4703,-28.3669,8.0,6.9,mww,South Sandwich Islands region,2014,6
2014-06-29 05:56:31.720000+00:00,24.3877,142.6278,48.0,6.2,mww,"Volcano Islands, Japan region",2014,6
2014-06-24 03:15:35.490000+00:00,52.2045,176.6981,4.0,6.3,mwb,"248 km ESE of Attu Station, Alaska",2014,6
2014-06-23 20:06:20.710000+00:00,-29.9414,-177.6073,26.59,6.7,mwc,"Kermadec Islands, New Zealand",2014,6
2014-06-23 19:21:45.990000+00:00,-29.9379,-177.5159,10.0,6.5,mwc,"Kermadec Islands, New Zealand",2014,6
2014-06-23 19:19:15.940000+00:00,-29.9772,-177.7247,20.0,6.9,mww,"Kermadec Islands, New Zealand",2014,6
2014-06-19 10:17:55.520000+00:00,-13.5585,166.8278,36.0,6.2,mww,"85 km WNW of Sola, Vanuatu",2014,6
2014-06-14 11:10:59.850000+00:00,-10.1229,91.0921,4.0,6.5,mww,South Indian Ocean,2014,6
2014-05-31 11:53:46.470000+00:00,18.7876,-107.469,5.0,6.2,mww,"250 km WSW of La Cruz de Loreto, Mexico",2014,5
2014-05-24 09:25:02.440000+00:00,40.2893,25.3889,6.43,6.9,mww,"21 km SSW of Kamariótissa, Greece",2014,5
2014-05-21 16:21:54.350000+00:00,18.2012,88.0376,47.23,6.0,mww,"276 km SE of Kon?rka, India",2014,5
2014-05-18 01:02:32.610000+00:00,4.2485,92.7574,35.0,6.0,mww,off the west coast of northern Sumatra,2014,5
2014-05-15 10:16:42.020000+00:00,9.3832,122.0604,15.46,6.3,mww,"51 km WSW of Alim, Philippines",2014,5
2014-05-15 08:16:34.440000+00:00,6.4264,144.9363,11.0,6.3,mww,"State of Yap, Federated States of Micronesia",2014,5
2014-05-14 20:56:13.210000+00:00,6.4507,144.9238,10.0,6.1,mww,"State of Yap, Federated States of Micronesia",2014,5
2014-05-13 06:35:24.240000+00:00,7.2096,-82.3045,10.0,6.5,mww,"110 km SE of Punta de Burica, Panama",2014,5
2014-05-12 18:38:36.700000+00:00,-49.9403,-114.7995,10.47,6.5,mww,southern East Pacific Rise,2014,5
2014-05-10 07:36:01.220000+00:00,17.2192,-100.8122,23.0,6.0,mww,"6 km W of Nuxco, Mexico",2014,5
2014-05-08 17:00:14.810000+00:00,17.2349,-100.7461,17.09,6.4,mww,"3 km NNE of Nuxco, Mexico",2014,5
2014-05-07 04:20:33.870000+00:00,-6.9599,154.9011,10.0,6.0,mww,"96 km SW of Panguna, Papua New Guinea",2014,5
2014-05-06 20:52:28.320000+00:00,-36.1703,-97.054,16.83,6.3,mww,West Chile Rise,2014,5
2014-05-05 11:08:43.420000+00:00,19.6557,99.6696,6.0,6.1,mww,"32 km SSW of Chiang Rai, Thailand",2014,5
2014-04-26 06:02:21+00:00,-20.752,-174.7068,45.0,6.1,mww,"56 km NE of Kolonga, Tonga",2014,4
2014-04-24 03:10:10.150000+00:00,49.6388,-127.7316,10.0,6.5,mww,"107 km WSW of Vernon, Canada",2014,4
2014-04-20 00:15:58.100000+00:00,-7.1646,155.3351,20.0,6.2,mww,"95 km S of Panguna, Papua New Guinea",2014,4
2014-04-19 13:28:00.810000+00:00,-6.7547,155.0241,43.37,7.5,mww,"70 km SW of Panguna, Papua New Guinea",2014,4
2014-04-19 01:04:03.820000+00:00,-6.6558,155.0869,29.0,6.6,mww,"57 km SW of Panguna, Papua New Guinea",2014,4
2014-04-18 14:27:24.920000+00:00,17.397,-100.9723,24.0,7.2,mww,"9 km ENE of Coyuquilla Norte, Mexico",2014,4
2014-04-18 04:13:12.040000+00:00,-11.1387,164.8139,10.0,6.1,mww,"116 km WSW of Lata, Solomon Islands",2014,4
2014-04-17 15:06:51.490000+00:00,-62.8705,155.7431,20.56,6.2,mww,Balleny Islands region,2014,4
2014-04-15 03:57:01.370000+00:00,-53.4967,8.722,11.18,6.8,mww,Bouvet Island region,2014,4
2014-04-13 13:24:59.710000+00:00,-11.1284,162.052,10.0,6.6,mww,"75 km S of Kirakira, Solomon Islands",2014,4
2014-04-13 12:36:19.230000+00:00,-11.4633,162.0511,39.0,7.4,mww,"112 km S of Kirakira, Solomon Islands",2014,4
2014-04-12 20:14:39.300000+00:00,-11.2701,162.1481,22.56,7.6,mww,"93 km SSE of Kirakira, Solomon Islands",2014,4
2014-04-12 05:24:23.270000+00:00,-7.1033,155.238,20.0,6.1,mww,"91 km SSW of Panguna, Papua New Guinea",2014,4
2014-04-11 08:16:45.660000+00:00,-6.7878,154.9502,20.0,6.5,mww,"78 km SW of Panguna, Papua New Guinea",2014,4
2014-04-11 07:07:23.130000+00:00,-6.5858,155.0485,60.53,7.1,mww,"56 km WSW of Panguna, Papua New Guinea",2014,4
2014-04-11 00:01:45.210000+00:00,-20.659,-70.6472,13.77,6.2,mww,"71 km SW of Iquique, Chile",2014,4
2014-04-10 23:27:45.600000+00:00,12.4029,-86.3783,13.0,6.1,mww,"16 km SW of Valle San Francisco, Nicaragua",2014,4
2014-04-04 11:40:32+00:00,-10.5365,161.7027,57.0,6.0,mww,"25 km WSW of Kirakira, Solomon Islands",2014,4
2014-04-04 01:37:50.570000+00:00,-20.6426,-70.654,13.71,6.3,mww,"70 km SW of Iquique, Chile",2014,4
2014-04-03 05:26:15.700000+00:00,-20.7969,-70.5865,25.0,6.4,mww,"79 km SW of Iquique, Chile",2014,4
2014-04-03 02:43:13.110000+00:00,-20.5709,-70.4931,22.4,7.7,mww,"53 km SW of Iquique, Chile",2014,4
2014-04-03 01:58:30.530000+00:00,-20.3113,-70.5756,24.07,6.5,mww,"45 km WSW of Iquique, Chile",2014,4
2014-04-02 16:13:26.720000+00:00,7.94,-82.34,25.0,6.0,mww,"33 km SSW of Boca Chica, Panama",2014,4
2014-04-01 23:57:58.790000+00:00,-19.8927,-70.9455,28.42,6.9,mww,"90 km WNW of Iquique, Chile",2014,4
2014-04-01 23:46:47.260000+00:00,-19.6097,-70.7691,25.0,8.2,mww,"93 km NW of Iquique, Chile",2014,4
2014-03-23 18:20:01.930000+00:00,-19.6899,-70.8538,21.0,6.3,mww,"93 km NW of Iquique, Chile",2014,3
2014-03-22 12:59:59.150000+00:00,-19.7625,-70.874,20.0,6.2,mww,"90 km WNW of Iquique, Chile",2014,3
2014-03-21 13:41:09.480000+00:00,7.7448,94.3342,21.54,6.4,mww,"232 km NNW of Sabang, Indonesia",2014,3
2014-03-17 05:11:34.860000+00:00,-20.0168,-70.8837,21.0,6.4,mww,"79 km WNW of Iquique, Chile",2014,3
2014-03-16 21:16:29.600000+00:00,-19.9807,-70.7022,20.0,6.7,mww,"63 km WNW of Iquique, Chile",2014,3
2014-03-15 23:51:32.970000+00:00,-5.5745,-80.9709,29.0,6.3,mww,"16 km W of Sechura, Peru",2014,3
2014-03-15 08:59:21.860000+00:00,-14.0848,-76.3113,20.0,6.1,mww,"24 km SSW of Paracas, Peru",2014,3
2014-03-11 22:03:09.810000+00:00,-3.0856,148.5531,7.0,6.1,mww,"183 km SE of Lorengau, Papua New Guinea",2014,3
2014-03-11 02:44:05.830000+00:00,-60.8623,-19.9775,10.0,6.4,mww,east of the South Sandwich Islands,2014,3
2014-03-10 05:18:13.430000+00:00,40.8286667,-125.1338333,16.441,6.8,mw,"77 km WNW of Indianola, California",2014,3
2014-03-02 22:17:14.400000+00:00,14.1833,-93.1535,18.47,6.0,mww,"98 km SW of Puerto Madero, Mexico",2014,3
2014-03-02 09:37:54.840000+00:00,12.5559,-87.6879,60.0,6.2,mww,"33 km SW of Jiquilillo, Nicaragua",2014,3
2014-02-18 09:27:13.120000+00:00,14.6682,-58.9272,14.83,6.5,mww,"171 km NNE of Greenland, Barbados",2014,2
2014-02-12 09:19:49.060000+00:00,35.9053,82.5864,10.0,6.9,mww,"272 km ESE of Hotan, China",2014,2
2014-02-09 14:56:39.110000+00:00,-5.9651,154.435,41.8,6.0,mww,"122 km WNW of Panguna, Papua New Guinea",2014,2
2014-02-03 03:08:46.190000+00:00,38.2637,20.3897,5.0,6.0,mww,"8 km NNW of Lixoúri, Greece",2014,2
2014-02-02 09:26:37.820000+00:00,-32.9076,-177.8806,44.26,6.5,mww,south of the Kermadec Islands,2014,2
2014-01-26 13:55:42.210000+00:00,38.2082,20.4528,8.0,6.1,mww,"1 km ENE of Lixoúri, Greece",2014,1
2014-01-25 05:14:18.510000+00:00,-7.9855,109.2653,66.0,6.1,mww,"39 km S of Kroya, Indonesia",2014,1
2014-01-21 01:29:07+00:00,-15.1443,-174.6812,6.12,6.1,mww,"130 km NW of Hihifo, Tonga",2014,1
2014-01-20 02:52:44.350000+00:00,-40.6595,175.8144,28.0,6.1,mww,"35 km NNE of Masterton, New Zealand",2014,1
2014-01-13 04:01:03.240000+00:00,19.0428,-66.8096,20.0,6.4,mww,"61 km N of Hatillo, Puerto Rico",2014,1
2013-12-17 23:38:06.820000+00:00,20.7727,146.7903,9.0,6.2,mww,Mariana Islands region,2013,12
2013-12-08 17:24:54.200000+00:00,44.4438,149.1667,28.0,6.0,mww,"134 km SE of Kuril’sk, Russia",2013,12
2013-12-01 06:29:57.800000+00:00,2.044,96.8261,20.0,6.0,mww,"69 km SE of Sinabang, Indonesia",2013,12
2013-12-01 01:24:13.520000+00:00,-7.0269,128.3791,9.87,6.4,mww,"224 km NE of Lospalos, Timor Leste",2013,12
2013-11-25 07:21:18.420000+00:00,-53.8708,-53.9107,14.83,6.0,mwc,South Atlantic Ocean,2013,11
2013-11-25 06:27:33.300000+00:00,-53.9451,-55.0033,11.78,7.0,mww,Falkland Islands region,2013,11
2013-11-25 05:56:50.140000+00:00,45.5613,151.0047,34.0,6.0,mww,"247 km E of Kuril’sk, Russia",2013,11
2013-11-19 13:32:51.230000+00:00,2.6403,128.4339,38.0,6.0,mww,"111 km NNE of Tobelo, Indonesia",2013,11
2013-11-17 09:04:55.530000+00:00,-60.2738,-46.4011,10.0,7.7,mww,Scotia Sea,2013,11
2013-11-16 03:34:31.230000+00:00,-60.2627,-47.0621,9.97,6.9,mww,Scotia Sea,2013,11
2013-11-13 23:45:47.930000+00:00,-60.2814,-47.1233,11.07,6.1,mww,Scotia Sea,2013,11
2013-11-12 07:03:51.090000+00:00,54.6859,162.3024,43.0,6.4,mww,"172 km S of Ust’-Kamchatsk Staryy, Russia",2013,11
2013-11-02 18:53:46.900000+00:00,-19.1711,-172.6411,10.05,6.2,mww,"152 km ESE of Neiafu, Tonga",2013,11
2013-11-02 15:52:46.110000+00:00,-23.6357,-112.5956,9.98,6.0,mww,Easter Island region,2013,11
2013-10-31 23:03:59.720000+00:00,-30.2921,-71.5215,27.0,6.6,mww,"41 km SSW of Coquimbo, Chile",2013,10
2013-10-31 12:02:08.720000+00:00,23.5904,121.4366,10.0,6.3,mww,"46 km SSW of Hualien City, Taiwan",2013,10
2013-10-30 02:51:47+00:00,-35.314,-73.395,41.5,6.2,mww,"89 km W of Constitución, Chile",2013,10
2013-10-25 17:10:19.710000+00:00,37.1557,144.6611,35.0,7.1,mww,"off the east coast of Honshu, Japan",2013,10
2013-10-24 19:25:10.930000+00:00,-58.153,-12.7964,22.87,6.7,mww,east of the South Sandwich Islands,2013,10
2013-10-19 17:54:54.700000+00:00,26.0913,-110.3209,9.45,6.6,mww,"98 km SW of Etchoropo, Mexico",2013,10
2013-10-16 10:30:58.550000+00:00,-6.4456,154.931,35.0,6.8,mww,"62 km WSW of Panguna, Papua New Guinea",2013,10
2013-10-15 00:12:32.050000+00:00,9.8796,124.1167,19.04,7.1,mww,"4 km SE of Sagbayan, Philippines",2013,10
2013-10-12 13:11:53.350000+00:00,35.5142,23.2523,40.0,6.6,mww,"36 km W of Kíssamos, Greece",2013,10
2013-10-12 02:10:27.290000+00:00,10.9048,-62.315,63.0,6.0,mww,"36 km N of Güiria, Venezuela",2013,10
2013-10-06 21:33:19.800000+00:00,-36.7267,-97.4761,10.28,6.2,mww,West Chile Rise,2013,10
2013-10-04 17:26:13.620000+00:00,-38.6062,78.3693,12.72,6.4,mww,Mid-Indian Ridge,2013,10
2013-09-30 05:55:55.220000+00:00,-30.9255,-178.3234,41.54,6.5,mww,"Kermadec Islands, New Zealand",2013,9
2013-09-28 07:34:06.450000+00:00,27.1825,65.5052,12.0,6.8,mww,"129 km WSW of Khuzdar, Pakistan",2013,9
2013-09-25 16:42:43.170000+00:00,-15.8385,-74.5112,40.0,7.1,mww,"16 km WSW of Atiquipa, Peru",2013,9
2013-09-25 06:51:24.570000+00:00,-49.9585,-113.7439,10.0,6.1,mww,southern East Pacific Rise,2013,9
2013-09-24 11:29:47.970000+00:00,26.951,65.5009,15.0,7.7,mww,"113 km NW of Bela, Pakistan",2013,9
2013-09-15 16:21:37.150000+00:00,51.5751,-174.716,24.02,6.1,mww,"77 km SSW of Atka, Alaska",2013,9
2013-09-11 12:44:13.210000+00:00,-4.5472,-104.5783,10.52,6.1,mww,central East Pacific Rise,2013,9
2013-09-07 00:13:29.570000+00:00,14.6056,-92.1207,66.0,6.4,mww,"7 km ESE of Ignacio López Rayón, Mexico",2013,9
2013-09-05 04:01:36.360000+00:00,15.1836,-45.232,10.0,6.0,mww,northern Mid-Atlantic Ridge,2013,9
2013-09-04 06:27:03.560000+00:00,51.573,-174.8537,17.0,6.0,mww,"82 km SSW of Atka, Alaska",2013,9
2013-09-04 02:32:30.600000+00:00,51.5573,-174.7671,20.0,6.5,mww,"81 km SSW of Atka, Alaska",2013,9
2013-09-04 00:23:11.290000+00:00,51.1832,-130.2245,9.92,6.0,mww,"230 km WNW of Port McNeill, Canada",2013,9
2013-09-03 20:19:06.340000+00:00,51.244,-130.3971,2.73,6.1,mww,"243 km WNW of Port McNeill, Canada",2013,9
2013-08-31 06:38:36.350000+00:00,51.2381,-174.9407,18.0,6.0,mww,"118 km SSW of Atka, Alaska",2013,8
2013-08-30 16:25:02.300000+00:00,51.537,-175.2297,29.0,7.0,mww,"101 km SW of Atka, Alaska",2013,8
2013-08-21 12:38:29.700000+00:00,16.8784,-99.498,21.0,6.2,mww,"5 km ESE of Barrio Nuevo de los Muertos, Mexico",2013,8
2013-08-17 16:32:31.410000+00:00,-34.8853,54.0927,10.0,6.1,mww,Southwest Indian Ridge,2013,8
2013-08-16 02:31:05.750000+00:00,-41.734,174.152,8.2,6.5,mww,"29 km SE of Blenheim, New Zealand",2013,8
2013-08-13 15:43:15.200000+00:00,5.7732,-78.1999,12.0,6.7,mww,"101 km WSW of Bahía Solano, Colombia",2013,8
2013-08-12 09:49:32.360000+00:00,-5.3962,-81.9268,10.0,6.2,mww,"96 km WSW of Paita, Peru",2013,8
2013-08-01 20:01:43.160000+00:00,-15.2443,-173.5006,31.65,6.0,mww,"84 km NNE of Hihifo, Tonga",2013,8
2013-07-26 21:32:59.990000+00:00,-57.915,-23.841,13.0,6.3,mww,South Sandwich Islands region,2013,7
2013-07-22 07:01:42.500000+00:00,-46.049,34.78,10.0,6.3,mww,Prince Edward Islands region,2013,7
2013-07-21 05:09:31.450000+00:00,-41.704,174.337,17.0,6.5,mww,"38 km ESE of Blenheim, New Zealand",2013,7
2013-07-17 02:37:43.180000+00:00,-15.657,-71.74,7.0,6.0,mww,"3 km ESE of Maca, Peru",2013,7
2013-07-15 14:03:39.880000+00:00,-60.857,-25.07,11.0,7.3,mww,South Sandwich Islands region,2013,7
2013-07-07 20:30:06.850000+00:00,-6.029,149.706,56.0,6.6,mww,"26 km NE of Kandrian, Papua New Guinea",2013,7
2013-07-06 05:05:06.650000+00:00,-3.269,100.564,21.0,6.0,mww,"162 km SW of Sungai Penuh, Indonesia",2013,7
2013-07-04 17:15:54.540000+00:00,-7.028,155.726,29.0,6.1,mww,"83 km SSE of Panguna, Papua New Guinea",2013,7
2013-07-02 07:37:02.610000+00:00,4.645,96.665,13.0,6.1,mww,"61 km S of Bireun, Indonesia",2013,7
2013-06-24 22:04:13.480000+00:00,10.701,-42.594,10.0,6.6,mww,northern Mid-Atlantic Ridge,2013,6
2013-06-16 21:39:05.780000+00:00,34.347,25.159,19.0,6.0,mww,"73 km S of Pýrgos, Greece",2013,6
2013-06-15 17:34:27.810000+00:00,11.763,-86.926,30.0,6.5,mww,"44 km W of Masachapa, Nicaragua",2013,6
2013-06-15 16:11:02.500000+00:00,34.4,25.02,10.0,6.2,mww,"68 km S of Pýrgos, Greece",2013,6
2013-06-13 16:47:23.320000+00:00,-10.004,107.236,9.0,6.7,mww,"south of Java, Indonesia",2013,6
2013-06-05 04:47:26.240000+00:00,-11.401,166.299,39.0,6.1,mww,"92 km SE of Lata, Solomon Islands",2013,6
2013-06-02 05:43:03.460000+00:00,23.789,121.141,17.0,6.2,mww,"26 km SE of Puli, Taiwan",2013,6
2013-05-21 05:43:21+00:00,52.281,160.072,30.0,6.1,mww,"128 km SE of Petropavlovsk-Kamchatsky, Russia",2013,5
2013-05-21 01:55:08.400000+00:00,52.52,160.362,30.0,6.0,mww,"129 km ESE of Petropavlovsk-Kamchatsky, Russia",2013,5
2013-05-20 09:49:04.470000+00:00,-44.866,-80.746,10.0,6.4,mww,"Off the coast of Aisen, Chile",2013,5
2013-05-19 18:44:10.950000+00:00,52.34,160.065,18.0,6.1,mww,"123 km SE of Petropavlovsk-Kamchatsky, Russia",2013,5
2013-05-18 05:47:59.500000+00:00,37.739,141.471,39.0,6.0,mww,"50 km NE of Namie, Japan",2013,5
2013-05-11 02:08:08.500000+00:00,26.56,57.77,15.0,6.1,mww,"92 km SE of M?n?b, Iran",2013,5
2013-05-07 10:10:48.700000+00:00,-19.622,175.051,11.0,6.0,mww,south of the Fiji Islands,2013,5
2013-04-23 23:14:40.630000+00:00,-3.898,152.127,10.0,6.5,mww,"33 km N of Rabaul, Papua New Guinea",2013,4
2013-04-22 01:16:32.840000+00:00,18.081,-102.182,30.0,6.0,mww,"7 km NNE of Guacamayas, Mexico",2013,4
2013-04-20 13:12:50.510000+00:00,50.099,157.148,18.0,6.1,mww,"96 km SE of Severo-Kuril’sk, Russia",2013,4
2013-04-20 00:02:47.540000+00:00,30.308,102.888,14.0,6.6,mww,"56 km WSW of Linqiong, China",2013,4
2013-04-19 19:58:40.250000+00:00,49.965,157.652,15.0,6.1,mww,"134 km SE of Severo-Kuril’sk, Russia",2013,4
2013-04-16 22:55:26.680000+00:00,-3.214,142.542,13.0,6.6,mww,"23 km ESE of Aitape, Papua New Guinea",2013,4
2013-04-14 01:32:22.640000+00:00,-6.475,154.607,31.0,6.6,mww,"98 km W of Panguna, Papua New Guinea",2013,4
2013-04-09 11:52:49.920000+00:00,28.428,51.593,12.0,6.4,mww,"95 km SE of Bushehr, Iran",2013,4
2013-04-06 04:42:35.860000+00:00,-3.517,138.476,66.0,7.0,mww,"260 km WSW of Abepura, Indonesia",2013,4
2013-04-01 18:53:17.420000+00:00,39.526,143.167,14.0,6.0,mww,"104 km E of Yamada, Japan",2013,4
2013-03-24 08:13:45.130000+00:00,-20.757,173.37,10.0,6.1,mww,Vanuatu region,2013,3
2013-03-10 22:51:50.800000+00:00,-6.598,148.174,28.0,6.5,mww,"36 km E of Finschhafen, Papua New Guinea",2013,3
2013-03-01 13:20:49.930000+00:00,50.958,157.408,29.0,6.5,mww,"87 km SE of Ozernovskiy, Russia",2013,3
2013-03-01 12:53:51.070000+00:00,50.895,157.453,33.0,6.4,mww,"94 km SE of Ozernovskiy, Russia",2013,3
2013-02-28 14:05:50.250000+00:00,50.954,157.283,41.0,6.9,mww,"81 km SE of Ozernovskiy, Russia",2013,2
2013-02-14 13:13:53.130000+00:00,67.631,142.508,11.0,6.6,mww,"183 km SW of Belaya Gora, Russia",2013,2
2013-02-10 18:39:32.140000+00:00,-10.94,165.461,11.0,6.0,mww,"43 km WSW of Lata, Solomon Islands",2013,2
2013-02-09 21:02:22.790000+00:00,-10.994,165.741,18.0,6.6,mww,"30 km SSW of Lata, Solomon Islands",2013,2
2013-02-08 15:26:38.470000+00:00,-10.928,166.018,21.0,7.1,mww,"32 km SE of Lata, Solomon Islands",2013,2
2013-02-08 11:12:11.510000+00:00,-10.838,165.969,12.0,6.8,mww,"22 km ESE of Lata, Solomon Islands",2013,2
2013-02-07 18:59:16.270000+00:00,-10.997,165.655,11.0,6.7,mww,"33 km SSW of Lata, Solomon Islands",2013,2
2013-02-07 00:30:10.790000+00:00,-11.658,164.94,8.0,6.0,mww,"139 km SW of Lata, Solomon Islands",2013,2
2013-02-06 11:53:55.190000+00:00,-11.243,165.728,14.0,6.0,mww,"57 km S of Lata, Solomon Islands",2013,2
2013-02-06 10:33:17.460000+00:00,-10.642,164.765,10.0,6.0,mwb,"113 km W of Lata, Solomon Islands",2013,2
2013-02-06 06:35:19.250000+00:00,-10.791,164.551,10.0,6.1,mwc,"136 km W of Lata, Solomon Islands",2013,2
2013-02-06 01:54:14.610000+00:00,-10.499,165.588,8.8,7.0,mww,"33 km NW of Lata, Solomon Islands",2013,2
2013-02-06 01:23:19.760000+00:00,-11.183,164.882,10.0,7.1,mww,"112 km WSW of Lata, Solomon Islands",2013,2
2013-02-06 01:12:25.830000+00:00,-10.799,165.114,24.0,8.0,mww,2013 Santa Cruz Islands Earthquake,2013,2
2013-02-06 00:07:22.100000+00:00,-10.864,165.248,11.0,6.0,mww,"62 km WSW of Lata, Solomon Islands",2013,2
2013-02-02 18:58:06.480000+00:00,-10.887,165.284,6.0,6.0,mwb,"58 km WSW of Lata, Solomon Islands",2013,2
2013-02-01 22:18:33.070000+00:00,-11.12,165.378,10.0,6.4,mww,"63 km SW of Lata, Solomon Islands",2013,2
2013-02-01 22:16:34.170000+00:00,-10.896,165.379,10.0,6.3,mww,"49 km WSW of Lata, Solomon Islands",2013,2
2013-02-01 05:36:41.790000+00:00,-11.104,165.532,15.0,6.0,mww,"50 km SW of Lata, Solomon Islands",2013,2
2013-01-31 03:33:43.720000+00:00,-10.64,166.367,9.0,6.1,mww,"63 km E of Lata, Solomon Islands",2013,1
2013-01-30 23:03:43.660000+00:00,-10.634,166.372,10.0,6.1,mww,"63 km E of Lata, Solomon Islands",2013,1
2013-01-30 20:15:43.340000+00:00,-28.094,-70.653,45.0,6.8,mww,"54 km N of Vallenar, Chile",2013,1
2013-01-28 16:38:53.580000+00:00,42.605,79.708,15.0,6.1,mww,"61 km SE of Kegen, Kazakhstan",2013,1
2013-01-21 22:22:52.760000+00:00,4.927,95.907,12.0,6.1,mww,"50 km S of Sigli, Indonesia",2013,1
2013-01-15 16:09:37.080000+00:00,-62.571,-161.432,10.0,6.1,mww,Pacific-Antarctic Ridge,2013,1
2013-01-05 08:58:14.957000+00:00,55.228,-134.8591,8.7,7.5,mw,"110 km SW of Edna Bay, Alaska",2013,1
2012-12-17 09:16:30.900000+00:00,-0.649,123.807,44.2,6.1,mww,"118 km ENE of Luwuk, Indonesia",2012,12
2012-12-15 19:30:02.170000+00:00,-4.632,153.016,52.0,6.1,mww,"88 km ESE of Kokopo, Papua New Guinea",2012,12
2012-12-15 04:49:29.650000+00:00,52.291,174.011,26.0,6.0,mww,"83 km SE of Attu Station, Alaska",2012,12
2012-12-14 10:36:01.590000+00:00,31.095,-119.66,13.0,6.3,mww,"279 km SSW of Avalon, California",2012,12
2012-12-11 06:18:27.330000+00:00,0.533,126.231,30.0,6.0,mww,Molucca Sea,2012,12
2012-12-07 08:31:14.800000+00:00,37.914,143.764,32.0,6.2,mww,"220 km SE of ?funato, Japan",2012,12
2012-12-07 08:18:23.130000+00:00,37.89,143.949,31.0,7.3,mww,"234 km SE of ?funato, Japan",2012,12
2012-12-02 00:54:22.690000+00:00,-16.975,167.645,32.0,6.1,mww,"99 km SSE of Lakatoro, Vanuatu",2012,12
2012-11-19 09:44:34.120000+00:00,-5.705,151.602,13.0,6.0,mww,"163 km E of Kimbe, Papua New Guinea",2012,11
2012-11-16 18:12:39.910000+00:00,49.28,155.425,29.0,6.5,mww,"163 km SSW of Severo-Kuril’sk, Russia",2012,11
2012-11-15 09:20:21.910000+00:00,18.346,-100.382,53.0,6.1,mww,"8 km N of San José Poliutla, Mexico",2012,11
2012-11-14 19:02:06.120000+00:00,-29.118,-71.19,63.0,6.1,mww,"73 km SW of Vallenar, Chile",2012,11
2012-11-13 04:31:26.760000+00:00,-45.761,-77.053,9.0,6.1,mww,"Off the coast of Aisen, Chile",2012,11
2012-11-12 20:42:14.620000+00:00,57.792,-142.855,9.0,6.3,mww,"266 km SW of Yakutat, Alaska",2012,11
2012-11-11 22:14:59.240000+00:00,14.129,-92.164,20.0,6.5,mww,"32 km SW of Champerico, Guatemala",2012,11
2012-11-11 01:12:38.870000+00:00,23.005,95.885,13.7,6.8,mww,"51 km NNE of Shwebo, Myanmar",2012,11
2012-11-08 02:01:50.630000+00:00,49.231,-128.477,13.7,6.1,mww,"176 km WSW of Vernon, Canada",2012,11
2012-11-07 16:35:46.930000+00:00,13.988,-91.895,24.0,7.4,mww,"33 km S of Champerico, Guatemala",2012,11
2012-11-02 18:17:32.730000+00:00,9.219,126.161,37.0,6.1,mww,"2 km NW of Tigao, Philippines",2012,11
2012-10-30 02:49:02.270000+00:00,52.365,-131.902,9.0,6.2,mww,"241 km SSW of Prince Rupert, Canada",2012,10
2012-10-28 18:54:20.830000+00:00,52.674,-132.602,9.0,6.3,mww,"237 km SW of Prince Rupert, Canada",2012,10
2012-10-28 03:04:08.820000+00:00,52.788,-132.101,14.0,7.8,mww,"206 km SW of Prince Rupert, Canada",2012,10
2012-10-24 00:45:32.990000+00:00,10.086,-85.298,17.0,6.5,mww,Costa Rica,2012,10
2012-10-20 23:00:32.450000+00:00,-13.552,166.564,36.0,6.2,mww,"112 km WNW of Sola, Vanuatu",2012,10
2012-10-12 00:31:28.270000+00:00,-4.892,134.03,13.0,6.6,mww,"163 km ENE of Tual, Indonesia",2012,10
2012-10-09 12:32:09.770000+00:00,-60.326,153.699,10.0,6.6,mww,west of Macquarie Island,2012,10
2012-10-08 11:43:31.420000+00:00,-4.472,129.129,10.0,6.1,mww,"127 km S of Amahai, Indonesia",2012,10
2012-10-01 22:21:46.020000+00:00,39.808,143.099,15.0,6.1,mww,"100 km E of Miyako, Japan",2012,10
2012-09-26 23:39:55.110000+00:00,51.592,-178.295,16.0,6.4,mww,"118 km WSW of Adak, Alaska",2012,9
2012-09-25 23:45:24.940000+00:00,24.666,-110.173,10.0,6.3,mww,"59 km NNE of La Paz, Mexico",2012,9
2012-09-14 04:51:47.070000+00:00,-3.319,100.594,19.0,6.2,mww,"165 km SSW of Sungai Penuh, Indonesia",2012,9
2012-09-08 10:51:44.200000+00:00,-3.177,135.109,21.0,6.1,mww,"48 km WNW of Nabire, Indonesia",2012,9
2012-09-05 14:42:07.800000+00:00,10.085,-85.315,35.0,7.6,mww,"11 km ENE of Hojancha, Costa Rica",2012,9
2012-09-05 13:09:10.060000+00:00,-12.476,166.513,27.0,6.0,mww,"191 km NW of Sola, Vanuatu",2012,9
2012-09-03 18:23:05.230000+00:00,-10.708,113.931,14.0,6.1,mww,"251 km SSW of Jimbaran, Indonesia",2012,9
2012-08-31 12:47:33.380000+00:00,10.811,126.638,28.0,7.6,mww,"89 km E of Sulangan, Philippines",2012,8
2012-08-30 13:43:25.170000+00:00,71.441,-10.605,14.0,6.8,mww,"89 km NW of Olonkinbyen, Svalbard and Jan Mayen",2012,8
2012-08-27 04:37:19.430000+00:00,12.139,-88.59,28.0,7.3,mww,"126 km S of Puerto El Triunfo, El Salvador",2012,8
2012-08-18 09:41:52.450000+00:00,-1.315,120.096,10.0,6.3,mww,"51 km SSE of Palu, Indonesia",2012,8
2012-08-12 10:47:06.450000+00:00,35.661,82.518,13.0,6.2,mww,"281 km SE of Hotan, China",2012,8
2012-08-11 12:34:35.900000+00:00,38.389,46.745,12.0,6.2,mww,"30 km WSW of Ahar, Iran",2012,8
2012-08-11 12:23:18.190000+00:00,38.329,46.826,11.0,6.4,mww,"26 km SW of Ahar, Iran",2012,8
2012-08-10 18:37:43.090000+00:00,52.633,-167.421,13.0,6.2,mww,"102 km ESE of Nikolski, Alaska",2012,8
2012-08-02 09:56:41.740000+00:00,-4.654,153.275,46.0,6.1,mww,"116 km ESE of Kokopo, Papua New Guinea",2012,8
2012-07-28 20:03:56.800000+00:00,-4.651,153.173,41.0,6.5,mww,"105 km ESE of Kokopo, Papua New Guinea",2012,7
2012-07-26 05:33:33.020000+00:00,-17.592,66.391,20.0,6.7,mww,Mauritius - Reunion region,2012,7
2012-07-25 11:20:27.030000+00:00,-9.694,159.727,20.0,6.4,mww,"1 km E of Malango, Solomon Islands",2012,7
2012-07-25 00:27:45.260000+00:00,2.707,96.045,22.0,6.4,mww,"44 km NW of Sinabang, Indonesia",2012,7
2012-07-20 06:10:25.170000+00:00,49.407,155.907,19.0,6.0,mww,"141 km S of Severo-Kuril’sk, Russia",2012,7
2012-07-08 11:33:02.920000+00:00,45.497,151.288,20.0,6.0,mww,"268 km E of Kuril’sk, Russia",2012,7
2012-06-29 21:07:33.860000+00:00,43.433,84.7,18.0,6.3,mww,"117 km E of Xinyuan, China",2012,6
2012-06-24 03:15:01.280000+00:00,57.601,163.195,10.0,6.0,mww,"159 km NNE of Ust’-Kamchatsk Staryy, Russia",2012,6
2012-06-19 15:56:32.530000+00:00,53.351,171.619,14.0,6.0,mww,"119 km WNW of Attu Station, Alaska",2012,6
2012-06-17 20:32:20.590000+00:00,38.919,141.831,36.0,6.3,mww,"19 km SSE of ?funato, Japan",2012,6
2012-06-10 12:44:16.590000+00:00,36.42,28.88,35.0,6.0,mww,"28 km SW of Ölüdeniz, Turkey",2012,6
2012-06-07 04:05:04.520000+00:00,-36.074,-70.57,8.0,6.0,mww,"86 km ESE of Colbún, Chile",2012,6
2012-06-05 19:31:33.750000+00:00,34.943,141.132,15.0,6.1,mww,"75 km ESE of ?hara, Japan",2012,6
2012-06-04 03:15:24.750000+00:00,5.508,-82.563,7.0,6.3,mww,"278 km SW of Arenas, Panama",2012,6
2012-06-04 00:45:15.290000+00:00,5.305,-82.629,7.0,6.3,mww,south of Panama,2012,6
2012-05-24 22:47:46.800000+00:00,72.96,5.683,10.0,6.1,mww,Norwegian Sea,2012,5
2012-05-23 22:59:52.700000+00:00,-50.42,139.516,10.0,6.0,mww,western Indian-Antarctic Ridge,2012,5
2012-05-20 07:20:36.870000+00:00,39.646,143.164,11.0,6.3,mww,"105 km E of Miyako, Japan",2012,5
2012-05-20 02:03:52+00:00,44.89,11.23,6.3,6.0,mww,"4 km NNE of Massa Finalese, Italy",2012,5
2012-05-18 02:00:39.490000+00:00,-44.806,-80.159,10.0,6.3,mww,"Off the coast of Aisen, Chile",2012,5
2012-05-01 22:43:33.340000+00:00,14.376,-92.897,14.0,6.0,mww,"63 km SW of Puerto Madero, Mexico",2012,5
2012-04-21 01:25:13.200000+00:00,-1.635,134.197,17.4,6.0,mwc,"86 km S of Manokwari, Indonesia",2012,4
2012-04-21 01:16:52.740000+00:00,-1.617,134.276,16.0,6.7,mww,"86 km SSE of Manokwari, Indonesia",2012,4
2012-04-17 19:03:56.370000+00:00,-59.016,-16.612,12.0,6.2,mww,east of the South Sandwich Islands,2012,4
2012-04-17 03:50:15.610000+00:00,-32.625,-71.365,29.0,6.7,mww,"22 km NW of Hacienda La Calera, Chile",2012,4
2012-04-15 05:57:40.060000+00:00,2.581,90.269,25.0,6.2,mww,off the west coast of northern Sumatra,2012,4
2012-04-14 22:05:26.430000+00:00,-18.972,168.741,11.0,6.2,mww,"84 km NW of Isangel, Vanuatu",2012,4
2012-04-14 10:56:19.380000+00:00,-57.679,-65.308,15.0,6.2,mww,Drake Passage,2012,4
2012-04-12 07:15:48.500000+00:00,28.696,-113.104,13.0,7.0,mww,"69 km ENE of San Luis, Mexico",2012,4
2012-04-12 07:06:00.570000+00:00,28.837,-113.027,9.0,6.0,mwb,"83 km ENE of San Luis, Mexico",2012,4
2012-04-11 22:55:10.250000+00:00,18.229,-102.689,20.0,6.5,mwb,"41 km NW of El Habillal, Mexico",2012,4
2012-04-11 22:41:46.040000+00:00,43.584,-127.638,8.0,6.0,mwc,"266 km W of Bandon, Oregon",2012,4
2012-04-11 10:43:10.850000+00:00,0.802,92.463,25.1,8.2,mwc,2012 Wharton Basin Aftershock,2012,4
2012-04-11 09:27:56.760000+00:00,1.254,91.735,10.0,6.0,mb,North Indian Ocean,2012,4
2012-04-11 08:38:36.720000+00:00,2.327,93.063,20.0,8.6,mw,2012 Wharton Basin Earthquake,2012,4
2012-04-02 17:36:42.060000+00:00,16.395,-98.316,9.0,6.0,mww,"7 km SSW of Santa María Cortijo, Mexico",2012,4
2012-03-27 11:00:44.500000+00:00,39.859,142.017,15.0,6.1,mwc,"24 km NNE of Miyako, Japan",2012,3
2012-03-26 18:12:52.850000+00:00,10.071,-104.16,10.0,6.0,mwb,northern East Pacific Rise,2012,3
2012-03-25 22:37:06+00:00,-35.2,-72.217,40.7,7.1,mww,"23 km NE of Constitución, Chile",2012,3
2012-03-20 18:02:47.440000+00:00,16.493,-98.231,20.0,7.4,mww,"6 km E of Santiago Llano Grande, Mexico",2012,3
2012-03-20 17:56:18.800000+00:00,-3.812,140.266,66.0,6.1,mww,"140 km SSW of Abepura, Indonesia",2012,3
2012-03-14 21:13:08.040000+00:00,-5.595,151.042,28.0,6.2,mww,"100 km E of Kimbe, Papua New Guinea",2012,3
2012-03-14 12:05:04.520000+00:00,35.687,140.695,10.0,6.0,mwc,"5 km SE of Asahi, Japan",2012,3
2012-03-14 10:49:24.580000+00:00,40.781,144.761,10.0,6.1,mwc,"245 km S of Kushiro, Japan",2012,3
2012-03-14 09:08:35.140000+00:00,40.887,144.944,12.0,6.9,mww,"236 km SSE of Kushiro, Japan",2012,3
2012-03-09 07:09:50.950000+00:00,-19.125,169.613,16.0,6.7,mww,"57 km NE of Isangel, Vanuatu",2012,3
2012-03-03 12:19:55.090000+00:00,-22.141,170.34,14.0,6.6,mww,"262 km ESE of Tadine, New Caledonia",2012,3
2012-02-26 06:17:19.760000+00:00,51.708,95.991,12.0,6.7,mww,"38 km NE of Saryg-Sep, Russia",2012,2
2012-02-26 05:21:24.630000+00:00,-24.495,-177.238,10.0,6.0,mww,south of the Fiji Islands,2012,2
2012-02-14 08:19:55.470000+00:00,-10.39,161.102,51.0,6.4,mww,"89 km W of Kirakira, Solomon Islands",2012,2
2012-02-06 10:10:19.850000+00:00,9.885,123.095,9.0,6.0,mww,"0 km NW of Amdos, Philippines",2012,2
2012-02-06 03:49:12.520000+00:00,9.999,123.206,11.0,6.7,mww,"2 km NNE of Jimalalud, Philippines",2012,2
2012-02-05 16:40:39.160000+00:00,-17.948,167.226,8.0,6.1,mww,"117 km WSW of Port-Vila, Vanuatu",2012,2
2012-02-03 03:46:21.150000+00:00,-17.378,167.277,8.0,6.1,mww,"116 km WNW of Port-Vila, Vanuatu",2012,2
2012-02-02 13:34:40.650000+00:00,-17.827,167.133,23.0,7.1,mww,"125 km W of Port-Vila, Vanuatu",2012,2
2012-01-30 05:11:00.950000+00:00,-14.168,-75.635,43.0,6.4,mww,"6 km ESE of Pampa de Tate, Peru",2012,1
2012-01-23 16:04:52.980000+00:00,-36.409,-73.03,20.0,6.1,mww,"24 km NNW of Tomé, Chile",2012,1
2012-01-22 05:53:42.080000+00:00,-56.759,-25.147,13.0,6.0,mww,South Sandwich Islands region,2012,1
2012-01-21 18:47:11.560000+00:00,14.873,-93.005,45.0,6.2,mww,"46 km SW of El Arenal, Mexico",2012,1
2012-01-15 14:21:31.370000+00:00,-60.882,-55.965,10.0,6.0,mwc,South Shetland Islands,2012,1
2012-01-15 13:40:19.540000+00:00,-60.948,-56.113,8.0,6.6,mww,South Shetland Islands,2012,1
2012-01-10 18:36:59.080000+00:00,2.433,93.21,19.0,7.2,mww,off the west coast of northern Sumatra,2012,1
2012-01-09 04:07:14.670000+00:00,-10.617,165.16,28.0,6.4,mww,"70 km W of Lata, Solomon Islands",2012,1
2011-12-27 15:21:56.840000+00:00,51.842,95.911,15.0,6.6,mww,"45 km NNE of Saryg-Sep, Russia",2011,12
2011-12-15 10:10:07.210000+00:00,-32.718,-179.099,32.0,6.0,mww,south of the Kermadec Islands,2011,12
2011-12-11 01:47:25.560000+00:00,17.986,-99.789,59.0,6.5,mww,"6 km SSW of Nuevo Balsas, Mexico",2011,12
2011-12-07 22:23:09.730000+00:00,-27.899,-70.918,20.0,6.1,mww,"76 km NNW of Vallenar, Chile",2011,12
2011-11-30 00:27:06.990000+00:00,15.455,118.999,9.0,6.0,mww,"97 km W of Palauig, Philippines",2011,11
2011-11-28 12:26:45.450000+00:00,-5.48,153.733,25.0,6.1,mww,"205 km SE of Kokopo, Papua New Guinea",2011,11
2011-11-24 10:25:34.030000+00:00,41.898,142.639,38.0,6.2,mww,"53 km SSE of Shizunai-furukawach?, Japan",2011,11
2011-11-23 19:24:31.470000+00:00,37.365,141.368,34.0,6.1,mww,"35 km ESE of Namie, Japan",2011,11
2011-11-17 01:57:05.730000+00:00,-1.702,-81.546,26.6,6.0,mww,"87 km NW of Salinas, Ecuador",2011,11
2011-11-14 04:05:11.390000+00:00,-0.949,126.91,17.0,6.3,mww,"199 km SSW of Ternate, Indonesia",2011,11
2011-11-11 10:41:37.480000+00:00,-55.981,-124.439,10.0,6.0,mww,southern East Pacific Rise,2011,11
2011-11-02 14:59:27.940000+00:00,-55.294,-128.843,10.0,6.1,mww,Pacific-Antarctic Ridge,2011,11
2011-11-01 12:32:00.430000+00:00,19.831,-109.205,10.0,6.3,mww,Revilla Gigedo Islands region,2011,11
2011-10-28 18:54:34.040000+00:00,-14.438,-75.966,24.0,6.9,mww,"39 km SW of Santiago, Peru",2011,10
2011-10-23 10:41:23.250000+00:00,38.721,43.508,18.0,7.1,mww,"27 km NNE of Van, Turkey",2011,10
2011-10-21 17:57:16.100000+00:00,-28.993,-176.238,33.0,7.4,mww,Kermadec Islands region,2011,10
2011-10-18 05:05:06.250000+00:00,-5.785,151.037,26.0,6.1,mww,"102 km ESE of Kimbe, Papua New Guinea",2011,10
2011-10-14 06:10:14.600000+00:00,54.08,123.722,12.0,6.0,mww,"8 km ESE of Takhtamygda, Russia",2011,10
2011-10-14 03:35:14.810000+00:00,-6.57,147.881,37.0,6.5,mww,"4 km ESE of Finschhafen, Papua New Guinea",2011,10
2011-10-13 03:16:30.160000+00:00,-9.35,114.587,39.0,6.1,mww,"88 km SW of Jimbaran, Indonesia",2011,10
2011-10-07 08:58:28.910000+00:00,-32.514,-179.038,36.0,6.1,mww,south of the Kermadec Islands,2011,10
2011-09-22 23:07:03.570000+00:00,-15.437,-175.311,10.0,6.4,mww,"172 km WNW of Hihifo, Tonga",2011,9
2011-09-18 12:40:51.830000+00:00,27.73,88.155,50.0,6.9,mww,"43 km NW of Mangan, India",2011,9
2011-09-16 19:26:40.260000+00:00,40.273,142.779,30.0,6.7,mwc,"99 km NE of Miyako, Japan",2011,9
2011-09-15 08:00:09.640000+00:00,36.256,141.338,28.0,6.1,mww,"68 km E of ?arai, Japan",2011,9
2011-09-15 07:53:18.630000+00:00,-35.366,-179.039,10.0,6.1,mww,east of the North Island of New Zealand,2011,9
2011-09-14 18:10:09+00:00,53.107,172.984,15.0,6.0,mww,"32 km NNW of Attu Station, Alaska",2011,9
2011-09-09 19:41:34.150000+00:00,49.535,-126.893,22.0,6.4,mww,"66 km SW of Vernon, Canada",2011,9
2011-09-05 09:52:01.130000+00:00,-15.295,-173.621,37.0,6.2,mww,"75 km NNE of Hihifo, Tonga",2011,9
2011-09-02 10:55:53.590000+00:00,52.171,-171.708,32.0,6.9,mww,"170 km E of Atka, Alaska",2011,9
2011-09-01 06:14:38.870000+00:00,-12.36,166.656,41.0,6.0,mww,"193 km NNW of Sola, Vanuatu",2011,9
2011-08-24 23:06:17.090000+00:00,-18.155,167.727,13.0,6.2,mww,"77 km SW of Port-Vila, Vanuatu",2011,8
2011-08-22 20:12:20.950000+00:00,-6.282,104.054,29.0,6.1,mww,"163 km SW of Bandar Lampung, Indonesia",2011,8
2011-08-20 18:19:23.550000+00:00,-18.311,168.218,28.0,7.1,mww,"64 km S of Port-Vila, Vanuatu",2011,8
2011-08-20 17:13:06.380000+00:00,-18.308,168.156,35.0,6.5,mwc,"65 km SSW of Port-Vila, Vanuatu",2011,8
2011-08-20 16:55:02.810000+00:00,-18.365,168.143,32.0,7.2,mww,"71 km SSW of Port-Vila, Vanuatu",2011,8
2011-08-19 05:36:33.040000+00:00,37.671,141.652,47.0,6.2,mww,"61 km ENE of Namie, Japan",2011,8
2011-08-17 11:44:08.370000+00:00,36.765,143.77,9.0,6.1,mww,"258 km ESE of Namie, Japan",2011,8
2011-08-16 11:03:56.430000+00:00,-2.323,128.011,26.0,6.1,mww,"151 km NW of Amahai, Indonesia",2011,8
2011-08-10 23:45:43.040000+00:00,-7.04,-12.618,10.0,6.0,mww,"221 km ENE of Georgetown, Saint Helena",2011,8
2011-08-04 13:51:34.560000+00:00,48.833,154.769,36.0,6.1,mww,"227 km SSW of Severo-Kuril’sk, Russia",2011,8
2011-07-31 23:38:56.610000+00:00,-3.518,144.828,10.0,6.6,mww,"103 km NE of Angoram, Papua New Guinea",2011,7
2011-07-31 14:34:47.320000+00:00,-17.016,171.579,10.0,6.1,mww,Vanuatu region,2011,7
2011-07-30 18:53:50.720000+00:00,36.942,140.955,38.0,6.3,mww,"13 km SSE of Iwaki, Japan",2011,7
2011-07-26 17:44:20.380000+00:00,25.101,-109.525,12.0,6.0,mww,"73 km SW of Topolobampo, Mexico",2011,7
2011-07-25 00:50:47.590000+00:00,-3.182,150.611,10.0,6.3,mww,"70 km SSW of Kavieng, Papua New Guinea",2011,7
2011-07-24 18:51:25.070000+00:00,37.73,141.39,40.0,6.3,mww,"43 km NE of Namie, Japan",2011,7
2011-07-23 04:34:24.180000+00:00,38.898,141.815,41.0,6.3,mww,"21 km SSE of ?funato, Japan",2011,7
2011-07-21 23:01:42.510000+00:00,-62.496,164.452,10.0,6.0,mww,Balleny Islands region,2011,7
2011-07-20 22:04:59.320000+00:00,-10.34,162.01,21.0,6.0,mww,"16 km NE of Kirakira, Solomon Islands",2011,7
2011-07-19 19:35:43.480000+00:00,40.081,71.41,20.0,6.1,mww,"16 km NNE of Aydarken, Kyrgyzstan",2011,7
2011-07-16 19:59:12.890000+00:00,54.787,-161.29,36.0,6.1,mww,"72 km ESE of King Cove, Alaska",2011,7
2011-07-16 00:26:12.640000+00:00,-33.819,-71.832,20.0,6.0,mww,"32 km SW of San Antonio, Chile",2011,7
2011-07-15 13:26:02.950000+00:00,-60.762,-23.523,10.0,6.1,mww,South Sandwich Islands region,2011,7
2011-07-11 20:47:04.300000+00:00,9.509,122.175,19.0,6.4,mww,"33 km WSW of Cayhagan, Philippines",2011,7
2011-07-10 00:57:10.800000+00:00,38.034,143.264,23.0,7.0,mww,"177 km ESE of Ishinomaki, Japan",2011,7
2011-07-09 19:35:18.750000+00:00,-29.436,-177.007,15.2,6.0,mww,"Kermadec Islands, New Zealand",2011,7
2011-07-09 15:02:27.240000+00:00,-29.337,-177.051,14.0,6.0,mww,"Kermadec Islands, New Zealand",2011,7
2011-07-06 19:03:18.260000+00:00,-29.539,-176.34,17.0,7.6,mww,Kermadec Islands region,2011,7
2011-06-26 12:16:38.600000+00:00,-2.384,136.631,17.0,6.3,mww,"146 km SSE of Biak, Indonesia",2011,6
2011-06-24 03:09:39.470000+00:00,52.05,-171.836,52.0,7.3,mww,"Fox Islands, Aleutian Islands, Alaska",2011,6
2011-06-22 21:50:52.350000+00:00,39.955,142.205,33.0,6.7,mww,"41 km NNE of Miyako, Japan",2011,6
2011-06-21 02:04:15.940000+00:00,-11.479,165.551,14.0,6.0,mww,"87 km SSW of Lata, Solomon Islands",2011,6
2011-06-16 00:03:35.790000+00:00,-5.928,151.04,16.0,6.4,mww,"108 km ESE of Kimbe, Papua New Guinea",2011,6
2011-06-13 14:31:22.990000+00:00,2.515,126.457,61.1,6.3,mww,"193 km WNW of Tobelo, Indonesia",2011,6
2011-06-05 11:51:12.010000+00:00,-55.843,146.62,3.0,6.4,mww,west of Macquarie Island,2011,6
2011-06-03 00:05:00.830000+00:00,37.285,143.907,14.0,6.1,mww,"258 km E of Namie, Japan",2011,6
2011-06-01 12:55:22.380000+00:00,-37.578,-73.691,21.0,6.3,mww,"4 km NW of Lebu, Chile",2011,6
2011-05-15 18:37:10.370000+00:00,-6.104,154.414,40.0,6.4,mww,"120 km WNW of Panguna, Papua New Guinea",2011,5
2011-05-15 13:08:13.060000+00:00,0.569,-25.647,10.0,6.1,mww,central Mid-Atlantic Ridge,2011,5
2011-05-13 23:35:52.860000+00:00,37.396,141.341,35.0,6.1,mww,"31 km ESE of Namie, Japan",2011,5
2011-05-10 08:55:08.930000+00:00,-20.244,168.226,11.0,6.8,mww,"124 km NE of Wé, New Caledonia",2011,5
2011-05-05 14:58:18.680000+00:00,38.17,144.032,11.0,6.0,mww,"224 km SE of Kamaishi, Japan",2011,5
2011-04-30 08:19:16.710000+00:00,6.854,-82.33,12.0,6.1,mww,"143 km SSE of Punta de Burica, Panama",2011,4
2011-04-24 23:07:51.490000+00:00,-4.586,122.771,8.0,6.1,mww,"47 km NE of Katabu, Indonesia",2011,4
2011-04-21 13:37:03.340000+00:00,35.579,140.305,43.0,6.2,mww,"6 km WNW of T?gane, Japan",2011,4
2011-04-13 19:57:25.420000+00:00,39.583,143.34,22.0,6.0,mww,"120 km E of Yamada, Japan",2011,4
2011-04-11 23:08:16.870000+00:00,35.417,140.575,15.0,6.2,mww,"23 km SE of T?gane, Japan",2011,4
2011-04-11 08:16:12.730000+00:00,37.001,140.401,11.0,6.6,mww,"17 km SSW of Ishikawa, Japan",2011,4
2011-04-07 14:32:43.290000+00:00,38.276,141.588,42.0,7.1,mww,"29 km ESE of Ishinomaki, Japan",2011,4
2011-04-06 14:01:42.560000+00:00,1.612,97.086,20.0,6.0,mww,"108 km SW of Singkil, Indonesia",2011,4
2011-04-03 20:06:40.390000+00:00,-9.848,107.693,14.0,6.7,mww,"278 km SSW of Kawalu, Indonesia",2011,4
2011-04-01 13:29:10.690000+00:00,35.662,26.56,59.9,6.0,mww,"42 km NW of Fry, Greece",2011,4
2011-03-31 07:15:30.190000+00:00,38.922,141.821,42.0,6.0,mww,"18 km SSE of ?funato, Japan",2011,3
2011-03-31 00:11:58.300000+00:00,-16.541,-177.517,15.5,6.3,mww,"254 km SSE of Alo, Wallis and Futuna",2011,3
2011-03-29 10:54:33.200000+00:00,37.401,142.29,15.0,6.1,mww,"114 km E of Namie, Japan",2011,3
2011-03-27 22:23:58.800000+00:00,38.415,142.011,19.0,6.2,mww,"62 km E of Ishinomaki, Japan",2011,3
2011-03-26 22:49:40.820000+00:00,-15.848,-179.405,6.0,6.0,mww,"146 km ENE of Labasa, Fiji",2011,3
2011-03-25 11:36:24.490000+00:00,38.772,141.88,39.0,6.2,mww,"36 km SSE of ?funato, Japan",2011,3
2011-03-24 13:55:12.010000+00:00,20.687,99.822,8.0,6.9,mww,"27 km NNW of Tachilek, Myanmar",2011,3
2011-03-22 09:44:29.330000+00:00,39.851,143.437,13.0,6.4,mww,"130 km E of Miyako, Japan",2011,3
2011-03-22 09:19:06.230000+00:00,37.325,141.791,31.0,6.1,mww,"72 km ESE of Namie, Japan",2011,3
2011-03-22 07:18:45.380000+00:00,37.244,144.003,11.0,6.4,mww,"267 km E of Namie, Japan",2011,3
2011-03-20 08:26:09.580000+00:00,18.994,121.246,27.0,6.0,mww,"43 km NNE of Namuac, Philippines",2011,3
2011-03-17 04:13:56.780000+00:00,40.136,142.168,29.0,6.2,mww,"57 km NNE of Miyako, Japan",2011,3
2011-03-17 02:48:00.030000+00:00,-17.275,167.826,17.0,6.2,mww,"72 km NW of Port-Vila, Vanuatu",2011,3
2011-03-15 15:23:53.850000+00:00,40.335,143.288,18.0,6.1,mwc,"138 km ENE of Miyako, Japan",2011,3
2011-03-15 13:31:46.320000+00:00,35.272,138.582,9.0,6.0,mww,"6 km NNW of Fujinomiya, Japan",2011,3
2011-03-15 13:27:56.630000+00:00,37.576,142.237,28.0,6.0,mww,"109 km E of Namie, Japan",2011,3
2011-03-14 06:12:36.060000+00:00,37.785,142.456,14.0,6.0,mww,"123 km SE of Ishinomaki, Japan",2011,3
2011-03-13 01:26:04.250000+00:00,35.723,141.637,8.0,6.1,mww,"72 km E of Hasaki, Japan",2011,3
2011-03-12 23:24:48.780000+00:00,38.047,141.72,15.0,6.1,mwb,"55 km SE of Ishinomaki, Japan",2011,3
2011-03-12 13:15:41.650000+00:00,37.249,141.159,38.0,6.1,mww,"29 km SSE of Namie, Japan",2011,3
2011-03-12 01:47:15.400000+00:00,37.594,142.648,20.0,6.5,mww,"146 km E of Namie, Japan",2011,3
2011-03-11 20:11:24.060000+00:00,39.005,142.633,17.4,6.1,mwc,"72 km ESE of Kamaishi, Japan",2011,3
2011-03-11 19:46:50.880000+00:00,40.483,139.055,10.0,6.2,mwc,"88 km WNW of Noshiro, Japan",2011,3
2011-03-11 19:02:59.170000+00:00,39.342,142.872,27.1,6.0,mwb,"80 km E of Yamada, Japan",2011,3
2011-03-11 18:59:16.540000+00:00,37.014,138.376,9.3,6.2,mwb,"13 km E of Arai, Japan",2011,3
2011-03-11 15:20:08.190000+00:00,36.398,141.864,52.8,6.0,mb,"108 km ESE of Takahagi, Japan",2011,3
2011-03-11 15:13:14.680000+00:00,35.994,141.808,21.0,6.3,mwb,"92 km ENE of Hasaki, Japan",2011,3
2011-03-11 11:36:40.920000+00:00,39.241,142.463,25.7,6.6,ms,"50 km ESE of ?tsuchi, Japan",2011,3
2011-03-11 10:10:34.220000+00:00,39.185,142.76,26.5,6.0,mb,"76 km ESE of Yamada, Japan",2011,3
2011-03-11 08:33:00.780000+00:00,39.14,142.967,27.6,6.0,mb,"94 km ESE of Yamada, Japan",2011,3
2011-03-11 08:31:09.260000+00:00,37.469,141.176,37.3,6.0,mb,"15 km E of Namie, Japan",2011,3
2011-03-11 08:27:51.600000+00:00,38.017,142.657,42.8,6.0,mb,"126 km ESE of Ishinomaki, Japan",2011,3
2011-03-11 08:26:36.930000+00:00,37.367,143.017,17.0,6.1,mb,"178 km E of Namie, Japan",2011,3
2011-03-11 08:19:24.380000+00:00,36.166,141.562,6.8,6.5,mb,"81 km NE of Hasaki, Japan",2011,3
2011-03-11 08:15:41.850000+00:00,37.047,144.541,41.0,6.1,mb,"off the east coast of Honshu, Japan",2011,3
2011-03-11 08:12:07.260000+00:00,36.569,141.486,39.6,6.2,mb,"70 km ESE of Kitaibaraki, Japan",2011,3
2011-03-11 07:30:18.450000+00:00,37.442,141.195,49.2,6.0,mb,"17 km ESE of Namie, Japan",2011,3
2011-03-11 07:29:01.830000+00:00,39.031,142.349,45.4,6.3,mb,"49 km ESE of Kamaishi, Japan",2011,3
2011-03-11 07:28:12.360000+00:00,36.823,141.824,28.4,6.1,mb,"87 km ESE of Iwaki, Japan",2011,3
2011-03-11 07:25:36.460000+00:00,37.934,144.529,39.5,6.1,mb,"275 km ESE of Kamaishi, Japan",2011,3
2011-03-11 07:14:58.820000+00:00,36.586,141.823,24.7,6.3,mb,"near the east coast of Honshu, Japan",2011,3
2011-03-11 06:59:00.270000+00:00,37.357,144.725,35.9,6.3,mb,"off the east coast of Honshu, Japan",2011,3
2011-03-11 06:57:16.510000+00:00,35.712,140.875,47.5,6.0,mb,"4 km ESE of Hasaki, Japan",2011,3
2011-03-11 06:49:16.610000+00:00,37.337,144.237,47.3,6.1,mb,"284 km ESE of Ishinomaki, Japan",2011,3
2011-03-11 06:48:45.590000+00:00,37.961,142.724,11.7,6.2,mb,"134 km ESE of Ishinomaki, Japan",2011,3
2011-03-11 06:29:15.990000+00:00,37.812,144.233,40.6,6.1,mb,"260 km ESE of ?funato, Japan",2011,3
2011-03-11 06:25:50.300000+00:00,38.058,144.59,18.6,7.7,mwc,"272 km ESE of Kamaishi, Japan",2011,3
2011-03-11 06:23:09.480000+00:00,39.03,142.284,56.3,6.2,mb,"45 km SE of Kamaishi, Japan",2011,3
2011-03-11 06:21:32.700000+00:00,38.29,142.813,51.7,6.2,mb,"128 km SE of ?funato, Japan",2011,3
2011-03-11 06:20:04.110000+00:00,36.004,142.067,49.3,6.5,mb,"115 km ENE of Hasaki, Japan",2011,3
2011-03-11 06:18:49.510000+00:00,36.023,142.269,16.0,6.6,mb,"133 km ENE of Hasaki, Japan",2011,3
2011-03-11 06:15:40.280000+00:00,36.281,141.111,42.6,7.9,mwc,"47 km E of ?arai, Japan",2011,3
2011-03-11 06:15:23.120000+00:00,37.93,143.802,35.0,6.3,mb,"221 km SE of ?funato, Japan",2011,3
2011-03-11 06:13:01.040000+00:00,37.211,141.601,40.1,6.2,mb,"61 km ESE of Namie, Japan",2011,3
2011-03-11 06:12:36.360000+00:00,37.788,144.233,25.4,6.2,mb,"261 km ESE of ?funato, Japan",2011,3
2011-03-11 06:08:29.660000+00:00,38.969,143.37,2.8,6.7,mb,"134 km ESE of Kamaishi, Japan",2011,3
2011-03-11 06:07:20.880000+00:00,36.419,141.876,32.3,6.4,mb,"108 km ESE of Kitaibaraki, Japan",2011,3
2011-03-11 06:06:13.170000+00:00,39.003,142.29,42.7,6.3,mb,"47 km SE of Kamaishi, Japan",2011,3
2011-03-11 06:00:39.300000+00:00,38.095,142.492,40.6,6.2,mb,"110 km ESE of Ishinomaki, Japan",2011,3
2011-03-11 05:58:07.490000+00:00,37.623,142.155,50.7,6.3,mb,"103 km E of Namie, Japan",2011,3
2011-03-11 05:55:45.480000+00:00,37.359,143.351,35.0,6.4,mb,"208 km E of Namie, Japan",2011,3
2011-03-11 05:54:31.940000+00:00,37.712,141.184,32.3,6.3,mb,"30 km NNE of Namie, Japan",2011,3
2011-03-11 05:46:24.120000+00:00,38.297,142.373,29.0,9.1,mww,"2011 Great Tohoku Earthquake, Japan",2011,3
2011-03-09 21:24:49.760000+00:00,-5.985,149.777,29.0,6.4,mww,"35 km NE of Kandrian, Papua New Guinea",2011,3
2011-03-09 21:24:01.680000+00:00,38.296,142.808,15.0,6.5,mwc,"128 km SE of ?funato, Japan",2011,3
2011-03-09 21:22:17.580000+00:00,38.345,142.648,23.0,6.0,mwc,"114 km SE of ?funato, Japan",2011,3
2011-03-09 18:16:16.440000+00:00,38.315,142.434,22.0,6.0,mww,"99 km E of Ishinomaki, Japan",2011,3
2011-03-09 02:45:20.330000+00:00,38.435,142.842,32.0,7.3,mww,"120 km SE of ?funato, Japan",2011,3
2011-03-07 00:09:36.450000+00:00,-10.349,160.766,22.0,6.3,mww,"126 km W of Kirakira, Solomon Islands",2011,3
2011-03-01 00:53:46.340000+00:00,-29.701,-111.981,10.0,6.0,mww,Easter Island region,2011,3
2011-02-21 23:51:42.350000+00:00,-43.583,172.68,5.9,6.1,mww,"6 km SE of Christchurch, New Zealand",2011,2
2011-02-20 21:43:24.150000+00:00,55.918,162.117,33.0,6.1,mww,"41 km SSW of Ust’-Kamchatsk Staryy, Russia",2011,2
2011-02-15 13:33:53.180000+00:00,-2.497,121.483,16.2,6.1,mww,"146 km SSE of Poso, Indonesia",2011,2
2011-02-14 03:40:09.920000+00:00,-35.38,-72.834,21.0,6.7,mww,"38 km W of Constitución, Chile",2011,2
2011-02-13 10:35:06.740000+00:00,-36.649,-73.176,17.0,6.0,mwc,"9 km NNW of Talcahuano, Chile",2011,2
2011-02-12 01:17:01.410000+00:00,-37.027,-72.954,16.0,6.1,mwb,"13 km SSE of Chiguayante, Chile",2011,2
2011-02-11 20:05:30.910000+00:00,-36.422,-72.96,26.0,6.9,mww,"21 km N of Tomé, Chile",2011,2
2011-01-29 06:55:27.520000+00:00,70.931,-6.657,15.0,6.2,mwc,"75 km E of Olonkinbyen, Svalbard and Jan Mayen",2011,1
2011-01-27 08:38:28.340000+00:00,28.195,59.015,10.0,6.2,mww,"119 km SSE of Bam, Iran",2011,1
2011-01-26 15:42:29.590000+00:00,2.205,96.829,23.0,6.1,mww,"58 km ESE of Sinabang, Indonesia",2011,1
2011-01-18 20:23:23.480000+00:00,28.777,63.951,68.0,7.2,mww,"46 km WSW of Dalbandin, Pakistan",2011,1
2011-01-17 19:20:57.210000+00:00,-5.03,102.647,36.0,6.0,mww,"129 km SSW of Pagar Alam, Indonesia",2011,1
2011-01-13 16:16:41.540000+00:00,-20.628,168.471,9.0,7.0,mww,"118 km NNE of Tadine, New Caledonia",2011,1
2011-01-09 17:21:51.650000+00:00,-19.201,168.155,18.0,6.1,mww,"124 km WNW of Isangel, Vanuatu",2011,1
2011-01-09 10:03:43.990000+00:00,-19.155,168.312,22.0,6.5,mww,"110 km WNW of Isangel, Vanuatu",2011,1
2011-01-02 20:20:17.780000+00:00,-38.355,-73.326,24.0,7.2,mww,"42 km NNW of Carahue, Chile",2011,1
2010-12-29 06:54:19.640000+00:00,-19.661,168.14,16.0,6.4,mwc,"120 km W of Isangel, Vanuatu",2010,12
2010-12-26 02:13:37.680000+00:00,-19.616,168.284,13.0,6.0,mwb,"105 km W of Isangel, Vanuatu",2010,12
2010-12-25 13:16:37+00:00,-19.702,167.947,16.0,7.3,mwc,"141 km W of Isangel, Vanuatu",2010,12
2010-12-23 14:00:32.330000+00:00,53.127,171.161,18.0,6.4,mwc,"139 km WNW of Attu Station, Alaska",2010,12
2010-12-22 21:49:40.080000+00:00,26.81,143.595,18.0,6.4,mwc,"Bonin Islands, Japan region",2010,12
2010-12-21 17:19:40.660000+00:00,26.901,143.698,14.0,7.4,mwc,"Bonin Islands, Japan region",2010,12
2010-12-20 18:41:59.200000+00:00,28.412,59.18,12.0,6.7,mwc,"111 km SE of Bam, Iran",2010,12
2010-12-08 05:24:35.260000+00:00,-56.412,-25.741,29.4,6.3,mwc,South Sandwich Islands region,2010,12
2010-12-02 03:12:09.820000+00:00,-6.001,149.977,33.0,6.6,mwb,"52 km ENE of Kandrian, Papua New Guinea",2010,12
2010-12-01 16:01:27.440000+00:00,-15.888,-178.956,15.2,6.1,mwc,"189 km ENE of Labasa, Fiji",2010,12
2010-11-23 09:01:06.860000+00:00,-5.959,148.966,68.0,6.1,mwc,"69 km WNW of Kandrian, Papua New Guinea",2010,11
2010-11-21 04:36:31.440000+00:00,-54.967,-131.479,10.0,6.0,mwc,Pacific-Antarctic Ridge,2010,11
2010-11-10 04:05:24.410000+00:00,-45.464,96.394,10.0,6.5,mwc,southeast Indian Ridge,2010,11
2010-11-03 23:34:42.480000+00:00,-20.466,-174.28,18.0,6.1,mwc,"72 km S of Pangai, Tonga",2010,11
2010-11-03 11:18:15.570000+00:00,-4.617,134.071,10.0,6.0,mwc,"184 km NE of Tual, Indonesia",2010,11
2010-10-30 15:18:33.070000+00:00,-56.586,-142.292,10.0,6.4,mwc,Pacific-Antarctic Ridge,2010,10
2010-10-25 19:37:31.150000+00:00,-2.958,100.372,26.0,6.3,mwc,"150 km SW of Sungai Penuh, Indonesia",2010,10
2010-10-25 14:42:22.460000+00:00,-3.487,100.082,20.1,7.8,mwc,"215 km SW of Sungai Penuh, Indonesia",2010,10
2010-10-21 17:53:13.570000+00:00,24.696,-109.156,13.0,6.7,mwc,"97 km SSW of El Huitusi, Mexico",2010,10
2010-10-08 03:49:10.720000+00:00,51.287,-175.18,27.7,6.0,mwc,"120 km ESE of Adak, Alaska",2010,10
2010-10-08 03:26:13.710000+00:00,51.374,-175.361,19.0,6.4,mwc,"104 km ESE of Adak, Alaska",2010,10
2010-10-04 13:28:38.860000+00:00,24.27,125.154,32.0,6.3,mwb,"61 km SSW of Hirara, Japan",2010,10
2010-09-29 17:11:25.940000+00:00,-4.963,133.76,26.0,7.0,mwc,"Near the south coast of Papua, Indonesia",2010,9
2010-09-29 17:10:51.080000+00:00,-4.909,133.712,10.0,6.2,mb,"132 km NE of Tual, Indonesia",2010,9
2010-09-26 12:12:41.710000+00:00,-5.314,133.917,30.0,6.0,mwc,"133 km ENE of Tual, Indonesia",2010,9
2010-09-09 07:28:01.720000+00:00,-37.034,-73.412,16.0,6.2,mwb,"23 km WNW of Lota, Chile",2010,9
2010-09-08 11:37:31.890000+00:00,-20.671,169.818,10.0,6.3,mwc,"137 km SSE of Isangel, Vanuatu",2010,9
2010-09-07 16:13:32.060000+00:00,-15.879,-179.306,9.0,6.3,mwc,"154 km ENE of Labasa, Fiji",2010,9
2010-09-04 08:52:04.100000+00:00,-17.368,-173.999,69.0,6.1,mwb,"141 km N of Neiafu, Tonga",2010,9
2010-09-03 16:35:47.770000+00:00,-43.522,171.83,12.0,7.0,mwc,"19 km NE of Methven, New Zealand",2010,9
2010-09-03 11:16:06.600000+00:00,51.451,-175.87,23.5,6.5,mwc,"70 km SE of Adak, Alaska",2010,9
2010-08-24 02:11:59.090000+00:00,18.795,-107.193,10.0,6.2,mwc,"226 km SW of La Cruz de Loreto, Mexico",2010,8
2010-08-20 17:56:14.150000+00:00,-6.57,154.246,19.0,6.1,mwc,"139 km WSW of Panguna, Papua New Guinea",2010,8
2010-08-18 16:28:15.440000+00:00,12.234,141.514,10.0,6.3,mwc,"293 km NNE of Fais, Micronesia",2010,8
2010-08-16 03:30:53.310000+00:00,-17.759,65.647,9.8,6.3,mwc,Mauritius - Reunion region,2010,8
2010-08-14 23:01:04.090000+00:00,12.273,141.429,13.0,6.6,mwc,"294 km NNE of Fais, Micronesia",2010,8
2010-08-14 07:30:16.940000+00:00,12.348,141.487,10.0,6.2,mwc,Mariana Islands region,2010,8
2010-08-13 21:19:34.090000+00:00,12.487,141.474,16.0,6.9,mwc,Mariana Islands region,2010,8
2010-08-10 05:23:44.980000+00:00,-17.541,168.069,25.0,7.3,mwc,"33 km NW of Port-Vila, Vanuatu",2010,8
2010-08-04 23:48:02.070000+00:00,45.98,153.175,27.8,6.0,mwc,east of the Kuril Islands,2010,8
2010-08-04 22:01:43.620000+00:00,-5.746,150.765,44.0,7.0,mww,"72 km ESE of Kimbe, Papua New Guinea",2010,8
2010-08-04 12:58:24.200000+00:00,51.423,-178.649,27.0,6.4,mwc,"148 km WSW of Adak, Alaska",2010,8
2010-08-04 04:46:20.380000+00:00,-26.916,-177.245,19.0,6.0,mwc,south of the Fiji Islands,2010,8
2010-08-03 12:08:25.950000+00:00,1.239,126.213,41.0,6.3,mwc,"139 km WNW of Ternate, Indonesia",2010,8
2010-07-30 03:56:13.710000+00:00,52.498,159.843,23.0,6.3,mwc,"100 km SE of Petropavlovsk-Kamchatsky, Russia",2010,7
2010-07-22 05:03:56.440000+00:00,-15.132,168.162,6.0,6.1,mwc,"115 km ENE of Luganville, Vanuatu",2010,7
2010-07-20 19:18:20.370000+00:00,-5.902,150.712,24.0,6.3,mwc,"74 km ESE of Kimbe, Papua New Guinea",2010,7
2010-07-18 19:48:04.540000+00:00,52.815,-169.719,10.0,6.0,mwb,"59 km WSW of Nikolski, Alaska",2010,7
2010-07-18 13:34:59.360000+00:00,-5.931,150.59,35.0,7.3,mwc,"New Britain region, Papua New Guinea",2010,7
2010-07-18 13:04:09.410000+00:00,-5.966,150.428,28.0,6.9,mwc,"56 km SE of Kimbe, Papua New Guinea",2010,7
2010-07-18 05:56:44.930000+00:00,52.876,-169.848,14.0,6.7,mwc,"66 km W of Nikolski, Alaska",2010,7
2010-07-14 08:32:21.490000+00:00,-38.067,-73.31,22.0,6.6,mwc,"30 km SSE of Cañete, Chile",2010,7
2010-07-10 11:43:32.790000+00:00,11.143,145.999,13.0,6.3,mwc,"272 km SSE of Inarajan Village, Guam",2010,7
2010-07-04 21:55:51.980000+00:00,39.697,142.369,27.0,6.3,mwc,"37 km E of Miyako, Japan",2010,7
2010-07-02 06:04:03.130000+00:00,-13.643,166.485,29.0,6.3,mwc,"118 km WNW of Sola, Vanuatu",2010,7
2010-06-30 07:22:27.690000+00:00,16.396,-97.782,20.0,6.3,mwc,"2 km ESE of San Agustín Chayuco, Mexico",2010,6
2010-06-26 05:30:19.490000+00:00,-10.627,161.447,35.0,6.7,mwc,"55 km WSW of Kirakira, Solomon Islands",2010,6
2010-06-24 05:32:27.400000+00:00,-5.514,151.161,40.0,6.1,mwb,"113 km E of Kimbe, Papua New Guinea",2010,6
2010-06-18 02:23:05.580000+00:00,44.448,148.689,28.0,6.2,mwc,"107 km SE of Kuril’sk, Russia",2010,6
2010-06-16 03:58:08.480000+00:00,-2.329,136.484,10.5,6.6,mwc,"135 km SSE of Biak, Indonesia",2010,6
2010-06-16 03:16:27.550000+00:00,-2.174,136.543,18.0,7.0,mwc,"121 km SSE of Biak, Indonesia",2010,6
2010-06-16 03:06:02.420000+00:00,-2.386,136.635,13.0,6.2,mwb,"147 km SSE of Biak, Indonesia",2010,6
2010-06-12 19:26:50.460000+00:00,7.881,91.936,35.0,7.5,mwc,"Nicobar Islands, India region",2010,6
2010-06-09 23:23:17.350000+00:00,-18.597,169.485,12.0,6.0,mwb,"106 km NNE of Isangel, Vanuatu",2010,6
2010-06-01 03:26:15.760000+00:00,9.331,-84.206,18.0,6.0,mwc,"12 km SSW of Quepos, Costa Rica",2010,6
2010-05-31 10:16:00.230000+00:00,6.948,124.025,20.0,6.0,mwc,"11 km SW of Rimpeso, Philippines",2010,5
2010-05-27 20:48:00.440000+00:00,-13.658,166.745,35.0,6.1,mwc,"90 km WNW of Sola, Vanuatu",2010,5
2010-05-27 17:14:46.570000+00:00,-13.698,166.643,31.0,7.2,mwc,"100 km WNW of Sola, Vanuatu",2010,5
2010-05-26 08:53:08.030000+00:00,25.773,129.944,10.0,6.5,mwc,"216 km ESE of Katsuren-haebaru, Japan",2010,5
2010-05-25 10:09:05.780000+00:00,35.336,-35.924,10.0,6.3,mwc,northern Mid-Atlantic Ridge,2010,5
2010-05-19 10:51:03.080000+00:00,-54.843,-135.398,10.0,6.0,mwc,Pacific-Antarctic Ridge,2010,5
2010-05-19 10:30:10.400000+00:00,-54.8,-135.252,10.0,6.0,mwc,Pacific-Antarctic Ridge,2010,5
2010-05-09 05:59:41.620000+00:00,3.748,96.018,38.0,7.2,mwc,"45 km SSW of Meulaboh, Indonesia",2010,5
2010-05-06 02:42:47.940000+00:00,-18.058,-70.547,37.0,6.2,mwc,"21 km S of Las Yaras, Peru",2010,5
2010-05-05 16:29:03.210000+00:00,-4.054,101.096,27.0,6.5,mwc,"132 km WSW of Bengkulu, Indonesia",2010,5
2010-05-03 23:09:44.790000+00:00,-38.072,-73.454,19.0,6.3,mwc,"30 km S of Cañete, Chile",2010,5
2010-04-30 23:16:28.640000+00:00,60.478,-177.65,14.9,6.3,mwc,Bering Sea,2010,4
2010-04-30 23:11:43.100000+00:00,60.473,-177.877,12.0,6.5,mwc,Bering Sea,2010,4
2010-04-26 02:59:52.150000+00:00,22.18,123.623,22.0,6.5,mwc,"245 km SSW of Ishigaki, Japan",2010,4
2010-04-24 07:41:00.410000+00:00,-1.912,128.122,27.0,6.0,mwc,"181 km NNW of Amahai, Indonesia",2010,4
2010-04-23 10:03:06.180000+00:00,-37.529,-72.969,32.0,6.0,mwc,"26 km W of Nacimiento, Chile",2010,4
2010-04-21 17:20:29.110000+00:00,-15.271,-173.219,35.0,6.1,mwc,"97 km NE of Hihifo, Tonga",2010,4
2010-04-17 23:15:22.020000+00:00,-6.669,147.291,53.0,6.2,mwc,"33 km E of Lae, Papua New Guinea",2010,4
2010-04-14 01:25:15.580000+00:00,33.195,96.449,7.6,6.1,mwc,"239 km NNW of Qamdo, China",2010,4
2010-04-13 23:49:38.330000+00:00,33.165,96.548,17.0,6.9,mwc,"233 km NNW of Qamdo, China",2010,4
2010-04-11 09:40:25.600000+00:00,-10.878,161.116,21.0,6.9,mwc,"99 km WSW of Kirakira, Solomon Islands",2010,4
2010-04-07 14:33:01.930000+00:00,-3.76,141.943,23.0,6.0,mwc,"82 km SSW of Aitape, Papua New Guinea",2010,4
2010-04-06 22:15:01.580000+00:00,2.383,97.048,31.0,7.8,mwc,"75 km E of Sinabang, Indonesia",2010,4
2010-04-05 10:05:44.630000+00:00,-0.183,125.009,25.0,6.2,mww,"164 km S of Tondano, Indonesia",2010,4
2010-04-04 22:40:42.360000+00:00,32.2861667,-115.2953333,9.987,7.2,mw,"The 2010 Sierra El Mayor, B.C., Mexico Earthquake",2010,4
2010-04-02 22:58:07.560000+00:00,-36.227,-72.878,24.0,6.0,mwc,"30 km W of Quirihue, Chile",2010,4
2010-03-30 16:54:46.730000+00:00,13.667,92.831,34.0,6.6,mwc,"217 km N of Bamboo Flat, India",2010,3
2010-03-28 21:38:28+00:00,-35.387,-73.385,29.9,6.0,mwb,"88 km W of Constitución, Chile",2010,3
2010-03-26 14:52:07.230000+00:00,-27.953,-70.821,42.0,6.3,mwb,"69 km N of Vallenar, Chile",2010,3
2010-03-25 05:29:24.720000+00:00,13.827,120.071,16.0,6.0,mwc,"2 km SW of Tagbak, Philippines",2010,3
2010-03-16 02:21:57.940000+00:00,-36.217,-73.257,18.0,6.7,mwc,"52 km NNW of Tomé, Chile",2010,3
2010-03-15 11:08:28.960000+00:00,-35.802,-73.158,14.0,6.2,mwc,"76 km NW of Quirihue, Chile",2010,3
2010-03-14 08:08:03.960000+00:00,37.745,141.59,32.0,6.5,mwc,"59 km ENE of Namie, Japan",2010,3
2010-03-14 00:57:44.700000+00:00,-1.692,128.135,53.0,6.4,mwb,"202 km NNW of Amahai, Indonesia",2010,3
2010-03-11 15:06:02.130000+00:00,-34.47,-72.004,31.5,6.0,mb,"61 km WNW of Santa Cruz, Chile",2010,3
2010-03-11 14:55:27.510000+00:00,-34.326,-71.799,18.0,7.0,mwc,"52 km NW of Santa Cruz, Chile",2010,3
2010-03-11 14:39:43.950000+00:00,-34.29,-71.891,11.0,6.9,mwc,"61 km NW of Santa Cruz, Chile",2010,3
2010-03-08 02:32:34.710000+00:00,38.864,39.986,12.0,6.1,mwc,"10 km SSW of Karakoçan, Turkey",2010,3
2010-03-07 07:05:24.640000+00:00,-16.236,-115.296,18.0,6.3,mwc,southern East Pacific Rise,2010,3
2010-03-05 16:07:00.680000+00:00,-3.762,100.991,26.0,6.8,mwc,"141 km W of Bengkulu, Indonesia",2010,3
2010-03-05 11:47:06.820000+00:00,-36.665,-73.374,18.0,6.6,mwb,"23 km WNW of Talcahuano, Chile",2010,3
2010-03-05 09:19:36.380000+00:00,-36.631,-73.223,29.9,6.1,mwc,"14 km NW of Talcahuano, Chile",2010,3
2010-03-04 01:59:48.670000+00:00,-33.216,-72.125,24.2,6.0,mwc,"50 km WSW of Valparaíso, Chile",2010,3
2010-03-04 00:18:51.290000+00:00,22.918,120.795,21.0,6.3,mwc,"41 km SE of Yujing, Taiwan",2010,3
2010-03-03 17:44:25.040000+00:00,-36.61,-73.36,20.0,6.1,mwc,"25 km WNW of Talcahuano, Chile",2010,3
2010-02-28 11:25:35.920000+00:00,-34.903,-71.617,46.0,6.2,mwb,"27 km W of Rauco, Chile",2010,2
2010-02-27 23:12:34.910000+00:00,-34.7,-71.827,35.0,6.0,mb,"42 km W of Santa Cruz, Chile",2010,2
2010-02-27 19:00:06.860000+00:00,-33.422,-71.828,31.1,6.2,mwc,"25 km NW of Cartagena, Chile",2010,2
2010-02-27 17:24:30.590000+00:00,-36.354,-73.208,19.0,6.1,mwb,"36 km NW of Tomé, Chile",2010,2
2010-02-27 15:45:37+00:00,-24.872,-65.602,10.0,6.3,mwc,"5 km NE of Campo Quijano, Argentina",2010,2
2010-02-27 10:30:36.400000+00:00,-33.281,-71.955,35.0,6.0,mb,"40 km SW of Valparaíso, Chile",2010,2
2010-02-27 08:25:29.620000+00:00,-34.749,-72.427,35.0,6.1,mb,"64 km N of Constitución, Chile",2010,2
2010-02-27 08:01:23.010000+00:00,-37.773,-75.048,35.0,7.4,mwc,"124 km W of Lebu, Chile",2010,2
2010-02-27 07:37:17.960000+00:00,-36.869,-72.673,35.0,6.0,mb,"27 km NNW of Yumbel, Chile",2010,2
2010-02-27 07:12:28.450000+00:00,-33.878,-71.943,35.0,6.0,mb,"44 km SW of San Antonio, Chile",2010,2
2010-02-27 06:52:34.020000+00:00,-34.867,-72.614,35.0,6.2,mb,"54 km NNW of Constitución, Chile",2010,2
2010-02-27 06:51:17.650000+00:00,-31.663,-69.141,39.8,6.0,mb,"40 km WSW of Villa Basilio Nievas, Argentina",2010,2
2010-02-27 06:34:11.530000+00:00,-36.122,-72.898,22.9,8.8,mww,"2010 Maule, Chile Earthquake",2010,2
2010-02-26 20:31:26.970000+00:00,25.93,128.425,25.0,7.0,mwc,"70 km SE of Katsuren-haebaru, Japan",2010,2
2010-02-22 07:00:51.320000+00:00,-23.626,-176.036,15.0,6.0,mwc,"277 km SSW of ‘Ohonua, Tonga",2010,2
2010-02-13 02:34:28.860000+00:00,-21.902,-174.767,11.0,6.1,mwb,"65 km SSE of ‘Ohonua, Tonga",2010,2
2010-02-09 01:03:44.440000+00:00,-15.053,-173.492,10.0,6.1,mwc,"104 km NNE of Hihifo, Tonga",2010,2
2010-02-07 06:10:00.230000+00:00,23.488,123.615,21.0,6.3,mwc,"109 km SSW of Ishigaki, Japan",2010,2
2010-02-06 04:44:58.400000+00:00,46.836,152.731,30.0,6.0,mwc,Kuril Islands,2010,2
2010-02-05 06:59:05.500000+00:00,-47.911,99.593,1.0,6.2,mwc,southeast Indian Ridge,2010,2
2010-02-01 22:28:16.920000+00:00,-6.112,154.463,32.0,6.2,mwc,"115 km WNW of Panguna, Papua New Guinea",2010,2
2010-01-17 12:00:01.080000+00:00,-57.664,-65.879,5.0,6.3,mwc,Drake Passage,2010,1
2010-01-12 22:00:41.490000+00:00,18.387,-72.784,10.0,6.0,mwc,"4 km SSW of Grangwav, Haiti",2010,1
2010-01-12 21:53:10.060000+00:00,18.443,-72.571,13.0,7.0,mwc,"10 km SE of Léogâne, Haiti",2010,1
2010-01-10 00:27:39.320000+00:00,40.652,-124.6925,28.737,6.5,mw,"The 2010 Eureka, California Earthquake",2010,1
2010-01-09 05:51:30.470000+00:00,-9.131,157.626,12.0,6.2,mwc,"142 km SE of Gizo, Solomon Islands",2010,1
2010-01-05 13:11:42.820000+00:00,-9.05,157.892,35.0,6.0,mwc,"155 km SE of Gizo, Solomon Islands",2010,1
2010-01-05 12:15:32.210000+00:00,-9.019,157.551,15.4,6.8,mwc,"127 km SE of Gizo, Solomon Islands",2010,1
2010-01-05 04:55:39.410000+00:00,-58.173,-14.695,13.0,6.8,mwc,east of the South Sandwich Islands,2010,1
2010-01-03 22:36:25.640000+00:00,-8.783,157.354,10.0,7.1,mwc,"94 km SE of Gizo, Solomon Islands",2010,1
2010-01-03 21:48:02.870000+00:00,-8.726,157.487,10.0,6.6,mwc,"98 km SE of Gizo, Solomon Islands",2010,1
2010-01-02 08:45:33.020000+00:00,12.424,141.949,8.0,6.1,mwb,Mariana Islands region,2010,1
2009-12-31 09:23:24.010000+00:00,-59.401,-150.975,10.0,6.0,mwc,Pacific-Antarctic Ridge,2009,12
2009-12-23 01:11:58.200000+00:00,-1.434,99.393,19.0,6.0,mwc,"119 km WSW of Padang, Indonesia",2009,12
2009-12-19 23:19:15.550000+00:00,-10.108,33.818,6.0,6.0,mwc,"23 km SSW of Karonga, Malawi",2009,12
2009-12-19 13:02:15.570000+00:00,23.796,121.605,43.0,6.4,mwc,"20 km S of Hualien City, Taiwan",2009,12
2009-12-14 08:54:01.820000+00:00,-5.958,154.444,39.0,6.0,mwc,"121 km WNW of Panguna, Papua New Guinea",2009,12
2009-12-09 21:29:02.890000+00:00,2.759,95.91,21.0,6.0,mwc,"60 km WNW of Sinabang, Indonesia",2009,12
2009-12-09 16:00:43.330000+00:00,-0.642,-21.072,10.0,6.4,mwc,central Mid-Atlantic Ridge,2009,12
2009-12-09 09:46:03.300000+00:00,-22.15,170.963,45.0,6.4,mwc,southeast of the Loyalty Islands,2009,12
2009-12-03 06:12:32.490000+00:00,-56.476,-122.321,10.0,6.0,mwc,southern East Pacific Rise,2009,12
2009-11-28 18:10:20.630000+00:00,5.326,126.288,38.8,6.1,mwc,"91 km E of Sarangani, Philippines",2009,11
2009-11-28 09:21:17.980000+00:00,-29.216,-177.018,28.0,6.0,mwc,"Kermadec Islands, New Zealand",2009,11
2009-11-28 06:04:22.200000+00:00,-10.403,118.885,15.0,6.0,mwc,"172 km WSW of Waingapu, Indonesia",2009,11
2009-11-24 12:47:15.660000+00:00,-20.708,-174.035,18.0,6.8,mwc,"104 km SSE of Pangai, Tonga",2009,11
2009-11-17 15:30:47.440000+00:00,52.123,-131.395,17.0,6.6,mwc,"254 km SSW of Prince Rupert, Canada",2009,11
2009-11-13 03:05:57.220000+00:00,-19.394,-70.321,27.0,6.5,mwc,"92 km N of Iquique, Chile",2009,11
2009-11-10 02:48:46.790000+00:00,8.082,91.899,23.0,6.0,mwc,"Nicobar Islands, India region",2009,11
2009-11-08 19:41:43.360000+00:00,-8.207,118.631,18.0,6.6,mwc,"29 km NNW of Bima, Indonesia",2009,11
2009-11-05 09:43:20.710000+00:00,-52.292,160.703,10.0,6.0,mwc,Macquarie Island region,2009,11
2009-11-02 10:47:13.240000+00:00,-24.121,-175.173,9.0,6.2,mwb,south of Tonga,2009,11
2009-10-30 07:03:39.120000+00:00,29.218,129.782,34.0,6.8,mwc,"98 km NNE of Naze, Japan",2009,10
2009-10-27 00:04:46.230000+00:00,-59.955,-65.163,10.0,6.0,mwc,Drake Passage,2009,10
2009-10-23 15:14:13.060000+00:00,-12.196,166.047,31.1,6.0,mwc,"164 km S of Lata, Solomon Islands",2009,10
2009-10-22 00:51:39.210000+00:00,6.729,-82.579,18.0,6.0,mwc,"147 km SSE of Punta de Burica, Panama",2009,10
2009-10-19 22:49:38.410000+00:00,-15.36,-172.264,18.0,6.0,mwc,"159 km SSW of Lotofag?, Samoa",2009,10
2009-10-16 09:52:50.830000+00:00,-6.534,105.223,38.0,6.1,mwc,"69 km WSW of Labuan, Indonesia",2009,10
2009-10-15 17:48:21.890000+00:00,3.272,-103.823,10.0,6.0,mwc,Galapagos Triple Junction region,2009,10
2009-10-14 18:00:21.770000+00:00,-14.91,-174.823,10.0,6.3,mwc,"159 km NW of Hihifo, Tonga",2009,10
2009-10-13 20:21:53.200000+00:00,52.604,-167.118,14.0,6.4,mwc,"123 km ESE of Nikolski, Alaska",2009,10
2009-10-13 11:38:05.310000+00:00,2.93,128.232,32.0,6.0,mwc,"135 km N of Tobelo, Indonesia",2009,10
2009-10-13 05:37:23.690000+00:00,52.754,-166.997,24.0,6.5,mwc,"127 km E of Nikolski, Alaska",2009,10
2009-10-12 09:37:21.480000+00:00,-12.414,166.498,42.0,6.2,mwc,"198 km NW of Sola, Vanuatu",2009,10
2009-10-12 03:15:47.280000+00:00,-17.099,66.688,10.0,6.2,mwc,Mauritius - Reunion region,2009,10
2009-10-11 03:12:13.470000+00:00,-22.0,170.248,10.0,6.0,mwc,"249 km E of Tadine, New Caledonia",2009,10
2009-10-08 21:16:13.850000+00:00,-12.912,166.314,35.0,6.0,mwc,"171 km NW of Sola, Vanuatu",2009,10
2009-10-08 10:11:07.460000+00:00,-11.263,165.819,44.7,6.1,mwc,"59 km S of Lata, Solomon Islands",2009,10
2009-10-08 08:34:36.960000+00:00,-12.237,166.489,35.0,6.0,mb,"183 km SSE of Lata, Solomon Islands",2009,10
2009-10-08 08:28:47.970000+00:00,-13.298,165.91,35.0,6.8,mwc,"188 km WNW of Sola, Vanuatu",2009,10
2009-10-07 23:13:48.160000+00:00,-13.093,166.497,31.1,7.4,mwc,"143 km NW of Sola, Vanuatu",2009,10
2009-10-07 22:50:15.780000+00:00,-12.39,166.086,21.0,6.8,mwc,"186 km S of Lata, Solomon Islands",2009,10
2009-10-07 22:18:51.240000+00:00,-12.517,166.382,35.0,7.8,mwc,"196 km NW of Sola, Vanuatu",2009,10
2009-10-07 22:03:14.470000+00:00,-13.006,166.51,45.0,7.7,mww,"148 km NW of Sola, Vanuatu",2009,10
2009-10-03 17:36:06.120000+00:00,23.63,121.452,28.0,6.1,mww,"41 km SSW of Hualien City, Taiwan",2009,10
2009-10-02 15:47:09.350000+00:00,-17.017,174.505,10.0,6.0,mwc,Fiji region,2009,10
2009-10-02 01:07:39.260000+00:00,-16.335,-173.471,8.0,6.1,mwc,"54 km SE of Hihifo, Tonga",2009,10
2009-10-01 01:52:27.320000+00:00,-2.482,101.524,9.0,6.6,mwc,"49 km SSE of Sungai Penuh, Indonesia",2009,10
2009-09-29 23:45:03.460000+00:00,-15.832,-172.551,10.0,6.0,mb,"134 km E of Hihifo, Tonga",2009,9
2009-09-29 17:56:05.790000+00:00,-15.355,-173.159,10.0,6.0,mb,"95 km NE of Hihifo, Tonga",2009,9
2009-09-29 17:48:10.990000+00:00,-15.489,-172.095,18.0,8.1,mwc,2009 Samoa Earthquake,2009,9
2009-09-24 07:16:20.260000+00:00,18.829,-107.339,13.0,6.4,mwc,"236 km WSW of La Cruz de Loreto, Mexico",2009,9
2009-09-23 02:59:30.530000+00:00,-52.963,159.911,10.0,6.0,mwc,Macquarie Island region,2009,9
2009-09-21 08:53:05.910000+00:00,27.332,91.437,14.0,6.1,mwb,"11 km W of Trashigang, Bhutan",2009,9
2009-09-17 23:21:38.520000+00:00,-29.144,-112.267,10.0,6.2,mwc,Easter Island region,2009,9
2009-09-12 20:06:25.470000+00:00,10.709,-67.927,14.0,6.4,mwc,"27 km NNE of Puerto Cabello, Venezuela",2009,9
2009-09-10 02:46:50.350000+00:00,48.317,154.192,36.0,6.0,mwc,"297 km SSW of Severo-Kuril’sk, Russia",2009,9
2009-09-07 22:41:37.360000+00:00,42.66,43.443,15.0,6.0,mwc,"8 km N of Oni, Georgia",2009,9
2009-09-07 16:12:22.560000+00:00,-10.198,110.628,23.0,6.2,mwc,"250 km S of Pundong, Indonesia",2009,9
2009-09-02 07:55:01.050000+00:00,-7.782,107.297,46.0,7.0,mwc,"66 km SSW of Banjar, Indonesia",2009,9
2009-08-30 14:51:32.890000+00:00,-15.223,-172.571,11.0,6.6,mwc,"154 km ENE of Hihifo, Tonga",2009,8
2009-08-28 01:52:06.640000+00:00,37.696,95.718,13.0,6.3,mwc,"294 km SW of Laojunmiao, China",2009,8
2009-08-20 06:35:04.430000+00:00,72.2,0.944,6.0,6.0,mwc,Norwegian Sea,2009,8
2009-08-17 10:10:56.500000+00:00,23.426,123.516,15.0,6.1,mwc,"120 km SSW of Ishigaki, Japan",2009,8
2009-08-17 00:05:49.030000+00:00,23.501,123.499,20.0,6.7,mwc,"114 km SW of Ishigaki, Japan",2009,8
2009-08-16 07:38:21.700000+00:00,-1.479,99.49,20.0,6.7,mwc,"112 km WSW of Padang, Indonesia",2009,8
2009-08-12 22:48:51.420000+00:00,32.821,140.395,53.0,6.6,mwc,"244 km SSE of Tateyama, Japan",2009,8
2009-08-10 20:07:09.110000+00:00,34.743,138.264,40.4,6.2,mwr,"8 km NE of Sagara, Japan",2009,8
2009-08-10 19:55:38.730000+00:00,14.099,92.902,24.0,7.5,mwc,"266 km N of Bamboo Flat, India",2009,8
2009-08-10 04:06:31+00:00,-11.612,166.09,35.0,6.6,mwc,"103 km SSE of Lata, Solomon Islands",2009,8
2009-08-05 08:31:40.480000+00:00,-45.554,166.356,10.0,6.1,mwc,"107 km W of Te Anau, New Zealand",2009,8
2009-08-05 00:17:58.820000+00:00,24.233,125.095,25.0,6.1,mwc,"66 km SSW of Hirara, Japan",2009,8
2009-08-03 18:40:50.100000+00:00,29.31,-113.728,10.0,6.2,mwc,"97 km N of San Luis, Mexico",2009,8
2009-08-03 17:59:56.170000+00:00,29.039,-112.903,10.0,6.9,mwc,"96 km WNW of Bahía de Kino, Mexico",2009,8
2009-08-02 08:54:33.360000+00:00,-0.447,132.908,20.0,6.1,mwc,"136 km WNW of Manokwari, Indonesia",2009,8
2009-08-01 13:33:29.950000+00:00,-56.234,-124.296,10.0,6.1,mwc,southern East Pacific Rise,2009,8
2009-07-15 20:10:42.660000+00:00,-3.375,150.506,13.4,6.1,mwc,"94 km SSW of Kavieng, Papua New Guinea",2009,7
2009-07-15 09:22:29.030000+00:00,-45.762,166.562,12.0,7.8,mwc,"97 km WSW of Te Anau, New Zealand",2009,7
2009-07-13 18:05:01.420000+00:00,24.056,122.201,17.0,6.3,mwc,"61 km E of Hualien City, Taiwan",2009,7
2009-07-08 19:23:37.730000+00:00,-36.004,-102.686,12.0,6.0,mwc,southeast of Easter Island,2009,7
2009-07-07 19:11:46.710000+00:00,75.351,-72.453,19.0,6.1,mwc,Baffin Bay,2009,7
2009-07-06 14:53:12.240000+00:00,50.435,176.992,22.0,6.1,mwc,"Rat Islands, Aleutian Islands, Alaska",2009,7
2009-07-04 06:49:35.510000+00:00,9.59,-78.966,38.0,6.1,mwc,"4 km NNW of El Porvenir, Panama",2009,7
2009-07-03 11:00:14.630000+00:00,25.131,-109.754,10.0,6.0,mwc,"82 km SSW of Campo Pesquero el Colorado, Mexico",2009,7
2009-07-01 09:30:10.410000+00:00,34.164,25.471,19.0,6.4,mwc,"95 km S of Néa Anatolí, Greece",2009,7
2009-06-23 14:19:22.350000+00:00,-5.157,153.782,64.0,6.7,mwc,"190 km ESE of Kokopo, Papua New Guinea",2009,6
2009-06-16 20:05:56.990000+00:00,-54.366,5.871,10.0,6.1,mwc,Bouvet Island region,2009,6
2009-06-14 05:58:43.270000+00:00,5.361,126.438,35.0,6.1,mwc,"107 km SE of Caburan, Philippines",2009,6
2009-06-12 09:44:15.060000+00:00,-17.611,167.812,15.0,6.0,mwc,"55 km WNW of Port-Vila, Vanuatu",2009,6
2009-06-06 20:33:28.830000+00:00,23.864,-46.105,14.0,6.0,mwc,northern Mid-Atlantic Ridge,2009,6
2009-06-05 03:30:33.060000+00:00,41.824,143.445,29.0,6.4,mwc,"105 km ESE of Shizunai-furukawach?, Japan",2009,6
2009-06-04 17:25:25.500000+00:00,-45.833,35.139,16.0,6.0,mwc,Prince Edward Islands region,2009,6
2009-06-02 02:17:03.510000+00:00,-17.757,167.949,15.0,6.3,mwc,"38 km W of Port-Vila, Vanuatu",2009,6
2009-05-28 08:24:46.560000+00:00,16.731,-86.217,19.0,7.3,mwc,"46 km NW of Guanaja, Honduras",2009,5
2009-05-24 00:58:02.110000+00:00,-31.475,-177.683,4.0,6.0,mwb,Kermadec Islands region,2009,5
2009-05-16 00:53:51.250000+00:00,-31.553,-178.833,43.0,6.5,mwc,Kermadec Islands region,2009,5
2009-05-10 01:16:06.960000+00:00,1.393,-85.169,6.0,6.1,mwc,off the coast of Ecuador,2009,5
2009-04-19 05:23:25.880000+00:00,4.136,126.678,25.0,6.1,mwc,"194 km SE of Sarangani, Philippines",2009,4
2009-04-18 19:17:58.930000+00:00,46.015,151.427,35.0,6.6,mwc,"290 km ENE of Kuril’sk, Russia",2009,4
2009-04-17 02:08:08.710000+00:00,-19.584,-70.483,25.0,6.1,mwc,"77 km NNW of Iquique, Chile",2009,4
2009-04-16 14:57:06.200000+00:00,-60.203,-26.858,20.0,6.7,mwc,South Sandwich Islands region,2009,4
2009-04-15 20:01:34.680000+00:00,-3.115,100.471,22.0,6.3,mwc,"155 km SW of Sungai Penuh, Indonesia",2009,4
2009-04-07 04:23:33.150000+00:00,46.049,151.548,31.0,6.9,mwc,Kuril Islands,2009,4
2009-04-06 01:32:39+00:00,42.334,13.334,8.8,6.3,mwc,"3 km SE of Sassa, Italy",2009,4
2009-04-04 05:31:55.480000+00:00,5.149,127.201,48.0,6.3,mwc,Philippine Islands region,2009,4
2009-04-01 03:54:58.770000+00:00,-3.522,144.102,10.0,6.4,mwc,"52 km E of Wewak, Papua New Guinea",2009,4
2009-03-19 18:17:40.470000+00:00,-23.043,-174.66,31.0,7.6,mwc,"191 km S of ‘Ohonua, Tonga",2009,3
2009-03-16 14:15:56.460000+00:00,3.807,126.552,35.0,6.3,mwc,"213 km SE of Sarangani, Philippines",2009,3
2009-03-12 23:23:34.820000+00:00,5.686,-82.767,9.0,6.3,mwc,"259 km S of Punta de Burica, Panama",2009,3
2009-03-06 10:50:29.410000+00:00,80.324,-1.853,9.0,6.5,mwc,north of Svalbard,2009,3
2009-02-28 14:33:06.350000+00:00,-60.525,-24.796,15.0,6.3,mwc,South Sandwich Islands region,2009,2
2009-02-22 17:45:22.400000+00:00,3.679,126.561,32.0,6.0,mwc,"226 km SSE of Sarangani, Philippines",2009,2
2009-02-18 21:53:45.160000+00:00,-27.424,-176.33,25.0,7.0,mwc,Kermadec Islands region,2009,2
2009-02-17 03:30:53.330000+00:00,-30.724,-178.617,13.0,6.0,mwc,"Kermadec Islands, New Zealand",2009,2
2009-02-15 10:04:49.310000+00:00,-5.854,-80.891,21.0,6.1,mwc,near the coast of northern Peru,2009,2
2009-02-12 13:15:06.280000+00:00,4.036,126.548,27.0,6.3,mwc,"193 km SE of Sarangani, Philippines",2009,2
2009-02-12 08:30:17.260000+00:00,3.972,126.724,35.0,6.0,mwc,"211 km SE of Sarangani, Philippines",2009,2
2009-02-12 03:49:39.660000+00:00,3.947,126.411,26.0,6.0,mwc,"192 km SSE of Sarangani, Philippines",2009,2
2009-02-11 18:25:11.240000+00:00,4.026,126.783,35.0,6.0,mwc,"211 km SE of Sarangani, Philippines",2009,2
2009-02-11 17:34:50.490000+00:00,3.886,126.387,20.0,7.2,mwc,"196 km SSE of Sarangani, Philippines",2009,2
2009-02-09 14:09:02.980000+00:00,-6.567,-81.15,15.0,6.0,mwb,"117 km SSW of Sechura, Peru",2009,2
2009-02-02 17:53:21.800000+00:00,-13.582,-76.558,21.0,6.0,mwc,"40 km WNW of Pisco, Peru",2009,2
2009-01-22 13:40:25.990000+00:00,-5.912,148.511,44.0,6.1,mwb,"New Britain region, Papua New Guinea",2009,1
2009-01-21 17:08:42.990000+00:00,-22.689,171.043,24.0,6.1,mwc,southeast of the Loyalty Islands,2009,1
2009-01-19 03:46:37.520000+00:00,-22.477,170.806,35.0,6.0,mwc,southeast of the Loyalty Islands,2009,1
2009-01-19 03:35:18.840000+00:00,-22.596,170.911,12.0,6.6,mwc,southeast of the Loyalty Islands,2009,1
2009-01-18 14:11:48.860000+00:00,-30.199,-177.951,33.0,6.4,mwc,"Kermadec Islands, New Zealand",2009,1
2009-01-15 17:49:39.070000+00:00,46.857,155.154,36.0,7.4,mwc,east of the Kuril Islands,2009,1
2009-01-15 07:27:20.290000+00:00,-22.352,170.635,27.0,6.7,mwc,"298 km ESE of Tadine, New Caledonia",2009,1
2009-01-13 01:04:42.640000+00:00,-13.147,66.078,10.0,6.0,mwc,Mid-Indian Ridge,2009,1
2009-01-08 19:21:35.610000+00:00,10.165,-84.197,14.0,6.1,mwc,"10 km NNE of Sabanilla, Costa Rica",2009,1
2009-01-06 22:48:27.250000+00:00,-0.659,133.434,16.0,6.0,mwc,"73 km WNW of Manokwari, Indonesia",2009,1
2009-01-03 22:33:40.290000+00:00,-0.691,133.305,23.0,7.4,mwc,"86 km WNW of Manokwari, Indonesia",2009,1
2009-01-03 19:43:50.650000+00:00,-0.414,132.885,17.0,7.7,mwc,"140 km WNW of Manokwari, Indonesia",2009,1
2008-12-24 09:11:34.290000+00:00,-17.29,-171.909,9.0,6.0,mwc,"249 km SE of Hihifo, Tonga",2008,12
2008-12-20 10:29:23.100000+00:00,36.541,142.425,19.0,6.3,mwc,"148 km ESE of Iwaki, Japan",2008,12
2008-12-18 21:50:28+00:00,-32.473,-72.051,25.0,6.0,mwc,"73 km NNW of Valparaíso, Chile",2008,12
2008-12-18 21:19:28.380000+00:00,-32.458,-71.726,18.0,6.2,mwc,"46 km W of La Ligua, Chile",2008,12
2008-12-10 13:15:34.430000+00:00,-12.337,166.572,51.0,6.0,mwb,"197 km SSE of Lata, Solomon Islands",2008,12
2008-12-09 06:23:59.750000+00:00,-31.232,-176.924,18.0,6.8,mwc,Kermadec Islands region,2008,12
2008-12-08 18:39:09.480000+00:00,-53.005,106.823,11.0,6.3,mwc,southeast Indian Ridge,2008,12
2008-11-22 18:49:42.380000+00:00,-1.23,-13.933,10.0,6.3,mwc,north of Ascension Island,2008,11
2008-11-22 16:01:39.380000+00:00,-22.523,171.199,57.3,6.4,mwc,southeast of the Loyalty Islands,2008,11
2008-11-22 16:01:01.700000+00:00,-4.348,101.259,24.0,6.3,mwc,"127 km WSW of Bengkulu, Indonesia",2008,11
2008-11-19 06:11:20.790000+00:00,8.267,-82.967,32.0,6.3,mwc,"11 km W of Puerto Armuelles, Panama",2008,11
2008-11-16 17:02:32.700000+00:00,1.271,122.091,30.0,7.4,mww,"135 km NW of Gorontalo, Indonesia",2008,11
2008-11-10 01:22:02.570000+00:00,37.565,95.833,19.0,6.3,mwc,"northern Qinghai, China",2008,11
2008-11-07 16:04:23.350000+00:00,-6.712,129.074,10.0,6.2,mwc,Banda Sea,2008,11
2008-11-07 07:19:35.710000+00:00,-14.829,168.032,13.0,6.4,mwc,"105 km ENE of Port-Olry, Vanuatu",2008,11
2008-11-02 13:48:42.820000+00:00,51.552,-174.366,36.0,6.1,mwc,"72 km S of Atka, Alaska",2008,11
2008-11-01 01:13:09.640000+00:00,-3.399,148.712,10.0,6.0,mwc,"220 km SE of Lorengau, Papua New Guinea",2008,11
2008-10-30 15:15:41.140000+00:00,-9.02,-108.246,10.0,6.1,mwc,central East Pacific Rise,2008,10
2008-10-29 11:32:43.130000+00:00,30.598,67.455,14.0,6.4,mwc,"13 km NNW of Alik Ghund, Pakistan",2008,10
2008-10-28 23:09:57.650000+00:00,30.639,67.351,15.0,6.4,mwc,"23 km NW of Alik Ghund, Pakistan",2008,10
2008-10-28 16:00:03.240000+00:00,-3.494,145.867,18.3,6.0,mwc,"191 km N of Madang, Papua New Guinea",2008,10
2008-10-23 10:04:35.040000+00:00,-2.635,145.574,10.0,6.3,mwc,"200 km WSW of Lorengau, Papua New Guinea",2008,10
2008-10-19 05:10:33.910000+00:00,-21.863,-173.819,29.0,6.9,mwc,"130 km ESE of ‘Ohonua, Tonga",2008,10
2008-10-16 19:41:25.720000+00:00,14.423,-92.364,24.0,6.7,mwc,"19 km SW of Brisas Barra de Suchiate, Mexico",2008,10
2008-10-11 10:40:14.060000+00:00,19.161,-64.833,23.0,6.1,mwc,"91 km N of Charlotte Amalie, U.S. Virgin Islands",2008,10
2008-10-06 08:30:45.570000+00:00,29.807,90.35,12.0,6.3,mwc,"39 km WSW of Dêqên, China",2008,10
2008-10-05 22:56:28.930000+00:00,33.886,69.47,10.0,6.0,mwc,"35 km SSW of ?uk?mat? Azrah, Afghanistan",2008,10
2008-10-05 15:52:49.400000+00:00,39.533,73.824,27.4,6.7,mwc,"131 km SE of Nookat, Kyrgyzstan",2008,10
2008-10-05 09:12:36.070000+00:00,-30.184,-177.176,10.0,6.1,mwc,"Kermadec Islands, New Zealand",2008,10
2008-09-29 15:19:31.590000+00:00,-29.756,-177.683,36.0,7.0,mwc,"Kermadec Islands, New Zealand",2008,9
2008-09-25 01:47:11.190000+00:00,30.836,83.487,4.0,6.0,mwc,"213 km NE of Jumla, Nepal",2008,9
2008-09-24 02:33:05.560000+00:00,17.612,-105.497,12.0,6.4,mwc,"196 km SSW of Barra de Navidad, Mexico",2008,9
2008-09-18 01:41:03.010000+00:00,-4.554,-105.999,11.0,6.0,mwc,central East Pacific Rise,2008,9
2008-09-11 00:20:50.920000+00:00,41.892,143.754,25.0,6.8,mwc,"122 km SSE of Obihiro, Japan",2008,9
2008-09-10 13:08:14.690000+00:00,8.093,-38.705,9.0,6.6,mwc,central Mid-Atlantic Ridge,2008,9
2008-09-10 11:00:34.090000+00:00,26.743,55.828,12.0,6.1,mwc,"49 km WSW of Qeshm, Iran",2008,9
2008-09-08 03:03:15.930000+00:00,-19.964,169.108,36.0,6.2,mwc,"50 km SSW of Isangel, Vanuatu",2008,9
2008-08-30 08:30:53.010000+00:00,26.241,101.889,11.0,6.0,mwc,"Sichuan-Yunnan border region, China",2008,8
2008-08-28 15:22:23.200000+00:00,-0.252,-17.358,12.0,6.3,mwc,north of Ascension Island,2008,8
2008-08-27 01:35:32.150000+00:00,51.607,104.158,16.0,6.3,mwc,"10 km N of Baykal’sk, Russia",2008,8
2008-08-25 13:21:58.820000+00:00,30.901,83.52,12.0,6.7,mwc,"221 km NE of Jumla, Nepal",2008,8
2008-08-22 07:47:39.580000+00:00,-17.769,65.394,6.0,6.0,mwc,"297 km NE of Port Mathurin, Mauritius",2008,8
2008-08-21 12:24:30.930000+00:00,25.039,97.697,10.0,6.0,mwc,"48 km SE of Myitkyina, Myanmar",2008,8
2008-08-19 16:30:13.210000+00:00,-15.087,-173.476,8.0,6.1,mwb,"101 km NNE of Hihifo, Tonga",2008,8
2008-08-15 10:25:16.530000+00:00,12.897,124.319,10.0,6.0,mwc,"19 km E of Barcelona, Philippines",2008,8
2008-08-11 23:38:38.310000+00:00,-1.02,-21.843,13.0,6.0,mwc,central Mid-Atlantic Ridge,2008,8
2008-08-10 08:20:33.420000+00:00,11.055,91.814,20.0,6.2,mwc,"121 km SW of Bamboo Flat, India",2008,8
2008-08-09 16:36:38.170000+00:00,-60.693,153.826,10.0,6.3,mwc,west of Macquarie Island,2008,8
2008-08-09 06:01:48.510000+00:00,-60.648,153.771,10.0,6.5,mwc,west of Macquarie Island,2008,8
2008-08-05 09:49:17.260000+00:00,32.756,105.494,6.0,6.0,mwc,"46 km NW of Guangyuan, China",2008,8
2008-07-28 21:40:47.360000+00:00,-10.578,163.103,10.0,6.0,mwc,"130 km E of Kirakira, Solomon Islands",2008,7
2008-07-24 01:43:16.140000+00:00,50.967,157.584,27.0,6.2,mwc,"95 km SE of Ozernovskiy, Russia",2008,7
2008-07-21 11:30:29.280000+00:00,37.186,142.051,22.0,6.0,mwc,"98 km ESE of Namie, Japan",2008,7
2008-07-19 11:01:17.710000+00:00,-11.066,164.616,10.0,6.2,mwc,"134 km WSW of Lata, Solomon Islands",2008,7
2008-07-19 09:27:01.460000+00:00,-11.041,164.493,11.0,6.6,mwc,"146 km WSW of Lata, Solomon Islands",2008,7
2008-07-19 02:39:28.700000+00:00,37.552,142.214,22.0,7.0,mwc,"107 km E of Namie, Japan",2008,7
2008-07-15 03:26:34.700000+00:00,35.8,27.86,52.0,6.4,mwc,"35 km SSW of Lárdos, Greece",2008,7
2008-07-13 14:58:33.010000+00:00,21.014,121.149,14.0,6.2,mwc,"105 km NW of Basco, Philippines",2008,7
2008-07-08 07:42:10.730000+00:00,27.532,128.334,43.0,6.0,mwc,"107 km NNE of Nago, Japan",2008,7
2008-06-30 06:17:43.020000+00:00,-58.227,-22.099,8.0,7.0,mwc,South Sandwich Islands region,2008,6
2008-06-28 12:54:46.360000+00:00,10.847,91.712,15.0,6.1,mwc,"144 km SW of Bamboo Flat, India",2008,6
2008-06-27 11:40:13.990000+00:00,11.005,91.824,17.0,6.6,mwc,"124 km SW of Bamboo Flat, India",2008,6
2008-06-26 21:19:15.580000+00:00,-20.768,-173.342,38.0,6.2,mwb,"149 km SE of Pangai, Tonga",2008,6
2008-06-22 23:56:30.030000+00:00,67.698,141.276,18.0,6.1,mwc,"187 km SSE of Deputatsky, Russia",2008,6
2008-06-15 08:37:17.200000+00:00,-36.623,-107.45,10.0,6.0,mwc,southern East Pacific Rise,2008,6
2008-06-13 23:43:45.360000+00:00,39.03,140.881,7.8,6.9,mwc,"24 km WSW of Mizusawa, Japan",2008,6
2008-06-08 12:25:29.710000+00:00,37.963,21.525,16.0,6.4,mwc,"15 km ESE of Várda, Greece",2008,6
2008-06-05 02:16:46.930000+00:00,-38.844,-91.623,10.0,6.0,mwc,West Chile Rise,2008,6
2008-06-03 22:04:27.870000+00:00,-8.1,120.231,14.0,6.0,mwc,"57 km NE of Labuan Bajo, Indonesia",2008,6
2008-06-01 14:31:03.010000+00:00,-59.384,149.66,10.0,6.5,mwc,west of Macquarie Island,2008,6
2008-06-01 01:57:23.690000+00:00,20.124,121.35,31.0,6.3,mwc,"74 km WSW of Basco, Philippines",2008,6
2008-05-31 04:37:56.010000+00:00,-41.198,80.479,9.0,6.4,mwc,Mid-Indian Ridge,2008,5
2008-05-29 15:46:00.320000+00:00,64.005,-21.013,9.0,6.3,mwc,"8 km N of Selfoss, Iceland",2008,5
2008-05-25 19:18:24.384000+00:00,55.9055,-153.5083,20.0,6.0,mw,"122 km SSE of Akhiok, Alaska",2008,5
2008-05-25 08:21:49.990000+00:00,32.56,105.423,18.0,6.1,mwc,"39 km WNW of Guangyuan, China",2008,5
2008-05-23 19:35:34.780000+00:00,7.313,-34.897,8.0,6.5,mwc,central Mid-Atlantic Ridge,2008,5
2008-05-20 13:53:35.640000+00:00,51.162,178.759,27.0,6.3,mwc,"Rat Islands, Aleutian Islands, Alaska",2008,5
2008-05-19 14:26:45.020000+00:00,1.64,99.147,10.0,6.0,mwc,"31 km NNW of Padangsidempuan, Indonesia",2008,5
2008-05-12 11:11:02.480000+00:00,31.214,103.618,10.0,6.1,mwc,"39 km NW of Tianpeng, China",2008,5
2008-05-12 06:28:01.570000+00:00,31.002,103.322,19.0,7.9,mwc,"58 km W of Tianpeng, China",2008,5
2008-05-07 16:45:18.700000+00:00,36.164,141.526,27.0,6.9,mwc,"78 km NE of Hasaki, Japan",2008,5
2008-05-07 16:16:36.190000+00:00,36.156,141.756,23.3,6.1,mwc,"95 km ENE of Hasaki, Japan",2008,5
2008-05-07 16:02:02.600000+00:00,36.178,141.545,19.0,6.2,mwc,"80 km NE of Hasaki, Japan",2008,5
2008-05-02 01:33:37.240000+00:00,51.864,-177.528,14.0,6.6,mwc,"61 km W of Adak, Alaska",2008,5
2008-04-28 20:26:53.110000+00:00,-20.238,168.824,35.0,6.1,mwc,"90 km SSW of Isangel, Vanuatu",2008,4
2008-04-28 18:33:34.200000+00:00,-19.941,168.953,32.0,6.4,mwc,"56 km SW of Isangel, Vanuatu",2008,4
2008-04-28 15:57:55.280000+00:00,-58.739,-24.714,35.0,6.1,mwc,South Sandwich Islands region,2008,4
2008-04-26 23:34:49.390000+00:00,-49.091,164.117,10.0,6.1,mwb,"Auckland Islands, New Zealand region",2008,4
2008-04-24 12:14:49.920000+00:00,-1.182,-23.471,10.0,6.5,mwc,central Mid-Atlantic Ridge,2008,4
2008-04-23 18:28:41.880000+00:00,22.881,121.619,10.0,6.0,mwc,"121 km S of Hualien City, Taiwan",2008,4
2008-04-19 10:21:12.500000+00:00,-7.875,125.722,10.0,6.0,mwb,"72 km N of Metinaro, Timor Leste",2008,4
2008-04-19 05:58:42.250000+00:00,-20.273,168.796,14.0,6.3,mwc,"95 km SSW of Isangel, Vanuatu",2008,4
2008-04-19 03:12:25.180000+00:00,-7.815,125.694,13.0,6.1,mwc,"79 km N of Metinaro, Timor Leste",2008,4
2008-04-16 05:54:19.690000+00:00,51.878,-179.165,13.0,6.6,mwc,"174 km W of Adak, Alaska",2008,4
2008-04-16 00:35:48.870000+00:00,-18.609,-175.699,10.0,6.3,mwc,"181 km W of Neiafu, Tonga",2008,4
2008-04-15 22:59:51.500000+00:00,51.856,-179.361,11.0,6.4,mwc,"187 km W of Adak, Alaska",2008,4
2008-04-15 03:03:04.660000+00:00,13.564,-90.599,33.0,6.1,mwc,"42 km SSE of Iztapa, Guatemala",2008,4
2008-04-12 00:30:12.600000+00:00,-55.664,158.453,16.0,7.1,mwc,Macquarie Island region,2008,4
2008-04-11 17:45:01.940000+00:00,-20.392,168.839,11.0,6.1,mwc,"104 km SSW of Isangel, Vanuatu",2008,4
2008-04-09 14:47:50.510000+00:00,-19.997,168.874,35.0,6.3,mwc,"66 km SW of Isangel, Vanuatu",2008,4
2008-04-09 12:46:12.720000+00:00,-20.071,168.892,33.0,7.3,mwc,"71 km SW of Isangel, Vanuatu",2008,4
2008-04-09 11:23:40.350000+00:00,-20.185,168.905,35.0,6.3,mwc,"81 km SSW of Isangel, Vanuatu",2008,4
2008-04-09 11:13:17.690000+00:00,-20.175,168.861,16.0,6.4,mwc,"82 km SSW of Isangel, Vanuatu",2008,4
2008-03-29 17:30:50.150000+00:00,2.855,95.296,20.0,6.3,mwc,"127 km WNW of Sinabang, Indonesia",2008,3
2008-03-20 22:32:57.930000+00:00,35.49,81.467,10.0,7.2,mwc,"226 km SE of Hotan, China",2008,3
2008-03-20 14:10:40.400000+00:00,6.192,126.934,45.0,6.1,mwb,"85 km ESE of Pondaguitan, Philippines",2008,3
2008-03-18 08:22:47.070000+00:00,-29.252,-177.44,25.0,6.2,mwc,"Kermadec Islands, New Zealand",2008,3
2008-03-15 14:43:26.500000+00:00,2.708,94.596,25.0,6.0,mwc,"199 km W of Sinabang, Indonesia",2008,3
2008-03-14 22:32:09.380000+00:00,26.988,142.599,10.0,6.0,mwc,"Bonin Islands, Japan region",2008,3
2008-03-13 13:28:44.850000+00:00,-45.492,35.008,10.0,6.0,mwc,Prince Edward Islands region,2008,3
2008-03-12 11:36:55.280000+00:00,-16.489,167.183,10.0,6.3,mwc,"49 km SSW of Lakatoro, Vanuatu",2008,3
2008-03-12 11:23:34.060000+00:00,-16.567,167.335,13.0,6.4,mwc,"52 km S of Lakatoro, Vanuatu",2008,3
2008-03-03 14:11:14.620000+00:00,13.351,125.63,24.0,6.9,mwc,Philippine Islands region,2008,3
2008-03-03 13:49:40.420000+00:00,19.913,121.334,10.0,6.0,mwc,"89 km SW of Basco, Philippines",2008,3
2008-03-03 09:31:02.500000+00:00,46.406,153.175,10.0,6.5,mwc,Kuril Islands,2008,3
2008-03-03 02:37:27.120000+00:00,-2.18,99.823,25.0,6.2,mwc,"148 km SSW of Padang, Indonesia",2008,3
2008-02-27 06:54:20.610000+00:00,26.816,142.438,15.0,6.2,mwc,"Bonin Islands, Japan region",2008,2
2008-02-25 21:02:18.420000+00:00,-2.245,99.808,25.0,6.7,mwc,"155 km SSW of Padang, Indonesia",2008,2
2008-02-25 18:06:03.900000+00:00,-2.332,99.891,25.0,6.6,mwc,"161 km SSW of Padang, Indonesia",2008,2
2008-02-25 08:36:33.030000+00:00,-2.486,99.972,25.0,7.2,mwc,"164 km WSW of Sungai Penuh, Indonesia",2008,2
2008-02-24 14:46:21.470000+00:00,-2.405,99.931,22.0,6.5,mwc,"166 km WSW of Sungai Penuh, Indonesia",2008,2
2008-02-23 15:57:20.490000+00:00,-57.335,-23.433,14.0,6.8,mwc,South Sandwich Islands region,2008,2
2008-02-21 02:46:18.190000+00:00,77.079,18.571,12.0,6.1,mwc,"145 km SSE of Longyearbyen, Svalbard and Jan Mayen",2008,2
2008-02-20 18:27:06+00:00,36.288,21.775,9.9,6.2,mwc,"58 km SSW of Koróni, Greece",2008,2
2008-02-20 08:08:30.520000+00:00,2.768,95.964,26.0,7.4,mwc,"56 km NW of Sinabang, Indonesia",2008,2
2008-02-14 12:08:55.790000+00:00,36.345,21.863,28.0,6.5,mwc,"50 km S of Koróni, Greece",2008,2
2008-02-14 10:09:22.720000+00:00,36.501,21.67,29.0,6.9,mwc,"35 km S of Methóni, Greece",2008,2
2008-02-13 19:58:46.130000+00:00,-8.158,128.644,19.0,6.2,mwc,"185 km ENE of Lospalos, Timor Leste",2008,2
2008-02-10 12:22:02.650000+00:00,-60.797,-25.586,8.0,6.6,mwc,South Sandwich Islands region,2008,2
2008-02-09 18:34:01.600000+00:00,-0.236,125.084,38.0,6.0,mwc,"171 km S of Tondano, Indonesia",2008,2
2008-02-08 09:38:14.100000+00:00,10.671,-41.899,9.0,6.9,mwc,northern Mid-Atlantic Ridge,2008,2
2008-02-04 17:01:29.980000+00:00,-20.166,-70.037,35.0,6.3,mwc,"12 km ENE of Iquique, Chile",2008,2
2008-01-30 07:32:42.800000+00:00,-7.302,127.688,8.0,6.2,mwc,"154 km NNE of Lospalos, Timor Leste",2008,1
2008-01-22 17:14:57.950000+00:00,1.011,97.442,20.0,6.2,mwb,"146 km SSW of Singkil, Indonesia",2008,1
2008-01-22 10:49:21.800000+00:00,-15.419,-175.589,10.0,6.1,mwc,"201 km WNW of Hihifo, Tonga",2008,1
2008-01-22 07:55:48.880000+00:00,-15.277,-175.348,6.0,6.0,mwc,"182 km WNW of Hihifo, Tonga",2008,1
2008-01-20 20:26:04.880000+00:00,2.346,126.816,35.0,6.1,mwc,"149 km WNW of Tobelo, Indonesia",2008,1
2008-01-10 01:37:19+00:00,43.785,-127.264,13.0,6.3,mwc,"242 km WNW of Bandon, Oregon",2008,1
2008-01-09 14:40:00.960000+00:00,51.649,-131.183,10.0,6.1,mwc,"Haida Gwaii Region, Canada",2008,1
2008-01-09 08:26:45.490000+00:00,32.288,85.166,10.0,6.4,mwc,western Xizang,2008,1
2008-01-05 11:44:48.170000+00:00,51.163,-130.542,10.0,6.4,mwc,"251 km WNW of Port McNeill, Canada",2008,1
2008-01-05 11:01:06.110000+00:00,51.254,-130.746,15.0,6.6,mwc,"267 km WNW of Port McNeill, Canada",2008,1
2008-01-04 07:29:18.300000+00:00,-2.782,101.032,35.0,6.0,mwc,"89 km SSW of Sungai Penuh, Indonesia",2008,1
2008-01-01 18:54:59.010000+00:00,-5.878,146.884,34.0,6.3,mwc,"eastern New Guinea region, Papua New Guinea",2008,1
2007-12-26 22:04:54.670000+00:00,52.558,-168.221,25.0,6.4,mwc,"60 km SE of Nikolski, Alaska",2007,12
2007-12-25 14:04:34.730000+00:00,38.503,142.026,48.4,6.1,mwc,"64 km E of Ishinomaki, Japan",2007,12
2007-12-22 12:26:17.470000+00:00,2.087,96.806,23.0,6.1,mwc,"64 km SE of Sinabang, Indonesia",2007,12
2007-12-22 07:11:08.100000+00:00,-2.407,139.067,20.0,6.2,mwc,"175 km W of Abepura, Indonesia",2007,12
2007-12-21 07:24:34.030000+00:00,51.366,-178.979,25.0,6.3,mwc,"171 km WSW of Adak, Alaska",2007,12
2007-12-20 07:55:15.840000+00:00,-39.011,178.291,20.0,6.6,mwc,"46 km SSE of Gisborne, New Zealand",2007,12
2007-12-19 09:30:27.930000+00:00,51.36,-179.509,34.0,7.2,mwc,"207 km WSW of Adak, Alaska",2007,12
2007-12-16 08:09:17.930000+00:00,-22.954,-70.182,45.0,6.7,mwb,"80 km NNE of Antofagasta, Chile",2007,12
2007-12-15 09:39:53.620000+00:00,-6.622,131.09,57.0,6.4,mwc,"214 km WSW of Tual, Indonesia",2007,12
2007-12-13 15:51:27.210000+00:00,-15.213,-172.367,17.0,6.2,mwc,"147 km SSW of Lotofag?, Samoa",2007,12
2007-12-13 07:23:39.890000+00:00,-23.202,-70.549,16.0,6.2,mwc,"52 km NNW of Antofagasta, Chile",2007,12
2007-12-13 05:20:21.850000+00:00,-23.157,-70.479,15.0,6.0,mwc,"55 km N of Antofagasta, Chile",2007,12
2007-11-29 03:26:22.690000+00:00,-36.756,-97.404,10.0,6.3,mwc,West Chile Rise,2007,11
2007-11-27 11:49:58.010000+00:00,-10.95,162.149,16.0,6.6,mwc,"60 km SSE of Kirakira, Solomon Islands",2007,11
2007-11-25 19:53:05.470000+00:00,-8.224,118.467,18.0,6.5,mwc,"34 km N of Dompu, Indonesia",2007,11
2007-11-25 17:41:38.040000+00:00,-2.238,100.413,35.0,6.0,mwb,"110 km W of Sungai Penuh, Indonesia",2007,11
2007-11-25 16:02:15.750000+00:00,-8.292,118.37,20.0,6.5,mwc,"28 km NNW of Dompu, Indonesia",2007,11
2007-11-22 08:48:27.530000+00:00,-5.757,147.098,53.0,6.8,mwc,"107 km N of Lae, Papua New Guinea",2007,11
2007-11-20 17:55:51.530000+00:00,-22.917,-70.483,15.0,6.1,mwc,"81 km N of Antofagasta, Chile",2007,11
2007-11-20 12:52:59.030000+00:00,-6.907,155.672,52.6,6.0,mwb,"68 km SSE of Panguna, Papua New Guinea",2007,11
2007-11-19 15:20:03.700000+00:00,-21.968,173.486,10.0,6.0,mwc,Vanuatu region,2007,11
2007-11-15 15:05:58.350000+00:00,-22.925,-70.237,26.0,6.8,mwc,"82 km NNE of Antofagasta, Chile",2007,11
2007-11-15 15:03:08.750000+00:00,-22.867,-70.407,27.0,6.3,mwc,"86 km N of Antofagasta, Chile",2007,11
2007-11-14 15:40:50.530000+00:00,-22.247,-69.89,40.0,7.7,mwc,"36 km ESE of Tocopilla, Chile",2007,11
2007-11-10 01:13:29.350000+00:00,-51.777,161.318,10.0,6.6,mwc,north of Macquarie Island,2007,11
2007-11-02 22:31:43.880000+00:00,-55.466,-128.966,10.0,6.1,mwb,Pacific-Antarctic Ridge,2007,11
2007-10-31 13:44:19.760000+00:00,51.418,-178.38,28.0,6.0,mwc,"131 km WSW of Adak, Alaska",2007,10
2007-10-25 13:50:04.260000+00:00,46.011,154.231,20.0,6.1,mwc,east of the Kuril Islands,2007,10
2007-10-24 21:02:50.610000+00:00,-3.899,101.02,21.0,6.8,mwc,"138 km W of Bengkulu, Indonesia",2007,10
2007-10-21 10:24:52.060000+00:00,-6.31,154.77,46.3,6.0,mwb,"79 km W of Panguna, Papua New Guinea",2007,10
2007-10-15 21:28:23.680000+00:00,-44.793,167.458,19.0,6.1,mwc,"72 km NNW of Te Anau, New Zealand",2007,10
2007-10-15 12:29:34.860000+00:00,-44.796,167.553,18.0,6.8,mwc,"70 km N of Te Anau, New Zealand",2007,10
2007-10-13 17:45:53.180000+00:00,-21.23,169.195,37.0,6.1,mwb,"140 km ENE of Tadine, New Caledonia",2007,10
2007-10-09 15:03:41.210000+00:00,-4.808,152.892,39.0,6.0,mwb,"86 km SE of Kokopo, Papua New Guinea",2007,10
2007-10-06 12:38:49.170000+00:00,18.73,147.148,20.0,6.1,mwc,Mariana Islands region,2007,10
2007-10-04 12:40:31.130000+00:00,2.543,92.903,35.0,6.2,mwb,off the west coast of northern Sumatra,2007,10
2007-10-02 18:00:06.870000+00:00,54.511,-161.708,32.0,6.3,mwc,"72 km SSE of King Cove, Alaska",2007,10
2007-09-30 09:47:51.970000+00:00,-49.138,164.11,18.0,6.6,mwc,"Auckland Islands, New Zealand region",2007,9
2007-09-30 05:23:34.070000+00:00,-49.271,164.115,10.0,7.4,mwc,"Auckland Islands, New Zealand region",2007,9
2007-09-30 02:08:30.170000+00:00,10.454,145.718,14.0,6.9,mwb,south of the Mariana Islands,2007,9
2007-09-29 05:37:07.260000+00:00,2.9,95.523,35.0,6.0,mwc,"106 km WNW of Sinabang, Indonesia",2007,9
2007-09-28 01:35:51.970000+00:00,-21.133,169.373,10.0,6.5,mwb,"161 km ENE of Tadine, New Caledonia",2007,9
2007-09-28 01:01:49.180000+00:00,-21.207,169.362,12.0,6.3,mwc,"158 km ENE of Tadine, New Caledonia",2007,9
2007-09-27 19:57:44+00:00,-21.103,169.283,9.0,6.1,mwb,"153 km ENE of Tadine, New Caledonia",2007,9
2007-09-26 15:43:01.440000+00:00,-1.787,99.488,26.0,6.1,mwc,"133 km SW of Padang, Indonesia",2007,9
2007-09-26 12:36:26.890000+00:00,-4.99,153.5,40.0,6.8,mwc,"154 km ESE of Kokopo, Papua New Guinea",2007,9
2007-09-20 08:31:14.490000+00:00,-1.999,100.141,30.0,6.7,mwc,"118 km SSW of Padang, Indonesia",2007,9
2007-09-19 07:27:50.700000+00:00,-2.746,100.892,35.0,6.0,mwc,"94 km SW of Sungai Penuh, Indonesia",2007,9
2007-09-14 06:01:32.270000+00:00,-4.075,101.169,23.0,6.4,mwc,"125 km WSW of Bengkulu, Indonesia",2007,9
2007-09-13 20:06:38.920000+00:00,-57.625,-147.303,10.0,6.0,mwc,Pacific-Antarctic Ridge,2007,9
2007-09-13 16:09:16.870000+00:00,-3.172,101.524,53.0,6.0,mwc,"107 km NW of Bengkulu, Indonesia",2007,9
2007-09-13 09:48:45.130000+00:00,3.801,126.342,26.0,6.3,mwc,"202 km SSE of Sarangani, Philippines",2007,9
2007-09-13 03:35:28.720000+00:00,-2.13,99.627,22.0,7.0,mwc,"153 km SSW of Padang, Indonesia",2007,9
2007-09-13 02:30:03.300000+00:00,-1.689,99.668,28.9,6.5,mwc,"Kepulauan Mentawai region, Indonesia",2007,9
2007-09-12 23:49:03.720000+00:00,-2.625,100.841,35.0,7.9,mwc,"87 km SW of Sungai Penuh, Indonesia",2007,9
2007-09-12 11:10:26.830000+00:00,-4.438,101.367,34.0,8.4,mww,"122 km SW of Bengkulu, Indonesia",2007,9
2007-09-10 01:49:11.780000+00:00,2.966,-77.963,15.0,6.8,mwc,"39 km WNW of Timbiquí, Colombia",2007,9
2007-09-06 17:51:26.190000+00:00,24.34,122.219,53.0,6.2,mwc,"66 km SE of Yilan, Taiwan",2007,9
2007-09-02 02:35:23.650000+00:00,-11.766,165.699,36.7,6.3,mwc,"115 km S of Lata, Solomon Islands",2007,9
2007-09-02 01:05:18.150000+00:00,-11.61,165.762,35.0,7.2,mwc,"97 km S of Lata, Solomon Islands",2007,9
2007-09-01 19:14:22.640000+00:00,24.902,-109.689,9.0,6.1,mwc,"100 km SW of Topolobampo, Mexico",2007,9
2007-08-20 22:42:28.530000+00:00,8.037,-39.251,6.0,6.5,mwc,central Mid-Atlantic Ridge,2007,8
2007-08-20 13:46:17.410000+00:00,6.134,127.381,8.0,6.4,mwc,"135 km E of Pondaguitan, Philippines",2007,8
2007-08-18 02:52:35.400000+00:00,-13.805,-76.291,30.0,6.0,mwc,"7 km NNW of Paracas, Peru",2007,8
2007-08-17 03:04:03.090000+00:00,-5.261,129.432,10.0,6.4,mwc,"219 km SSE of Amahai, Indonesia",2007,8
2007-08-16 11:35:41.790000+00:00,-14.286,-76.214,35.0,6.0,mwc,"46 km S of Paracas, Peru",2007,8
2007-08-16 08:39:28.440000+00:00,-9.834,159.465,15.0,6.5,mwc,"31 km WSW of Malango, Solomon Islands",2007,8
2007-08-16 05:16:56.150000+00:00,-14.282,-76.127,23.4,6.4,mwc,"46 km WSW of Santiago, Peru",2007,8
2007-08-15 23:40:57.890000+00:00,-13.386,-76.603,39.0,8.0,mwc,"41 km SW of San Vicente de Cañete, Peru",2007,8
2007-08-15 20:22:11.120000+00:00,50.322,-177.548,9.0,6.5,mwc,"184 km SSW of Adak, Alaska",2007,8
2007-08-13 10:27:23.070000+00:00,-60.549,153.785,10.0,6.1,mwc,west of Macquarie Island,2007,8
2007-08-12 12:05:19.850000+00:00,-11.378,166.273,42.0,6.0,mwb,"88 km SE of Lata, Solomon Islands",2007,8
2007-08-07 00:02:24.200000+00:00,27.292,126.836,18.1,6.0,mwc,"136 km WNW of Nago, Japan",2007,8
2007-08-05 09:28:39.830000+00:00,-19.148,168.718,40.0,6.0,mwb,"73 km NW of Isangel, Vanuatu",2007,8
2007-08-04 14:24:51.680000+00:00,-4.797,-105.406,10.0,6.1,mwc,central East Pacific Rise,2007,8
2007-08-02 03:21:42.820000+00:00,51.307,-179.971,21.0,6.7,mwc,"239 km WSW of Adak, Alaska",2007,8
2007-08-02 02:37:42.380000+00:00,47.116,141.798,5.0,6.2,mwb,"20 km WSW of Yablochnyy, Russia",2007,8
2007-07-31 22:55:31.120000+00:00,-0.162,-17.795,11.0,6.2,mwc,north of Ascension Island,2007,7
2007-07-27 14:46:26.880000+00:00,-21.459,170.939,10.0,6.1,mwb,"273 km SE of Isangel, Vanuatu",2007,7
2007-07-26 05:40:16.100000+00:00,2.872,127.464,25.0,6.9,mwb,"140 km NNW of Tobelo, Indonesia",2007,7
2007-07-25 23:37:31.520000+00:00,7.157,92.518,15.0,6.1,mwb,"Nicobar Islands, India region",2007,7
2007-07-18 00:07:35.460000+00:00,-26.295,-177.738,10.0,6.1,mwc,south of the Fiji Islands,2007,7
2007-07-17 09:39:27.810000+00:00,-26.206,-177.744,10.0,6.1,mwc,south of the Fiji Islands,2007,7
2007-07-16 01:13:22.370000+00:00,37.535,138.446,12.0,6.6,mwc,"20 km NNW of Kashiwazaki, Japan",2007,7
2007-07-15 13:08:01.680000+00:00,52.491,-168.035,15.0,6.1,mwc,"74 km SE of Nikolski, Alaska",2007,7
2007-07-15 09:27:34.480000+00:00,-15.383,168.597,8.0,6.1,mwc,"149 km ENE of Norsup, Vanuatu",2007,7
2007-07-13 21:54:43.110000+00:00,51.838,-176.28,35.0,6.0,mwc,"24 km E of Adak, Alaska",2007,7
2007-07-03 08:26:00.810000+00:00,0.715,-30.272,10.0,6.3,mwc,central Mid-Atlantic Ridge,2007,7
2007-06-28 02:52:10.990000+00:00,-7.979,154.635,18.0,6.7,mwb,"206 km SSW of Panguna, Papua New Guinea",2007,6
2007-06-26 22:23:03.040000+00:00,-10.492,108.149,10.0,6.0,mwc,"south of Java, Indonesia",2007,6
2007-06-24 00:25:18.400000+00:00,-55.645,-2.626,10.0,6.5,mwc,southern Mid-Atlantic Ridge,2007,6
2007-06-18 06:18:45.680000+00:00,-3.55,150.962,9.0,6.3,mwc,"109 km S of Kavieng, Papua New Guinea",2007,6
2007-06-13 19:29:40.180000+00:00,13.554,-90.618,23.0,6.7,mwc,"43 km SSE of Iztapa, Guatemala",2007,6
2007-06-07 00:40:38.130000+00:00,-3.316,146.761,4.7,6.2,mwb,"152 km SSW of Lorengau, Papua New Guinea",2007,6
2007-06-02 21:34:57.780000+00:00,23.028,101.052,5.0,6.1,mwb,"119 km NNE of Jinghong, China",2007,6
2007-05-29 09:36:05.600000+00:00,-1.065,127.343,24.0,6.1,mwc,"200 km S of Sofifi, Indonesia",2007,5
2007-05-17 19:29:10.250000+00:00,-30.658,-178.202,40.7,6.0,mwc,"Kermadec Islands, New Zealand",2007,5
2007-05-16 08:56:14.120000+00:00,20.503,100.732,9.0,6.3,mwc,"40 km NE of Ban Houakhoua, Laos",2007,5
2007-05-07 11:15:16.230000+00:00,-44.85,-80.453,10.0,6.1,mwb,"Off the coast of Aisen, Chile",2007,5
2007-05-05 08:51:39.090000+00:00,34.248,81.967,9.0,6.1,mwc,western Xizang,2007,5
2007-05-04 12:06:51.750000+00:00,-1.41,-14.921,7.0,6.2,mwb,north of Ascension Island,2007,5
2007-04-28 14:02:37.910000+00:00,-60.789,-20.208,10.0,6.1,mwc,east of the South Sandwich Islands,2007,4
2007-04-25 13:34:14.230000+00:00,-14.285,166.863,55.0,6.4,mwc,"86 km NNW of Port-Olry, Vanuatu",2007,4
2007-04-21 17:53:46.310000+00:00,-45.243,-72.648,36.7,6.2,mwb,"18 km N of Puerto Aysén, Chile",2007,4
2007-04-21 17:20:31.930000+00:00,-13.838,166.843,40.7,6.1,mwc,"76 km W of Sola, Vanuatu",2007,4
2007-04-20 02:23:34.040000+00:00,25.623,125.043,11.1,6.0,mwc,"94 km NNW of Hirara, Japan",2007,4
2007-04-20 01:45:56.110000+00:00,25.71,125.108,9.0,6.3,mwc,"102 km N of Hirara, Japan",2007,4
2007-04-20 00:26:40.600000+00:00,25.722,125.093,10.0,6.1,mwc,"103 km NNW of Hirara, Japan",2007,4
2007-04-16 13:20:38.230000+00:00,-58.015,147.964,10.0,6.4,mwc,west of Macquarie Island,2007,4
2007-04-13 18:24:19.160000+00:00,-35.051,-108.836,10.0,6.1,mwb,southern East Pacific Rise,2007,4
2007-04-13 05:42:23.030000+00:00,17.302,-100.198,34.0,6.0,mwb,"5 km SE of El Paraíso, Mexico",2007,4
2007-04-12 18:24:49.030000+00:00,-61.828,160.96,10.0,6.0,mwb,Balleny Islands region,2007,4
2007-04-07 09:51:51.620000+00:00,2.916,95.7,30.0,6.1,mwc,"89 km WNW of Sinabang, Indonesia",2007,4
2007-04-07 07:09:25.370000+00:00,37.306,-24.494,8.0,6.1,mwc,"82 km SE of Senhora do Rosário, Portugal",2007,4
2007-04-05 03:56:50.480000+00:00,37.306,-24.621,14.0,6.3,mwc,"74 km SE of Povoação, Portugal",2007,4
2007-04-04 11:02:29.620000+00:00,-20.688,169.056,10.0,6.5,mwc,"129 km S of Isangel, Vanuatu",2007,4
2007-04-04 11:00:27.940000+00:00,-20.715,168.828,13.0,6.2,mwc,"134 km NE of Tadine, New Caledonia",2007,4
2007-04-04 06:34:35.960000+00:00,-7.76,156.49,17.0,6.4,mwc,"54 km NW of Gizo, Solomon Islands",2007,4
2007-04-04 00:39:43.950000+00:00,-7.141,156.047,10.0,6.0,mwb,"110 km SE of Panguna, Papua New Guinea",2007,4
2007-04-03 20:26:09.590000+00:00,-20.633,168.994,12.0,6.2,mwc,"124 km SSW of Isangel, Vanuatu",2007,4
2007-04-03 12:04:27.370000+00:00,-7.857,155.801,8.0,6.1,mwc,"117 km WNW of Gizo, Solomon Islands",2007,4
2007-04-02 23:20:23.270000+00:00,-8.617,157.386,18.0,6.2,mwb,"82 km SE of Gizo, Solomon Islands",2007,4
2007-04-02 12:02:23.340000+00:00,-8.706,157.62,14.0,6.2,mwb,"108 km SE of Gizo, Solomon Islands",2007,4
2007-04-02 10:49:17.720000+00:00,-7.225,156.243,34.0,6.1,mwb,"117 km NW of Gizo, Solomon Islands",2007,4
2007-04-02 02:49:35.900000+00:00,-45.382,-73.058,4.9,6.1,mwc,"21 km WNW of Puerto Chacabuco, Chile",2007,4
2007-04-01 21:15:22.700000+00:00,-7.303,155.682,10.0,6.0,mb,"111 km SSE of Panguna, Papua New Guinea",2007,4
2007-04-01 21:11:33.150000+00:00,-7.306,155.741,10.0,6.9,mwc,"113 km SSE of Panguna, Papua New Guinea",2007,4
2007-04-01 20:47:31.310000+00:00,-7.169,155.777,10.0,6.6,mb,"99 km SSE of Panguna, Papua New Guinea",2007,4
2007-04-01 20:46:19.350000+00:00,-9.505,156.934,24.3,6.1,mb,"155 km S of Gizo, Solomon Islands",2007,4
2007-04-01 20:39:58.710000+00:00,-8.466,157.043,24.0,8.1,mwc,2007 Solomon Islands Earthquake,2007,4
2007-03-31 12:49:03.710000+00:00,-56.083,-123.27,10.0,6.2,mwb,southern East Pacific Rise,2007,3
2007-03-25 01:08:19.050000+00:00,-20.754,169.354,35.0,6.9,mwc,"134 km S of Isangel, Vanuatu",2007,3
2007-03-25 00:41:57.820000+00:00,37.336,136.588,8.0,6.7,mwc,"46 km NW of Nanao, Japan",2007,3
2007-03-25 00:40:01.610000+00:00,-20.617,169.357,34.0,7.1,mwb,"119 km S of Isangel, Vanuatu",2007,3
2007-03-18 02:11:05.300000+00:00,4.585,-78.494,7.0,6.2,mwc,"130 km WNW of Santa Genoveva de Docordó, Colombia",2007,3
2007-03-17 22:43:09.620000+00:00,4.551,-78.536,10.0,6.0,mwc,"133 km WNW of Santa Genoveva de Docordó, Colombia",2007,3
2007-03-17 17:42:26.290000+00:00,1.132,126.216,35.0,6.2,mwb,"135 km WNW of Ternate, Indonesia",2007,3
2007-03-13 02:59:04.400000+00:00,26.261,-110.537,26.1,6.0,mwb,"85 km ENE of Loreto, Mexico",2007,3
2007-03-08 11:14:31.510000+00:00,-58.217,-7.615,10.0,6.2,mwc,east of the South Sandwich Islands,2007,3
2007-03-06 05:49:25.430000+00:00,-0.488,100.53,11.0,6.3,mwc,"26 km SE of Bukittinggi, Indonesia",2007,3
2007-03-06 03:49:38.900000+00:00,-0.493,100.498,19.0,6.4,mwc,"24 km SE of Bukittinggi, Indonesia",2007,3
2007-03-01 23:11:52.070000+00:00,26.581,-44.594,10.0,6.0,mwc,northern Mid-Atlantic Ridge,2007,3
2007-02-28 23:13:15.610000+00:00,-55.245,-29.142,10.0,6.2,mwb,South Sandwich Islands region,2007,2
2007-02-24 02:36:23.650000+00:00,-7.006,-80.485,23.0,6.3,mwb,"63 km WSW of Pimentel, Peru",2007,2
2007-02-20 14:25:26.340000+00:00,-1.032,126.975,11.0,6.0,mwc,"206 km SSW of Sofifi, Indonesia",2007,2
2007-02-20 08:04:25.280000+00:00,-1.034,126.976,12.0,6.7,mwc,"206 km SSW of Sofifi, Indonesia",2007,2
2007-02-17 00:02:56.760000+00:00,41.794,143.553,31.0,6.0,mwb,"115 km ESE of Shizunai-furukawach?, Japan",2007,2
2007-02-12 12:45:31.700000+00:00,5.561,126.073,24.0,6.1,mwc,"62 km SE of Caburan, Philippines",2007,2
2007-02-12 10:35:22.750000+00:00,35.804,-10.312,20.0,6.0,mwc,"181 km SW of Sagres, Portugal",2007,2
2007-02-04 21:17:46.790000+00:00,-55.883,-122.721,10.0,6.2,mwc,southern East Pacific Rise,2007,2
2007-02-04 20:56:59.130000+00:00,19.372,-78.518,10.0,6.2,mwb,"108 km NNW of Lucea, Jamaica",2007,2
2007-01-31 03:15:52.290000+00:00,-29.776,-178.002,34.0,6.5,mwc,"Kermadec Islands, New Zealand",2007,1
2007-01-30 21:37:44.370000+00:00,20.98,144.705,20.0,6.6,mwc,"Maug Islands region, Northern Mariana Islands",2007,1
2007-01-30 04:54:50.570000+00:00,-54.74,146.298,11.0,6.9,mwc,west of Macquarie Island,2007,1
2007-01-25 10:59:17.650000+00:00,22.564,121.926,36.2,6.0,mwb,"136 km ENE of Hengchun, Taiwan",2007,1
2007-01-21 17:32:55.520000+00:00,1.06,126.345,23.0,6.2,mwc,"119 km WNW of Ternate, Indonesia",2007,1
2007-01-21 11:27:45.060000+00:00,1.065,126.282,22.0,7.5,mwc,"126 km WNW of Ternate, Indonesia",2007,1
2007-01-20 06:21:04.560000+00:00,-55.419,-29.533,10.0,6.2,mwc,South Sandwich Islands region,2007,1
2007-01-17 23:18:49.800000+00:00,10.125,58.708,8.0,6.2,mwc,Carlsberg Ridge,2007,1
2007-01-13 17:37:06.310000+00:00,46.913,156.276,10.0,6.0,mwc,east of the Kuril Islands,2007,1
2007-01-13 04:23:21.160000+00:00,46.243,154.524,10.0,8.1,mwc,2007 Kuril Islands Earthquake,2007,1
2007-01-11 14:31:20.740000+00:00,-3.655,127.283,13.0,6.0,mwc,"100 km W of Ambon, Indonesia",2007,1
2007-01-08 17:21:49.910000+00:00,39.803,70.312,16.0,6.0,mwb,"23 km WSW of Vorukh, Tajikistan",2007,1
2007-01-08 12:48:40.510000+00:00,8.077,92.437,11.0,6.1,mwb,"Nicobar Islands, India region",2007,1
2006-12-30 08:30:49.790000+00:00,13.313,51.365,15.0,6.6,mwc,"156 km NW of Kilmia, Yemen",2006,12
2006-12-26 15:19:45.210000+00:00,48.321,154.837,10.0,6.0,mwc,"278 km SSW of Severo-Kuril’sk, Russia",2006,12
2006-12-26 12:34:13.800000+00:00,21.974,120.493,10.0,6.9,mwc,"26 km W of Hengchun, Taiwan",2006,12
2006-12-26 12:26:21.140000+00:00,21.799,120.547,10.0,7.1,mwb,"30 km SW of Hengchun, Taiwan",2006,12
2006-12-22 19:50:44.630000+00:00,10.653,92.361,24.0,6.2,mwc,"Andaman Islands, India region",2006,12
2006-12-07 19:10:21.850000+00:00,46.153,154.386,16.0,6.4,mwc,east of the Kuril Islands,2006,12
2006-12-03 20:52:15.910000+00:00,13.994,-91.207,61.2,6.0,mwc,"19 km WSW of La Gomera, Guatemala",2006,12
2006-12-01 14:01:44.260000+00:00,-8.261,118.753,19.0,6.3,mwc,"22 km N of Bima, Indonesia",2006,12
2006-11-30 21:20:11.590000+00:00,-53.844,-134.359,10.0,6.2,mwb,Pacific-Antarctic Ridge,2006,11
2006-11-30 11:33:17.020000+00:00,-21.297,-174.677,13.5,6.0,mwb,"28 km E of ‘Ohonua, Tonga",2006,11
2006-11-29 01:32:17.920000+00:00,2.52,128.283,39.0,6.2,mwb,"92 km NNE of Tobelo, Indonesia",2006,11
2006-11-19 18:57:33.590000+00:00,-4.521,-104.832,10.0,6.1,mwc,central East Pacific Rise,2006,11
2006-11-17 18:03:12.260000+00:00,28.591,129.895,22.0,6.2,mwc,"Ryukyu Islands, Japan",2006,11
2006-11-16 20:29:54.970000+00:00,-51.996,139.473,10.0,6.1,mwb,western Indian-Antarctic Ridge,2006,11
2006-11-16 06:20:20.770000+00:00,46.358,154.468,9.0,6.0,mwc,east of the Kuril Islands,2006,11
2006-11-15 19:25:25.990000+00:00,47.006,154.979,10.0,6.0,mwc,Kuril Islands,2006,11
2006-11-15 11:40:55.050000+00:00,46.483,154.726,10.0,6.7,mwc,east of the Kuril Islands,2006,11
2006-11-15 11:34:58.130000+00:00,46.652,155.305,10.0,6.4,mb,east of the Kuril Islands,2006,11
2006-11-15 11:29:22.790000+00:00,46.371,154.475,10.0,6.2,mb,east of the Kuril Islands,2006,11
2006-11-15 11:28:38.460000+00:00,46.086,154.1,10.0,6.0,mb,east of the Kuril Islands,2006,11
2006-11-15 11:25:09+00:00,47.518,152.647,10.0,6.0,mb,Kuril Islands,2006,11
2006-11-15 11:14:13.570000+00:00,46.592,153.266,10.0,8.3,mwc,2006 Kuril Islands Earthquake,2006,11
2006-11-13 16:12:28.980000+00:00,-6.38,151.23,11.0,6.2,mwc,"151 km SE of Kimbe, Papua New Guinea",2006,11
2006-11-12 18:21:26.140000+00:00,-6.225,151.05,12.0,6.2,mwc,"125 km SE of Kimbe, Papua New Guinea",2006,11
2006-11-07 17:38:33.800000+00:00,-6.482,151.195,11.0,6.6,mwc,"155 km SE of Kimbe, Papua New Guinea",2006,11
2006-10-26 22:54:32.320000+00:00,-13.371,-76.618,28.1,6.0,mwc,"41 km SW of San Vicente de Cañete, Peru",2006,10
2006-10-24 03:03:45.280000+00:00,4.898,125.295,10.0,6.1,mwb,"58 km SSW of Sarangani, Philippines",2006,10
2006-10-23 21:17:19.980000+00:00,29.351,140.27,11.0,6.4,mwb,"Izu Islands, Japan region",2006,10
2006-10-22 08:55:16.760000+00:00,-45.727,95.987,10.0,6.1,mwc,southeast Indian Ridge,2006,10
2006-10-20 10:48:56.010000+00:00,-13.457,-76.677,23.0,6.7,mwc,"52 km SW of San Vicente de Cañete, Peru",2006,10
2006-10-17 01:25:12.230000+00:00,-5.881,150.982,32.0,6.7,mwc,"100 km ESE of Kimbe, Papua New Guinea",2006,10
2006-10-15 17:14:12.050000+00:00,20.1281667,-155.9835,16.235,6.0,md,"20 km SW of Hawi, Hawaii",2006,10
2006-10-15 17:07:49.200000+00:00,19.877,-155.9346667,38.182,6.7,md,"14 km SW of Puako, Hawaii",2006,10
2006-10-12 18:05:56.570000+00:00,-31.256,-71.368,31.0,6.4,mwc,"45 km NNW of Illapel, Chile",2006,10
2006-10-10 23:58:04+00:00,37.197,142.664,9.0,6.0,mwb,"150 km ESE of Namie, Japan",2006,10
2006-10-10 08:02:51.950000+00:00,-56.101,-122.373,10.0,6.0,mwc,southern East Pacific Rise,2006,10
2006-10-09 10:01:47.400000+00:00,20.654,120.023,14.0,6.3,mwc,"167 km SSW of Hengchun, Taiwan",2006,10
2006-10-01 09:06:02.320000+00:00,46.47,153.24,19.0,6.5,mwb,Kuril Islands,2006,10
2006-09-30 17:56:16.100000+00:00,46.185,153.169,10.0,6.0,mwc,Kuril Islands,2006,9
2006-09-30 17:50:23.050000+00:00,46.351,153.166,11.0,6.6,mwb,Kuril Islands,2006,9
2006-09-29 13:08:26.160000+00:00,10.876,-61.756,53.0,6.1,mwc,"30 km NW of Petit Valley, Trinidad and Tobago",2006,9
2006-09-28 06:22:09.730000+00:00,-16.592,-172.033,28.0,6.9,mwc,"201 km ESE of Hihifo, Tonga",2006,9
2006-09-21 18:54:50.050000+00:00,-9.05,110.365,25.0,6.0,mwc,"121 km S of Pundong, Indonesia",2006,9
2006-09-16 09:45:23.910000+00:00,-3.08,129.441,17.0,6.3,mwb,"57 km ENE of Masohi, Indonesia",2006,9
2006-09-01 10:18:51.600000+00:00,-6.759,155.512,38.0,6.8,mwb,"49 km S of Panguna, Papua New Guinea",2006,9
2006-08-24 21:50:36.650000+00:00,51.148,157.522,43.0,6.5,mwb,"81 km ESE of Ozernovskiy, Russia",2006,8
2006-08-20 03:41:48.040000+00:00,-61.029,-34.371,13.0,7.0,mwb,Scotia Sea,2006,8
2006-08-20 03:01:02.410000+00:00,49.823,156.415,26.0,6.0,mwc,"97 km SSE of Severo-Kuril’sk, Russia",2006,8
2006-08-11 20:54:14.370000+00:00,2.403,96.348,22.0,6.2,mwc,"9 km SSW of Sinabang, Indonesia",2006,8
2006-08-11 14:30:40.150000+00:00,18.541,-101.048,56.0,6.1,mwb,"10 km NW of Zirándaro de los Chávez, Mexico",2006,8
2006-07-27 11:16:40.370000+00:00,1.707,97.146,20.0,6.3,mwc,"96 km SW of Singkil, Indonesia",2006,7
2006-07-23 08:22:04.160000+00:00,-0.336,123.286,28.0,6.0,mwc,"87 km NE of Luwuk, Indonesia",2006,7
2006-07-19 11:48:58.290000+00:00,-5.474,150.684,28.2,6.4,mwc,"61 km E of Kimbe, Papua New Guinea",2006,7
2006-07-19 10:57:36.880000+00:00,-6.535,105.389,45.0,6.1,mwb,"51 km WSW of Labuan, Indonesia",2006,7
2006-07-17 15:45:59.820000+00:00,-9.42,108.319,21.0,6.1,mwb,"220 km SSW of Sidareja, Indonesia",2006,7
2006-07-17 09:13:04.960000+00:00,-9.087,107.76,10.0,6.0,mwc,"194 km SSW of Kawalu, Indonesia",2006,7
2006-07-17 08:19:26.680000+00:00,-9.284,107.419,20.0,7.7,mwc,"226 km SSW of Singaparna, Indonesia",2006,7
2006-07-16 11:42:41.410000+00:00,-28.715,-72.543,10.0,6.2,mwb,"175 km W of Vallenar, Chile",2006,7
2006-07-08 20:40:00.980000+00:00,51.214,-179.312,22.0,6.6,mwb,"199 km WSW of Adak, Alaska",2006,7
2006-07-07 07:26:12.530000+00:00,-15.244,-173.61,35.0,6.0,mwb,"81 km NNE of Hihifo, Tonga",2006,7
2006-06-27 18:07:22.740000+00:00,6.501,92.793,28.8,6.3,mwc,"287 km WNW of Sabang, Indonesia",2006,6
2006-06-27 02:39:32.900000+00:00,52.23,176.158,17.0,6.2,mwb,"212 km ESE of Attu Station, Alaska",2006,6
2006-06-24 21:15:00.920000+00:00,-0.39,123.195,26.0,6.3,mwb,"76 km NE of Luwuk, Indonesia",2006,6
2006-06-21 12:34:52.680000+00:00,6.938,92.454,16.0,6.0,mwc,"Nicobar Islands, India region",2006,6
2006-06-18 18:28:02.100000+00:00,33.028,-39.702,9.0,6.0,mwc,northern Mid-Atlantic Ridge,2006,6
2006-06-14 04:46:42.420000+00:00,51.948,177.128,29.1,6.0,mwc,"286 km ESE of Attu Station, Alaska",2006,6
2006-06-14 04:18:42.510000+00:00,51.752,177.082,14.0,6.5,mwc,"292 km ESE of Attu Station, Alaska",2006,6
2006-06-05 06:27:07.960000+00:00,1.175,-28.065,10.0,6.0,mwc,central Mid-Atlantic Ridge,2006,6
2006-05-28 03:12:08.760000+00:00,-5.724,151.133,34.0,6.5,mwc,"111 km E of Kimbe, Papua New Guinea",2006,5
2006-05-26 22:53:58.920000+00:00,-7.961,110.446,12.5,6.3,mwb,"10 km E of Pundong, Indonesia",2006,5
2006-05-22 20:53:57.410000+00:00,-4.715,126.811,2.8,6.1,mwb,"189 km SW of Ambon, Indonesia",2006,5
2006-05-22 11:12:00.800000+00:00,60.772,165.743,19.0,6.6,mwc,"42 km NNW of Tilichiki, Russia",2006,5
2006-05-21 02:07:36.430000+00:00,1.55,-85.311,10.0,6.0,mwc,off the coast of Ecuador,2006,5
2006-05-19 14:44:24.900000+00:00,-0.143,124.713,35.0,6.3,mwc,"161 km S of Tondano, Indonesia",2006,5
2006-05-17 03:06:16.360000+00:00,-20.634,-173.952,11.0,6.0,mwb,"99 km SSE of Pangai, Tonga",2006,5
2006-05-16 15:28:25.920000+00:00,0.093,97.05,12.0,6.8,mwb,"256 km SSW of Singkil, Indonesia",2006,5
2006-05-10 02:42:51.030000+00:00,52.515,-169.256,18.0,6.4,mwc,"54 km SSW of Nikolski, Alaska",2006,5
2006-05-07 14:17:35.170000+00:00,-36.805,78.545,10.0,6.1,mwb,Mid-Indian Ridge,2006,5
2006-05-06 18:26:50.540000+00:00,-38.62,78.57,10.0,6.0,mwb,Mid-Indian Ridge,2006,5
2006-05-04 11:25:26.050000+00:00,-20.579,-174.036,11.0,6.0,mwb,"90 km SSE of Pangai, Tonga",2006,5
2006-05-03 15:26:40.290000+00:00,-20.187,-174.123,55.0,8.0,mwc,2006 Tonga Earthquake,2006,5
2006-04-30 21:40:58.440000+00:00,-27.211,-71.056,12.0,6.5,mwc,"73 km WNW of Copiapó, Chile",2006,4
2006-04-30 19:33:18.940000+00:00,-15.523,-173.101,10.0,6.0,mwc,"88 km ENE of Hihifo, Tonga",2006,4
2006-04-30 19:17:14.980000+00:00,-27.017,-71.022,12.0,6.7,mwb,"78 km WNW of Copiapó, Chile",2006,4
2006-04-29 16:58:06.320000+00:00,60.491,167.516,11.0,6.6,mwc,"80 km E of Tilichiki, Russia",2006,4
2006-04-26 01:46:03.860000+00:00,-57.482,147.568,10.0,6.1,mwb,west of Macquarie Island,2006,4
2006-04-25 18:26:17.150000+00:00,1.994,96.995,21.0,6.3,mwc,"87 km SE of Sinabang, Indonesia",2006,4
2006-04-21 11:14:15.330000+00:00,61.354,167.525,12.0,6.1,mwb,"130 km NE of Tilichiki, Russia",2006,4
2006-04-21 04:32:43.820000+00:00,60.527,165.816,9.0,6.1,mwc,"17 km NW of Tilichiki, Russia",2006,4
2006-04-20 23:28:03.900000+00:00,60.874,167.007,10.0,6.1,mb,"71 km NE of Tilichiki, Russia",2006,4
2006-04-20 23:25:02.150000+00:00,60.949,167.089,22.0,7.6,mwc,"80 km NE of Tilichiki, Russia",2006,4
2006-04-19 20:36:46.400000+00:00,2.643,93.226,17.0,6.2,mwb,off the west coast of northern Sumatra,2006,4
2006-04-17 23:49:56.870000+00:00,-12.475,166.508,16.0,6.1,mwc,"191 km NW of Sola, Vanuatu",2006,4
2006-04-15 23:50:14.720000+00:00,-29.772,-72.003,19.8,6.0,mwc,"67 km WNW of Coquimbo, Chile",2006,4
2006-04-12 01:06:58.690000+00:00,56.397,163.99,28.8,6.0,mwc,"95 km E of Ust’-Kamchatsk Staryy, Russia",2006,4
2006-04-07 08:30:44.630000+00:00,-16.527,176.989,14.0,6.5,mwc,"130 km NNW of Lautoka, Fiji",2006,4
2006-04-04 02:30:28.390000+00:00,18.716,-106.992,33.5,6.0,mwc,"215 km SW of La Cruz de Loreto, Mexico",2006,4
2006-04-01 10:02:19.570000+00:00,22.868,121.278,9.0,6.1,mwb,"88 km ESE of Yujing, Taiwan",2006,4
2006-03-31 21:14:45.200000+00:00,3.798,126.344,37.0,6.2,mwb,"202 km SSE of Sarangani, Philippines",2006,3
2006-03-31 13:21:00.250000+00:00,-29.435,-176.768,13.0,6.5,mwb,Kermadec Islands region,2006,3
2006-03-31 01:17:00.960000+00:00,33.5,48.78,7.0,6.1,mwc,"18 km SW of Azn?, Iran",2006,3
2006-03-24 17:46:49.780000+00:00,-16.885,174.504,10.0,6.0,mwb,Fiji region,2006,3
2006-03-24 12:27:05.380000+00:00,-3.245,143.144,12.0,6.1,mwb,"63 km WNW of Wewak, Papua New Guinea",2006,3
2006-03-14 06:57:33.860000+00:00,-3.595,127.214,30.1,6.7,mwb,"108 km W of Ambon, Indonesia",2006,3
2006-03-10 10:12:18.630000+00:00,-60.419,-46.505,10.0,6.1,mwb,Scotia Sea,2006,3
2006-03-09 17:55:55.350000+00:00,0.791,-26.125,10.0,6.0,mwc,central Mid-Atlantic Ridge,2006,3
2006-03-06 18:13:08.430000+00:00,-40.103,78.486,10.0,6.2,mwc,Mid-Indian Ridge,2006,3
2006-03-03 23:36:27.980000+00:00,-55.695,-4.232,10.0,6.0,mwc,southern Mid-Atlantic Ridge,2006,3
2006-02-28 07:31:02.650000+00:00,28.12,56.865,18.0,6.0,mwb,"111 km NNW of M?n?b, Iran",2006,2
2006-02-26 04:18:42.110000+00:00,-15.283,-176.239,32.5,6.0,mwb,"221 km S of Mata-Utu, Wallis and Futuna",2006,2
2006-02-23 04:04:05.020000+00:00,-54.669,1.765,10.0,6.2,mwb,Bouvet Island region,2006,2
2006-02-22 22:19:07.800000+00:00,-21.324,33.583,11.0,7.0,mwb,"160 km SE of Chipinge, Zimbabwe",2006,2
2006-02-18 15:59:22.090000+00:00,-5.193,152.053,44.2,6.2,mwb,"96 km SSW of Kokopo, Papua New Guinea",2006,2
2006-02-14 15:27:23.340000+00:00,20.821,146.18,40.0,6.3,mwc,Mariana Islands region,2006,2
2006-02-03 20:34:10.980000+00:00,11.86,92.372,19.0,6.1,mwc,"41 km WNW of Bamboo Flat, India",2006,2
2006-01-23 20:50:44.980000+00:00,6.864,-77.793,14.0,6.2,mwb,"26 km S of Juradó, Colombia",2006,1
2006-01-23 06:02:58.140000+00:00,-17.391,167.715,23.0,6.4,mwc,"74 km WNW of Port-Vila, Vanuatu",2006,1
2006-01-08 11:34:55.640000+00:00,36.311,23.212,66.0,6.7,mwb,"26 km NE of Kýthira, Greece",2006,1
2006-01-06 03:39:58.550000+00:00,6.635,-82.337,7.4,6.1,mwb,"163 km SW of Río Grande, Panama",2006,1
2006-01-04 08:32:32.400000+00:00,28.164,-112.117,14.0,6.6,mwc,"75 km SSW of Bahía de Kino, Mexico",2006,1
2006-01-02 06:10:49.760000+00:00,-60.957,-21.606,13.0,7.4,mwc,east of the South Sandwich Islands,2006,1
2005-12-30 18:26:43.900000+00:00,7.529,-82.266,10.0,6.1,mwb,"76 km S of Boca Chica, Panama",2005,12
2005-12-22 12:20:02.940000+00:00,-54.719,-135.868,10.0,6.3,mwc,Pacific-Antarctic Ridge,2005,12
2005-12-21 14:32:38.910000+00:00,6.643,-82.755,7.0,6.0,mwb,"154 km S of Punta de Burica, Panama",2005,12
2005-12-21 07:09:05.170000+00:00,-0.066,124.672,25.0,6.3,mwc,"153 km S of Tomohon, Indonesia",2005,12
2005-12-20 05:51:12.560000+00:00,12.232,140.995,22.8,6.1,mwb,"277 km N of Fais, Micronesia",2005,12
2005-12-16 18:32:16.420000+00:00,38.506,141.9,42.9,6.0,mwc,"53 km E of Ishinomaki, Japan",2005,12
2005-12-13 03:16:06.380000+00:00,-15.265,-178.571,10.0,6.7,mwb,"116 km SSW of Leava, Wallis and Futuna",2005,12
2005-12-11 14:20:45+00:00,-6.584,152.223,17.0,6.6,mwc,"247 km S of Kokopo, Papua New Guinea",2005,12
2005-12-07 23:32:51.550000+00:00,-30.012,-177.637,21.0,6.4,mwc,"Kermadec Islands, New Zealand",2005,12
2005-12-05 12:19:56.620000+00:00,-6.224,29.83,22.0,6.8,mwc,"76 km ESE of Kalemie, Democratic Republic of the Congo",2005,12
2005-12-02 13:13:09.520000+00:00,38.089,142.122,29.0,6.5,mwc,"80 km ESE of Ishinomaki, Japan",2005,12
2005-11-30 16:53:42.470000+00:00,6.27,124.029,13.0,6.4,mwc,"18 km WNW of Palimbang, Philippines",2005,11
2005-11-28 16:41:28.140000+00:00,20.29,146.055,11.0,6.0,mwc,Mariana Islands region,2005,11
2005-11-22 15:11:31.580000+00:00,-5.154,145.284,68.0,6.2,mwc,"56 km W of Madang, Papua New Guinea",2005,11
2005-11-20 12:53:02.950000+00:00,53.843,-164.093,30.0,6.2,mwc,"115 km ESE of Akutan, Alaska",2005,11
2005-11-19 14:10:13.030000+00:00,2.164,96.786,21.0,6.5,mwb,"57 km SE of Sinabang, Indonesia",2005,11
2005-11-14 21:38:51.420000+00:00,38.107,144.896,11.0,7.0,mwc,"293 km ESE of Kamaishi, Japan",2005,11
2005-11-05 10:48:21.220000+00:00,-3.149,148.143,25.0,6.4,mwc,"156 km SE of Lorengau, Papua New Guinea",2005,11
2005-10-29 04:05:56.040000+00:00,-45.214,96.898,8.0,6.5,mwc,southeast Indian Ridge,2005,10
2005-10-19 11:44:42.790000+00:00,36.405,140.839,32.0,6.3,mwb,"25 km ENE of ?arai, Japan",2005,10
2005-10-15 10:06:17.010000+00:00,46.816,154.113,42.8,6.1,mwc,east of the Kuril Islands,2005,10
2005-10-08 10:46:28.790000+00:00,34.733,73.1,8.0,6.4,mwc,"9 km NE of Battagram, Pakistan",2005,10
2005-10-08 03:50:40.800000+00:00,34.539,73.588,26.0,7.6,mwc,"21 km NNE of Muzaffar?b?d, Pakistan",2005,10
2005-09-29 18:23:25.980000+00:00,-5.563,151.865,28.0,6.2,mwc,"142 km SSW of Kokopo, Papua New Guinea",2005,9
2005-09-29 15:50:24.030000+00:00,-5.437,151.84,25.0,6.6,mwc,"129 km SSW of Kokopo, Papua New Guinea",2005,9
2005-09-25 12:55:46.600000+00:00,-17.515,167.801,30.0,6.1,mwb,"59 km WNW of Port-Vila, Vanuatu",2005,9
2005-09-05 07:37:31.310000+00:00,-56.41,-142.392,10.0,6.2,mwb,Pacific-Antarctic Ridge,2005,9
2005-08-30 18:10:45.460000+00:00,38.481,143.175,21.1,6.1,mwb,"142 km ESE of ?funato, Japan",2005,8
2005-08-27 18:38:20.940000+00:00,6.817,-82.432,10.0,6.1,mwb,"142 km SSE of Punta de Burica, Panama",2005,8
2005-08-26 18:16:33.620000+00:00,14.417,52.365,10.0,6.2,mwb,"199 km S of Al Ghayz?ah, Yemen",2005,8
2005-08-24 10:15:28.190000+00:00,38.564,142.987,10.0,6.1,mwb,"123 km ESE of ?funato, Japan",2005,8
2005-08-16 02:46:28.400000+00:00,38.276,142.039,36.0,7.2,mwc,"66 km ESE of Ishinomaki, Japan",2005,8
2005-08-13 07:36:52.770000+00:00,20.134,145.801,48.6,6.0,mwc,"Maug Islands region, Northern Mariana Islands",2005,8
2005-08-11 09:08:46.810000+00:00,-22.677,169.509,10.0,6.2,mwb,"206 km E of Vao, New Caledonia",2005,8
2005-08-09 14:12:21.170000+00:00,-21.097,173.874,35.0,6.1,mwc,Vanuatu region,2005,8
2005-08-09 05:26:17.530000+00:00,-20.942,173.825,23.6,6.1,mwb,Vanuatu region,2005,8
2005-08-07 11:35:26.140000+00:00,-14.449,-177.293,10.0,6.0,mwb,"89 km E of Alo, Wallis and Futuna",2005,8
2005-08-07 02:17:46.040000+00:00,-47.09,33.62,10.0,6.2,mwc,Prince Edward Islands region,2005,8
2005-08-03 11:03:15.130000+00:00,11.247,-85.541,14.0,6.3,mwc,"6 km NNW of Cárdenas, Nicaragua",2005,8
2005-07-30 11:03:49.120000+00:00,-61.474,154.249,10.0,6.0,mwc,Balleny Islands region,2005,7
2005-07-24 15:42:06.210000+00:00,7.92,92.19,16.0,7.2,mwc,"Nicobar Islands, India region",2005,7
2005-07-23 08:51:43.570000+00:00,-30.254,-178.068,10.0,6.0,mwb,"Kermadec Islands, New Zealand",2005,7
2005-07-11 23:06:01.740000+00:00,-27.001,-176.322,10.0,6.0,mwb,Kermadec Islands region,2005,7
2005-07-10 04:46:31.240000+00:00,-36.31,-97.264,10.0,6.1,mwb,West Chile Rise,2005,7
2005-07-05 01:52:02.950000+00:00,1.819,97.082,21.0,6.7,mwc,"94 km WSW of Singkil, Indonesia",2005,7
2005-07-04 11:36:05.650000+00:00,-42.283,42.37,10.0,6.3,mwc,Prince Edward Islands region,2005,7
2005-07-02 02:16:43.700000+00:00,11.245,-86.172,27.0,6.6,mwc,"32 km W of San Juan del Sur, Nicaragua",2005,7
2005-06-27 11:35:45.600000+00:00,18.781,-107.298,20.0,6.2,mwb,"236 km SW of La Cruz de Loreto, Mexico",2005,6
2005-06-17 06:21:42.590000+00:00,40.773,-126.574,12.0,6.6,mwb,"196 km W of Ferndale, California",2005,6
2005-06-15 19:52:24.820000+00:00,-44.865,-80.562,10.0,6.4,mwb,"Off the coast of Aisen, Chile",2005,6
2005-06-15 02:50:54.190000+00:00,41.292,-125.953,16.0,7.2,mwc,"153 km W of Big Lagoon, California",2005,6
2005-06-14 17:10:12.280000+00:00,51.239,179.314,17.0,6.8,mwc,"289 km WSW of Adak, Alaska",2005,6
2005-06-08 06:28:10.920000+00:00,2.17,96.724,23.5,6.1,mwb,"51 km SE of Sinabang, Indonesia",2005,6
2005-06-04 14:50:46.650000+00:00,-6.319,146.846,26.0,6.1,mwb,"47 km NNW of Lae, Papua New Guinea",2005,6
2005-05-21 05:11:35.390000+00:00,-3.286,-80.987,39.5,6.3,mwb,"55 km NW of Zorritos, Peru",2005,5
2005-05-19 01:54:52.850000+00:00,1.989,97.041,30.0,6.9,mwc,"89 km WSW of Singkil, Indonesia",2005,5
2005-05-18 11:37:41.740000+00:00,5.439,93.357,2.5,6.1,mwb,"219 km W of Banda Aceh, Indonesia",2005,5
2005-05-18 10:27:06.410000+00:00,-15.318,-173.24,10.0,6.2,mwc,"92 km NE of Hihifo, Tonga",2005,5
2005-05-16 03:54:14.620000+00:00,-32.589,-179.353,34.0,6.6,mwb,south of the Kermadec Islands,2005,5
2005-05-14 05:05:18.480000+00:00,0.587,98.459,34.0,6.7,mwb,"125 km SW of Padangsidempuan, Indonesia",2005,5
2005-05-12 11:15:35.340000+00:00,-57.382,-139.231,10.0,6.5,mwc,Pacific-Antarctic Ridge,2005,5
2005-05-10 01:09:05.100000+00:00,-6.226,103.139,17.0,6.3,mwc,"southwest of Sumatra, Indonesia",2005,5
2005-05-05 19:12:21.410000+00:00,5.71,-82.845,18.0,6.5,mwc,"256 km S of Punta de Burica, Panama",2005,5
2005-04-28 14:07:33.700000+00:00,2.132,96.799,22.0,6.2,mwb,"60 km SE of Sinabang, Indonesia",2005,4
2005-04-16 16:38:03.900000+00:00,1.812,97.662,31.0,6.4,mwc,"54 km SSW of Singkil, Indonesia",2005,4
2005-04-11 17:08:53.940000+00:00,-21.975,170.612,68.0,6.7,mwb,"286 km E of Tadine, New Caledonia",2005,4
2005-04-11 12:20:05.960000+00:00,-3.484,145.909,11.4,6.6,mwc,"192 km N of Madang, Papua New Guinea",2005,4
2005-04-11 06:11:11.820000+00:00,2.169,96.759,24.0,6.1,mwb,"54 km SE of Sinabang, Indonesia",2005,4
2005-04-10 17:24:39.400000+00:00,-1.591,99.717,30.0,6.4,mwb,"100 km SW of Padang, Indonesia",2005,4
2005-04-10 11:14:19.620000+00:00,-1.714,99.779,30.0,6.5,mwc,"106 km SW of Padang, Indonesia",2005,4
2005-04-10 10:29:11.280000+00:00,-1.644,99.607,19.0,6.7,mwc,"113 km SW of Padang, Indonesia",2005,4
2005-04-08 11:38:17.470000+00:00,-23.144,169.265,10.0,6.1,mwb,"189 km ESE of Vao, New Caledonia",2005,4
2005-04-08 05:48:37.880000+00:00,-0.215,97.731,20.9,6.1,mwb,"245 km SSW of Sibolga, Indonesia",2005,4
2005-04-07 20:04:41.060000+00:00,30.491,83.662,11.0,6.3,mwc,"196 km NE of Jumla, Nepal",2005,4
2005-04-03 03:10:56.470000+00:00,2.022,97.942,36.0,6.3,mwb,"33 km SSE of Singkil, Indonesia",2005,4
2005-04-03 00:59:21.420000+00:00,0.368,98.319,30.0,6.0,mwb,"154 km SW of Padangsidempuan, Indonesia",2005,4
2005-04-02 12:52:36.590000+00:00,78.607,6.098,10.0,6.1,mwb,"218 km W of Longyearbyen, Svalbard and Jan Mayen",2005,4
2005-03-31 01:46:17.760000+00:00,-18.448,175.99,10.0,6.0,mwc,"166 km WSW of Nadi, Fiji",2005,3
2005-03-30 16:19:41.100000+00:00,2.993,95.414,22.0,6.3,mwb,"121 km WNW of Sinabang, Indonesia",2005,3
2005-03-28 18:30:44.560000+00:00,0.923,97.867,36.1,6.1,mb,"136 km SW of Sibolga, Indonesia",2005,3
2005-03-28 16:09:36.530000+00:00,2.085,97.108,30.0,8.6,mww,"78 km WSW of Singkil, Indonesia",2005,3
2005-03-26 15:40:34.530000+00:00,-4.894,129.938,10.0,6.1,mwb,"205 km SSE of Amahai, Indonesia",2005,3
2005-03-20 01:53:41.830000+00:00,33.807,130.131,10.0,6.6,mwc,"28 km NNW of Maebaru-ch??, Japan",2005,3
2005-03-19 15:02:42.670000+00:00,-20.407,-174.337,18.0,6.1,mwc,"65 km S of Pangai, Tonga",2005,3
2005-03-13 03:31:23.080000+00:00,27.095,61.887,54.0,6.0,mwb,"119 km E of Iranshahr, Iran",2005,3
2005-03-06 05:21:43.430000+00:00,84.948,99.391,10.0,6.3,mwc,north of Severnaya Zemlya,2005,3
2005-03-06 04:39:59.430000+00:00,-11.045,163.045,10.0,6.1,mwb,"139 km ESE of Kirakira, Solomon Islands",2005,3
2005-02-26 12:56:52.620000+00:00,2.908,95.592,36.0,6.8,mwb,"99 km WNW of Sinabang, Indonesia",2005,2
2005-02-23 11:33:52.900000+00:00,-6.245,150.66,10.0,6.0,mwc,"96 km SE of Kimbe, Papua New Guinea",2005,2
2005-02-22 02:25:22.920000+00:00,30.754,56.816,14.0,6.4,mwc,"24 km ESE of Zarand, Iran",2005,2
2005-02-19 00:04:43.590000+00:00,-5.562,122.129,10.0,6.5,mwb,"81 km SSW of Katabu, Indonesia",2005,2
2005-02-16 20:27:52.490000+00:00,-36.32,-16.558,10.0,6.6,mwc,southern Mid-Atlantic Ridge,2005,2
2005-02-15 14:42:25.850000+00:00,4.756,126.421,39.7,6.5,mwc,"Pulau-Pulau Talaud, Indonesia",2005,2
2005-02-14 23:38:08.660000+00:00,41.728,79.44,22.0,6.1,mwc,"92 km NW of Aksu, China",2005,2
2005-02-10 16:53:19.990000+00:00,-23.097,169.219,9.0,6.3,mwb,"183 km ESE of Vao, New Caledonia",2005,2
2005-02-09 18:46:09.970000+00:00,26.088,143.997,24.0,6.3,mwb,"Bonin Islands, Japan region",2005,2
2005-02-09 13:27:25.340000+00:00,4.797,95.117,44.5,6.0,mwb,"85 km SSW of Banda Aceh, Indonesia",2005,2
2005-02-07 20:02:17.690000+00:00,-4.525,153.187,36.5,6.1,mwb,"103 km E of Kokopo, Papua New Guinea",2005,2
2005-02-05 04:03:13.840000+00:00,2.255,94.992,30.0,6.0,mwc,"156 km W of Sinabang, Indonesia",2005,2
2005-01-28 15:46:45.270000+00:00,-1.089,-81.157,10.0,6.2,mwb,"51 km WSW of Manta, Ecuador",2005,1
2005-01-28 09:26:18.830000+00:00,-1.183,-81.499,10.0,6.1,mwb,"90 km WSW of Manta, Ecuador",2005,1
2005-01-26 22:00:42.570000+00:00,2.699,94.602,22.2,6.2,mwb,"199 km W of Sinabang, Indonesia",2005,1
2005-01-24 23:23:26.120000+00:00,-1.364,-80.785,16.9,6.1,mwb,"23 km W of Jipijapa, Ecuador",2005,1
2005-01-24 04:16:47.440000+00:00,7.33,92.482,30.0,6.3,mwb,"Nicobar Islands, India region",2005,1
2005-01-23 20:10:12.150000+00:00,-1.198,119.933,11.0,6.3,mwc,"32 km SSE of Palu, Indonesia",2005,1
2005-01-22 20:30:17.350000+00:00,-7.727,159.475,29.0,6.4,mwb,"47 km NNW of Buala, Solomon Islands",2005,1
2005-01-21 13:45:14.060000+00:00,-1.134,-80.829,10.0,6.0,mwb,"21 km WSW of Montecristi, Ecuador",2005,1
2005-01-19 06:11:36.400000+00:00,34.064,141.491,27.8,6.6,mwc,"161 km SE of Katsuura, Japan",2005,1
2005-01-18 14:09:06.220000+00:00,42.946,144.866,42.0,6.3,mwb,"40 km E of Kushiro, Japan",2005,1
2005-01-17 10:50:32.560000+00:00,10.986,140.682,12.0,6.1,mwb,"136 km N of Fais, Micronesia",2005,1
2005-01-16 20:17:52.760000+00:00,10.934,140.842,24.9,6.6,mwb,"133 km NNE of Fais, Micronesia",2005,1
2005-01-16 08:25:04.470000+00:00,-25.528,-176.299,16.0,6.2,mwb,south of the Fiji Islands,2005,1
2005-01-15 13:47:05.130000+00:00,-6.462,105.236,58.7,6.0,mwc,"66 km W of Labuan, Indonesia",2005,1
2005-01-14 08:33:14.460000+00:00,-4.238,152.717,10.0,6.1,mwb,"51 km ENE of Kokopo, Papua New Guinea",2005,1
2005-01-12 08:40:03.650000+00:00,-0.878,-21.194,10.0,6.8,mwb,central Mid-Atlantic Ridge,2005,1
2005-01-09 22:12:56.510000+00:00,4.926,95.108,40.0,6.1,mwb,"72 km SSW of Banda Aceh, Indonesia",2005,1
2005-01-08 18:45:03.820000+00:00,-55.299,-27.956,10.0,6.0,mwb,South Sandwich Islands region,2005,1
2005-01-04 09:13:12.250000+00:00,10.672,92.362,23.2,6.1,mwb,"Andaman Islands, India region",2005,1
2005-01-03 17:59:28.890000+00:00,-50.659,161.866,10.0,6.1,mwb,north of Macquarie Island,2005,1
2005-01-02 15:35:56.720000+00:00,6.36,92.787,30.0,6.4,mwc,"284 km W of Sabang, Indonesia",2005,1
2005-01-01 19:08:07.800000+00:00,7.336,94.455,55.4,6.1,mwb,"Nicobar Islands, India region",2005,1
2005-01-01 06:25:44.820000+00:00,5.099,92.304,11.7,6.7,mwc,off the west coast of northern Sumatra,2005,1
2004-12-31 12:04:57.520000+00:00,6.204,92.913,11.0,6.0,mwb,"268 km W of Sabang, Indonesia",2004,12
2004-12-31 02:24:00.520000+00:00,7.12,92.533,14.0,6.1,mwc,"Nicobar Islands, India region",2004,12
2004-12-29 05:56:47.540000+00:00,8.791,93.198,12.0,6.2,mwb,"Nicobar Islands, India region",2004,12
2004-12-29 01:50:52.570000+00:00,9.109,93.756,8.0,6.1,mwb,"Nicobar Islands, India region",2004,12
2004-12-27 09:39:06.800000+00:00,5.348,94.65,35.0,6.1,mwb,"78 km WSW of Banda Aceh, Indonesia",2004,12
2004-12-26 19:19:55.570000+00:00,2.794,94.162,30.0,6.1,mwc,"249 km W of Sinabang, Indonesia",2004,12
2004-12-26 15:06:33.240000+00:00,3.651,94.086,17.8,6.0,mwc,"233 km WSW of Meulaboh, Indonesia",2004,12
2004-12-26 11:05:00.720000+00:00,13.533,92.84,13.3,6.2,mwc,"203 km N of Bamboo Flat, India",2004,12
2004-12-26 10:19:31.730000+00:00,13.462,92.738,26.4,6.3,mwc,"194 km N of Bamboo Flat, India",2004,12
2004-12-26 09:20:01.610000+00:00,8.879,92.375,16.1,6.6,mwc,"Nicobar Islands, India region",2004,12
2004-12-26 04:21:29.810000+00:00,6.91,92.958,39.2,7.2,mwc,"284 km WNW of Sabang, Indonesia",2004,12
2004-12-26 02:00:40.030000+00:00,6.848,94.667,30.0,6.0,mb,"128 km NW of Sabang, Indonesia",2004,12
2004-12-26 01:25:48.760000+00:00,5.499,94.213,30.0,6.1,mb,"124 km W of Banda Aceh, Indonesia",2004,12
2004-12-26 01:22:25.590000+00:00,7.421,93.985,30.0,6.0,mb,"224 km NW of Sabang, Indonesia",2004,12
2004-12-26 01:21:20.660000+00:00,6.34,93.361,30.0,6.1,mb,"222 km WNW of Sabang, Indonesia",2004,12
2004-12-26 00:58:53.450000+00:00,3.295,95.982,30.0,9.1,mw,2004 Sumatra - Andaman Islands Earthquake,2004,12
2004-12-23 14:59:04.410000+00:00,-49.312,161.345,10.0,8.1,mwc,2004 Tasman Sea Earthquake,2004,12
2004-12-22 21:03:39.390000+00:00,-55.942,-124.997,10.0,6.1,mwc,southern East Pacific Rise,2004,12
2004-12-18 06:46:19.870000+00:00,48.837,156.309,11.0,6.2,mwb,"204 km S of Severo-Kuril’sk, Russia",2004,12
2004-12-14 23:20:13.360000+00:00,18.958,-81.409,10.0,6.8,mwb,"36 km S of George Town, Cayman Islands",2004,12
2004-12-13 15:23:41.010000+00:00,13.385,-89.37,62.3,6.0,mwc,"12 km SSW of La Libertad, El Salvador",2004,12
2004-12-06 14:15:11.890000+00:00,42.9,145.228,35.0,6.8,mwb,"54 km SSW of Nemuro, Japan",2004,12
2004-11-28 18:32:14.130000+00:00,43.006,145.119,39.0,7.0,mwb,"51 km SW of Nemuro, Japan",2004,11
2004-11-28 07:36:45.400000+00:00,-3.638,135.445,23.1,6.2,mwb,"31 km SSW of Nabire, Indonesia",2004,11
2004-11-28 02:35:13.410000+00:00,-26.525,-113.834,10.0,6.6,mwc,Easter Island region,2004,11
2004-11-26 02:25:03.310000+00:00,-3.609,135.404,10.0,7.1,mwc,"29 km SSW of Nabire, Indonesia",2004,11
2004-11-22 20:26:23.900000+00:00,-46.676,164.721,10.0,7.1,mwc,"255 km W of Riverton, New Zealand",2004,11
2004-11-21 11:41:07.760000+00:00,15.679,-61.706,14.0,6.3,mwb,"20 km SSW of Petites Anses, Guadeloupe",2004,11
2004-11-20 22:01:45.660000+00:00,13.376,-90.056,40.6,6.3,mwc,"34 km SW of Acajutla, El Salvador",2004,11
2004-11-20 08:07:22.080000+00:00,9.602,-84.172,16.0,6.4,mwb,"17 km SSE of Tejar, Costa Rica",2004,11
2004-11-16 10:06:54.500000+00:00,-5.627,151.452,55.7,6.1,mwc,"145 km E of Kimbe, Papua New Guinea",2004,11
2004-11-15 09:06:56.560000+00:00,4.695,-77.508,15.0,7.2,mwb,"32 km SSW of Pizarro, Colombia",2004,11
2004-11-11 22:49:48.140000+00:00,-8.255,124.93,10.0,6.4,ms,"49 km NW of Maubara, Timor Leste",2004,11
2004-11-11 21:26:41.150000+00:00,-8.152,124.868,10.0,7.5,mwc,"63 km NW of Maubara, Timor Leste",2004,11
2004-11-11 17:34:52.050000+00:00,-11.128,162.208,10.0,6.7,mwb,"80 km SSE of Kirakira, Solomon Islands",2004,11
2004-11-11 10:02:47.330000+00:00,42.139,144.344,32.8,6.1,mwb,"92 km S of Kushiro, Japan",2004,11
2004-11-09 23:58:23.650000+00:00,-11.15,163.706,13.0,6.9,mwb,"209 km ESE of Kirakira, Solomon Islands",2004,11
2004-11-08 15:55:01.150000+00:00,24.104,122.542,29.0,6.3,mwc,"61 km SW of Yonakuni, Japan",2004,11
2004-11-03 08:31:43.730000+00:00,14.474,146.842,10.0,6.0,mwc,"142 km ESE of San Jose Village, Northern Mariana Islands",2004,11
2004-11-02 10:02:12.820000+00:00,49.277,-128.772,10.0,6.7,mwb,"189 km SW of Port McNeill, Canada",2004,11
2004-10-27 01:40:50.260000+00:00,37.284,138.885,14.1,6.0,mwb,"7 km ESE of Ojiya, Japan",2004,10
2004-10-26 22:53:07.860000+00:00,-57.071,-24.679,10.0,6.4,mwb,South Sandwich Islands region,2004,10
2004-10-26 20:48:10.580000+00:00,-57.067,-24.829,10.0,6.0,mwb,South Sandwich Islands region,2004,10
2004-10-23 09:34:04.990000+00:00,37.318,138.808,10.0,6.3,mwc,"2 km NNE of Ojiya, Japan",2004,10
2004-10-23 09:03:12.530000+00:00,37.318,138.816,10.5,6.1,mwc,"2 km NE of Ojiya, Japan",2004,10
2004-10-23 08:56:00.860000+00:00,37.226,138.779,16.0,6.6,mwc,"8 km SSW of Ojiya, Japan",2004,10
2004-10-20 18:32:24.570000+00:00,-14.027,166.612,59.8,6.1,mwc,"102 km W of Sola, Vanuatu",2004,10
2004-10-09 21:26:53.690000+00:00,11.422,-86.665,35.0,7.0,mwc,"43 km SSW of Masachapa, Nicaragua",2004,10
2004-10-08 08:27:53.540000+00:00,-10.951,162.161,36.0,6.8,mwb,"60 km SSE of Kirakira, Solomon Islands",2004,10
2004-10-06 22:30:56.950000+00:00,-0.67,134.426,10.0,6.2,mwc,"45 km ENE of Manokwari, Indonesia",2004,10
2004-10-04 19:20:34.980000+00:00,14.546,146.993,7.2,6.0,mwc,"152 km ESE of Saipan, Northern Mariana Islands",2004,10
2004-09-28 15:29:53.820000+00:00,-52.515,28.016,10.0,6.4,mwc,south of Africa,2004,9
2004-09-19 20:26:04.100000+00:00,52.205,174.027,25.0,6.2,mwc,"91 km SE of Attu Station, Alaska",2004,9
2004-09-13 03:00:12.850000+00:00,43.998,151.408,8.0,6.1,mwb,east of the Kuril Islands,2004,9
2004-09-11 21:52:38.300000+00:00,-57.976,-25.342,63.9,6.1,mwb,South Sandwich Islands region,2004,9
2004-09-09 16:33:21.740000+00:00,17.759,-81.55,25.2,6.0,mwb,"170 km S of George Town, Cayman Islands",2004,9
2004-09-08 14:58:25.830000+00:00,33.14,137.2,21.2,6.1,mwb,"130 km ESE of Shing?, Japan",2004,9
2004-09-07 11:53:06.110000+00:00,-28.573,-65.84,22.3,6.4,mwb,"12 km SSW of San Fernando del Valle de Catamarca, Argentina",2004,9
2004-09-06 23:29:35.090000+00:00,33.205,137.227,10.0,6.6,mwc,"129 km ESE of Shing?, Japan",2004,9
2004-09-06 12:42:59.390000+00:00,-55.372,-28.976,10.0,6.9,mwb,South Sandwich Islands region,2004,9
2004-09-05 14:57:32.270000+00:00,33.202,137.101,15.0,6.51,mw,"119 km ESE of Shing?, Japan",2004,9
2004-09-05 14:57:18.610000+00:00,33.184,137.071,10.0,7.4,mwb,"118 km ESE of Shing?, Japan",2004,9
2004-09-05 10:07:07.820000+00:00,33.07,136.618,14.0,7.2,mwc,"94 km SE of Shing?, Japan",2004,9
2004-09-03 19:04:47.980000+00:00,-15.254,-173.34,10.0,6.2,mwb,"91 km NNE of Hihifo, Tonga",2004,9
2004-08-28 13:41:25.600000+00:00,-35.173,-70.525,5.0,6.5,mwb,"67 km ESE of Teno, Chile",2004,8
2004-08-07 09:30:16.940000+00:00,51.753,-166.313,8.0,6.0,mwb,"218 km SE of Nikolski, Alaska",2004,8
2004-08-01 19:03:10.290000+00:00,-63.563,-166.666,10.0,6.0,mwb,Pacific-Antarctic Ridge,2004,8
2004-07-28 03:56:28.600000+00:00,-0.443,133.091,13.4,6.5,mwc,"117 km WNW of Manokwari, Indonesia",2004,7
2004-07-22 09:45:14.900000+00:00,26.489,128.894,20.9,6.1,mwb,"91 km E of Nago, Japan",2004,7
2004-07-19 08:01:49.460000+00:00,49.623,-126.967,23.7,6.4,mwb,"62 km SW of Vernon, Canada",2004,7
2004-07-16 23:58:19.040000+00:00,-65.651,-179.574,10.0,6.2,mwc,Pacific-Antarctic Ridge,2004,7
2004-07-11 23:46:12.560000+00:00,-20.252,-126.928,12.0,6.1,mwb,South Pacific Ocean,2004,7
2004-07-11 23:08:44.180000+00:00,30.694,83.672,13.0,6.2,mwb,"213 km NE of Jumla, Nepal",2004,7
2004-07-08 19:54:33.840000+00:00,-25.055,-115.964,10.0,6.0,mwb,southern East Pacific Rise,2004,7
2004-07-01 04:39:37.510000+00:00,-49.581,163.669,10.0,6.2,mwc,"Auckland Islands, New Zealand region",2004,7
2004-06-29 07:01:30.900000+00:00,10.738,-87.043,9.0,6.3,mwc,"129 km SSW of Masachapa, Nicaragua",2004,6
2004-06-28 09:49:51.366000+00:00,55.0721,-134.5324,19.9,6.8,mw,"98 km WSW of Craig, Alaska",2004,6
2004-06-15 11:16:31.500000+00:00,-38.854,-73.155,37.8,6.1,mwb,"15 km S of Carahue, Chile",2004,6
2004-06-09 22:52:08.800000+00:00,-51.603,139.615,10.0,6.4,mwc,western Indian-Antarctic Ridge,2004,6
2004-06-02 08:50:37.130000+00:00,-32.875,-179.447,43.1,6.2,mwb,south of the Kermadec Islands,2004,6
2004-05-29 20:56:09.600000+00:00,34.251,141.406,16.0,6.5,mwb,"140 km SE of Katsuura, Japan",2004,5
2004-05-28 12:38:44.470000+00:00,36.29,51.61,17.0,6.3,mwc,"41 km SSE of Nowshahr, Iran",2004,5
2004-05-19 07:04:11.710000+00:00,22.662,121.505,20.0,6.2,mwc,"107 km NE of Hengchun, Taiwan",2004,5
2004-05-13 09:58:43.450000+00:00,-3.584,150.73,10.0,6.4,mwc,"111 km S of Kavieng, Papua New Guinea",2004,5
2004-05-11 08:28:48.280000+00:00,0.415,97.825,21.0,6.1,mwb,"181 km SW of Sibolga, Indonesia",2004,5
2004-05-07 01:26:42.200000+00:00,-21.988,170.276,14.0,6.3,mwc,"252 km E of Tadine, New Caledonia",2004,5
2004-05-03 04:36:50.040000+00:00,-37.695,-73.406,21.0,6.6,mwb,"11 km N of Cañete, Chile",2004,5
2004-04-29 00:57:21.080000+00:00,10.805,-85.995,10.0,6.2,mwb,"49 km SW of La Cruz, Costa Rica",2004,4
2004-04-27 23:28:18.880000+00:00,-17.757,167.756,10.0,6.0,mwc,"59 km W of Port-Vila, Vanuatu",2004,4
2004-04-24 07:44:11.300000+00:00,-21.899,-174.822,8.0,6.1,mwb,"64 km SSE of ‘Ohonua, Tonga",2004,4
2004-04-23 01:50:30.220000+00:00,-9.362,122.839,65.8,6.7,mwb,"105 km WNW of Naisano Dua, Indonesia",2004,4
2004-04-22 14:16:07+00:00,-3.355,146.853,35.0,6.0,mwb,"153 km SSW of Lorengau, Papua New Guinea",2004,4
2004-04-22 10:11:12.660000+00:00,-17.587,167.888,10.0,6.0,mwc,"48 km WNW of Port-Vila, Vanuatu",2004,4
2004-04-16 21:57:05.410000+00:00,-5.214,102.718,44.5,6.0,mwb,"southern Sumatra, Indonesia",2004,4
2004-04-16 16:58:36.940000+00:00,-24.522,-175.879,10.0,6.0,mwb,south of Tonga,2004,4
2004-04-15 20:06:55.300000+00:00,-19.374,169.631,10.0,6.3,mwb,"41 km ENE of Isangel, Vanuatu",2004,4
2004-04-14 23:07:39.940000+00:00,71.067,-7.747,12.2,6.0,mwb,"38 km ENE of Olonkinbyen, Svalbard and Jan Mayen",2004,4
2004-04-14 01:54:09.220000+00:00,55.226,162.659,51.3,6.2,mwb,"112 km S of Ust’-Kamchatsk Staryy, Russia",2004,4
2004-04-11 18:06:12.480000+00:00,42.918,144.836,41.8,6.1,mwb,"38 km E of Kushiro, Japan",2004,4
2004-04-11 07:37:29.850000+00:00,-3.729,140.081,20.0,6.2,mwc,"139 km SSW of Abepura, Indonesia",2004,4
2004-04-08 04:57:50.480000+00:00,-36.256,-97.827,10.0,6.4,mwc,West Chile Rise,2004,4
2004-04-05 20:34:21.930000+00:00,-20.436,-173.936,8.0,6.2,mwb,"81 km SSE of Pangai, Tonga",2004,4
2004-04-03 23:02:00.870000+00:00,36.428,141.008,31.0,6.0,mwc,"37 km ESE of Hitachi, Japan",2004,4
2004-03-27 18:47:29.200000+00:00,33.954,89.179,8.0,6.0,mwb,western Xizang,2004,3
2004-03-18 20:04:24.830000+00:00,-23.759,-176.002,10.0,6.2,mwc,"289 km SSW of ‘Ohonua, Tonga",2004,3
2004-03-17 05:21:00.800000+00:00,34.589,23.326,24.5,6.1,mwb,"74 km WSW of Kastrí, Greece",2004,3
2004-03-14 16:30:42.320000+00:00,-17.267,-172.316,12.0,6.1,mwb,"214 km SE of Hihifo, Tonga",2004,3
2004-03-09 22:56:42.510000+00:00,-32.265,-178.358,18.4,6.2,mwc,south of the Kermadec Islands,2004,3
2004-03-08 23:39:11.340000+00:00,10.48,-43.919,10.0,6.0,mwb,northern Mid-Atlantic Ridge,2004,3
2004-03-07 11:08:01.340000+00:00,-32.381,-178.191,7.0,6.0,mwb,south of the Kermadec Islands,2004,3
2004-03-02 03:47:22.400000+00:00,11.61,-86.767,28.0,6.2,mwc,"33 km SW of Masachapa, Nicaragua",2004,3
2004-02-26 22:58:41.380000+00:00,-53.159,159.651,10.0,6.0,mwb,Macquarie Island region,2004,2
2004-02-26 20:32:21.850000+00:00,-18.171,66.419,10.0,6.3,mwc,Mauritius - Reunion region,2004,2
2004-02-24 02:27:46.230000+00:00,35.142,-3.997,0.0,6.4,mwb,"11 km SSW of Tirhanimîne, Morocco",2004,2
2004-02-23 16:04:49.440000+00:00,-14.74,-175.63,31.0,6.3,mwb,"171 km SSE of Mata-Utu, Wallis and Futuna",2004,2
2004-02-22 06:46:27.040000+00:00,-1.559,100.488,42.0,6.0,mwb,"69 km SSE of Padang, Indonesia",2004,2
2004-02-21 02:34:42.700000+00:00,-58.425,-14.963,10.0,6.6,mwb,east of the South Sandwich Islands,2004,2
2004-02-08 08:58:51.800000+00:00,-3.665,135.339,25.7,6.7,mwc,"38 km SSW of Nabire, Indonesia",2004,2
2004-02-07 02:42:35.210000+00:00,-4.003,135.023,10.0,7.3,mwb,"Near the south coast of Papua, Indonesia",2004,2
2004-02-05 21:05:02.840000+00:00,-3.615,135.538,16.6,7.0,mwc,"28 km S of Nabire, Indonesia",2004,2
2004-02-04 11:59:47.690000+00:00,8.358,-82.877,29.2,6.1,mwb,"2 km S of Finca Blanco, Panama",2004,2
2004-01-29 03:52:52.300000+00:00,-50.206,-114.78,10.0,6.1,mwb,southern East Pacific Rise,2004,1
2004-01-28 22:15:30.700000+00:00,-3.12,127.4,17.4,6.7,mwb,"107 km NW of Ambon, Indonesia",2004,1
2004-01-16 18:07:55.660000+00:00,7.641,-37.704,10.0,6.2,mwb,central Mid-Atlantic Ridge,2004,1
2004-01-15 07:26:53.010000+00:00,-3.528,151.064,10.0,6.2,mwb,"109 km SSE of Kavieng, Papua New Guinea",2004,1
2004-01-11 04:32:47.790000+00:00,-36.696,53.352,5.3,6.2,mwb,South Indian Ocean,2004,1
2004-01-09 22:35:31.190000+00:00,-6.072,149.401,57.7,6.3,mwc,"22 km NW of Kandrian, Papua New Guinea",2004,1
2004-01-03 16:34:28.050000+00:00,-22.438,169.919,10.0,6.1,mb,"232 km ESE of Tadine, New Caledonia",2004,1
2004-01-03 16:23:21.020000+00:00,-22.253,169.683,22.0,7.1,mwc,"202 km ESE of Tadine, New Caledonia",2004,1
2004-01-03 08:21:48.400000+00:00,-22.324,169.616,10.0,6.4,mwc,southeast of the Loyalty Islands,2004,1
2004-01-03 08:09:03.810000+00:00,-22.163,169.55,10.0,6.1,mwc,"185 km ESE of Tadine, New Caledonia",2004,1
2004-01-03 08:07:34.220000+00:00,-22.376,169.728,10.0,6.0,mwc,"211 km ESE of Tadine, New Caledonia",2004,1
2004-01-01 23:31:50.050000+00:00,17.488,-101.303,29.4,6.1,mwc,"6 km SW of Petatlán, Mexico",2004,1
2003-12-29 01:30:54.700000+00:00,42.423,144.613,33.0,6.1,mwc,"64 km SSE of Kushiro, Japan",2003,12
2003-12-27 22:55:01.280000+00:00,-21.648,169.766,10.0,6.3,mwc,"195 km E of Tadine, New Caledonia",2003,12
2003-12-27 22:38:01.880000+00:00,-21.672,169.835,10.0,6.7,mwb,"202 km E of Tadine, New Caledonia",2003,12
2003-12-27 16:00:59.450000+00:00,-22.015,169.766,10.0,7.3,mwc,"201 km ESE of Tadine, New Caledonia",2003,12
2003-12-27 04:55:25.460000+00:00,-22.107,169.35,10.0,6.1,mwc,"164 km ESE of Tadine, New Caledonia",2003,12
2003-12-26 21:26:04.100000+00:00,-22.273,169.314,10.0,6.8,mwc,"168 km ESE of Tadine, New Caledonia",2003,12
2003-12-26 01:56:52.440000+00:00,28.995,58.311,10.0,6.6,mwc,"13 km SSW of Bam, Iran",2003,12
2003-12-25 23:09:43.420000+00:00,-22.305,169.531,10.0,6.0,mwb,"190 km ESE of Tadine, New Caledonia",2003,12
2003-12-25 20:42:33.720000+00:00,-22.252,169.488,10.0,6.5,mwc,"183 km ESE of Tadine, New Caledonia",2003,12
2003-12-25 14:21:14.940000+00:00,-34.954,-178.249,34.6,6.0,mwb,south of the Kermadec Islands,2003,12
2003-12-25 07:11:11.590000+00:00,8.416,-82.824,33.0,6.5,mwb,"3 km SSE of Progreso, Panama",2003,12
2003-12-22 19:15:56.240000+00:00,35.7005,-121.1005,8.382,6.5,mw,"10 km NE of San Simeon, California",2003,12
2003-12-21 07:40:45.830000+00:00,-0.769,-20.601,10.0,6.6,mwc,central Mid-Atlantic Ridge,2003,12
2003-12-10 04:38:11.590000+00:00,23.039,121.362,10.0,6.8,mwb,"92 km E of Yujing, Taiwan",2003,12
2003-12-09 12:44:01.680000+00:00,51.334,-179.272,33.0,6.2,mwc,"192 km WSW of Adak, Alaska",2003,12
2003-12-05 21:26:09.480000+00:00,55.538,165.78,10.0,6.7,mwb,"220 km ESE of Ust’-Kamchatsk Staryy, Russia",2003,12
2003-12-01 01:38:31.960000+00:00,42.905,80.515,10.0,6.0,mwc,"106 km E of Kegen, Kazakhstan",2003,12
2003-11-25 20:19:46.290000+00:00,-5.581,150.88,35.0,6.6,mwb,"82 km E of Kimbe, Papua New Guinea",2003,11
2003-11-18 17:14:22.620000+00:00,12.025,125.416,35.0,6.5,mwb,"4 km NW of Can-Avid, Philippines",2003,11
2003-11-17 06:43:06.800000+00:00,51.146,178.65,33.0,7.8,mwc,"Rat Islands, Aleutian Islands, Alaska",2003,11
2003-11-14 04:28:33.300000+00:00,-16.737,172.331,10.0,6.1,mwc,Vanuatu region,2003,11
2003-11-13 02:49:02.210000+00:00,-54.213,143.824,10.0,6.0,mwb,west of Macquarie Island,2003,11
2003-11-12 00:29:45.350000+00:00,1.593,126.48,33.0,6.2,mwc,"134 km NW of Ternate, Indonesia",2003,11
2003-11-11 15:39:33.590000+00:00,-30.659,-179.376,33.0,6.1,mwc,Kermadec Islands region,2003,11
2003-11-11 13:44:53.280000+00:00,-30.616,-179.01,33.0,6.1,mwb,Kermadec Islands region,2003,11
2003-11-09 19:52:36.820000+00:00,-0.674,-19.689,10.0,6.6,mwc,central Mid-Atlantic Ridge,2003,11
2003-11-05 00:58:51.110000+00:00,4.973,-77.77,33.0,6.0,mwb,"44 km W of Pizarro, Colombia",2003,11
2003-11-02 05:32:15.720000+00:00,-45.19,166.535,10.0,6.4,mwb,"96 km WNW of Te Anau, New Zealand",2003,11
2003-10-31 01:06:28.280000+00:00,37.812,142.619,10.0,7.0,mwb,"133 km ESE of Ishinomaki, Japan",2003,10
2003-10-28 02:33:51.520000+00:00,-5.376,151.509,65.0,6.0,mwc,"141 km SW of Kokopo, Papua New Guinea",2003,10
2003-10-22 11:45:30.840000+00:00,-6.058,147.727,53.5,6.3,mwb,"56 km NNW of Finschhafen, Papua New Guinea",2003,10
2003-10-18 22:27:13.250000+00:00,0.444,126.103,33.0,6.4,mwc,"147 km WSW of Ternate, Indonesia",2003,10
2003-10-13 09:52:26.160000+00:00,-15.937,-178.426,10.0,6.0,mwc,"183 km S of Alo, Wallis and Futuna",2003,10
2003-10-09 22:19:13.850000+00:00,13.755,119.939,33.0,6.2,mwb,"18 km WSW of Tagbak, Philippines",2003,10
2003-10-08 09:06:55.340000+00:00,42.648,144.57,32.0,6.7,mwc,"39 km SSE of Kushiro, Japan",2003,10
2003-10-07 04:55:28.810000+00:00,-16.526,-170.192,10.0,6.2,mwb,"246 km SSE of Vaitogi, American Samoa",2003,10
2003-10-01 01:03:25.240000+00:00,50.211,87.721,10.0,6.7,mwb,"9 km S of Aktash, Russia",2003,10
2003-09-30 15:22:31.700000+00:00,-30.494,-177.18,33.0,6.0,mwc,"Kermadec Islands, New Zealand",2003,9
2003-09-30 14:08:37.740000+00:00,-30.437,-177.398,10.0,6.4,mwb,"Kermadec Islands, New Zealand",2003,9
2003-09-30 08:01:33.110000+00:00,-60.318,-33.401,10.0,6.0,mwc,Scotia Sea,2003,9
2003-09-29 02:36:53.140000+00:00,42.45,144.38,25.0,6.5,mwc,"58 km S of Kushiro, Japan",2003,9
2003-09-27 18:52:46.980000+00:00,50.091,87.765,10.0,6.4,mwb,"23 km S of Aktash, Russia",2003,9
2003-09-27 11:33:25.080000+00:00,50.038,87.813,16.0,7.3,mwb,"29 km S of Aktash, Russia",2003,9
2003-09-26 20:38:22.100000+00:00,41.988,144.576,33.0,6.0,mwb,"110 km S of Kushiro, Japan",2003,9
2003-09-25 21:08:00.030000+00:00,41.774,143.593,33.0,7.4,mwc,"119 km ESE of Shizunai-furukawach?, Japan",2003,9
2003-09-25 19:50:06.360000+00:00,41.815,143.91,27.0,8.16,mww,2003 Tokachi-Oki Earthquake,2003,9
2003-09-22 04:45:36.240000+00:00,19.777,-70.673,10.0,6.4,mwb,"2 km SE of Puerto Plata, Dominican Republic",2003,9
2003-09-21 23:15:12.110000+00:00,-1.007,-14.059,10.0,6.0,mwc,north of Ascension Island,2003,9
2003-09-21 18:16:13.410000+00:00,19.917,95.672,10.0,6.6,mwb,"16 km SE of Taungdwingyi, Myanmar",2003,9
2003-09-12 06:55:55.800000+00:00,-5.273,151.502,50.4,6.0,mwb,"133 km SW of Kokopo, Papua New Guinea",2003,9
2003-09-11 21:58:25.550000+00:00,-8.205,156.159,10.0,6.0,mwc,"76 km W of Gizo, Solomon Islands",2003,9
2003-09-07 13:19:20.450000+00:00,-22.472,172.123,33.0,6.4,mwc,southeast of the Loyalty Islands,2003,9
2003-09-06 02:08:13.810000+00:00,-4.623,-106.045,10.0,6.1,mwb,central East Pacific Rise,2003,9
2003-09-02 18:28:00.330000+00:00,-15.229,-173.223,10.0,6.4,mwb,"101 km NE of Hihifo, Tonga",2003,9
2003-08-28 04:48:19.880000+00:00,-49.816,-114.811,10.0,6.2,mwc,southern East Pacific Rise,2003,8
2003-08-21 12:12:49.790000+00:00,-45.104,167.144,28.0,7.2,mwc,"56 km NW of Te Anau, New Zealand",2003,8
2003-08-14 05:14:54.760000+00:00,39.16,20.605,10.0,6.3,mwc,"8 km S of Kanaláki, Greece",2003,8
2003-08-11 13:40:19.850000+00:00,-56.906,147.611,10.0,6.0,mwb,west of Macquarie Island,2003,8
2003-08-11 00:19:09.280000+00:00,1.142,128.152,10.0,6.0,mwb,"66 km SSE of Tobelo, Indonesia",2003,8
2003-08-04 04:37:20.130000+00:00,-60.532,-43.411,10.0,7.6,mwc,Scotia Sea,2003,8
2003-07-25 22:13:29.970000+00:00,38.415,140.996,6.0,6.1,mwc,"7 km NW of Matsushima, Japan",2003,7
2003-07-25 09:37:45.840000+00:00,-1.528,149.694,24.0,6.4,mwb,"168 km NW of Kavieng, Papua New Guinea",2003,7
2003-07-22 04:21:40.770000+00:00,-15.416,166.142,33.0,6.0,mwb,"108 km WSW of Port-Olry, Vanuatu",2003,7
2003-07-21 15:16:31.930000+00:00,25.975,101.29,10.0,6.0,mwb,"75 km SSW of Dadukou, China",2003,7
2003-07-17 19:57:13.770000+00:00,18.507,-107.129,10.0,6.0,mwc,"241 km SW of La Cruz de Loreto, Mexico",2003,7
2003-07-15 20:27:50.530000+00:00,-2.598,68.382,10.0,7.6,mwc,Carlsberg Ridge,2003,7
2003-07-15 18:46:38.120000+00:00,-3.828,152.174,33.0,6.5,mwb,"41 km N of Rabaul, Papua New Guinea",2003,7
2003-07-04 00:33:50.040000+00:00,-5.473,151.691,10.0,6.1,mwc,"140 km SSW of Kokopo, Papua New Guinea",2003,7
2003-07-03 06:21:50.370000+00:00,-21.278,-174.522,10.0,6.0,mwc,"44 km E of ‘Ohonua, Tonga",2003,7
2003-07-01 17:00:22.820000+00:00,12.803,124.898,33.0,6.0,mwc,"22 km NW of Cabodiongan, Philippines",2003,7
2003-06-28 15:29:42.260000+00:00,-3.325,146.148,10.0,6.3,mwc,"189 km SW of Lorengau, Papua New Guinea",2003,6
2003-06-26 14:11:44.590000+00:00,12.253,123.85,10.0,6.0,mwb,"4 km ENE of Miaga, Philippines",2003,6
2003-06-23 12:12:34.470000+00:00,51.439,176.783,20.0,6.9,mwc,"291 km SE of Attu Station, Alaska",2003,6
2003-06-20 13:30:41.640000+00:00,-30.608,-71.637,33.0,6.8,mwc,"42 km W of Ovalle, Chile",2003,6
2003-06-15 19:24:33.150000+00:00,51.552,176.923,20.0,6.5,mwb,"293 km ESE of Attu Station, Alaska",2003,6
2003-06-10 08:40:30.830000+00:00,23.52,121.628,44.5,6.0,mwc,"50 km S of Hualien City, Taiwan",2003,6
2003-06-07 00:32:45.570000+00:00,-5.095,152.502,33.0,6.6,mwc,"87 km SSE of Kokopo, Papua New Guinea",2003,6
2003-06-03 23:58:02.740000+00:00,-17.36,-72.807,33.0,6.0,mwb,"81 km SSW of Quilca, Peru",2003,6
2003-05-28 16:15:18.940000+00:00,-17.646,66.116,10.0,6.2,mwb,Mauritius - Reunion region,2003,5
2003-05-26 19:23:27.940000+00:00,2.354,128.855,31.0,7.0,mwc,"116 km NE of Tobelo, Indonesia",2003,5
2003-05-26 09:24:33.400000+00:00,38.849,141.568,68.0,7.0,mwb,"27 km SSW of ?funato, Japan",2003,5
2003-05-21 18:44:20.100000+00:00,36.964,3.634,12.0,6.8,mwc,"25 km WNW of Dellys, Algeria",2003,5
2003-05-19 16:27:10.200000+00:00,17.546,-105.473,10.0,6.1,mwb,"201 km SSW of Barra de Navidad, Mexico",2003,5
2003-05-14 06:03:35.860000+00:00,18.266,-58.633,41.5,6.7,mwb,North Atlantic Ocean,2003,5
2003-05-13 21:21:14.050000+00:00,-17.287,167.744,33.0,6.3,mwb,"78 km NW of Port-Vila, Vanuatu",2003,5
2003-05-11 17:51:35.140000+00:00,-0.988,126.938,30.2,6.1,mwc,"202 km SSW of Ternate, Indonesia",2003,5
2003-05-09 20:26:15.980000+00:00,-48.209,32.272,10.0,6.3,mwc,Prince Edward Islands region,2003,5
2003-05-05 23:04:45.670000+00:00,3.715,127.954,56.0,6.2,mwb,"219 km N of Tobelo, Indonesia",2003,5
2003-05-04 20:08:46.480000+00:00,-30.587,-178.29,45.6,6.4,mwb,"Kermadec Islands, New Zealand",2003,5
2003-05-04 14:54:00.320000+00:00,-11.287,166.314,33.0,6.0,mwc,"83 km SE of Lata, Solomon Islands",2003,5
2003-05-04 13:15:18.660000+00:00,-30.531,-178.232,62.4,6.7,mwb,"Kermadec Islands, New Zealand",2003,5
2003-05-03 05:03:03.340000+00:00,-15.143,-173.747,33.0,6.2,mwb,"89 km N of Hihifo, Tonga",2003,5
2003-05-01 00:27:04.700000+00:00,39.007,40.464,10.0,6.4,mwb,"13 km N of Bingöl, Turkey",2003,5
2003-04-29 13:53:17.300000+00:00,43.706,147.805,62.5,6.0,mwb,"87 km E of Shikotan, Russia",2003,4
2003-04-24 10:56:21.980000+00:00,48.764,154.991,43.8,6.1,mwc,"227 km SSW of Severo-Kuril’sk, Russia",2003,4
2003-04-17 14:50:48.580000+00:00,-54.624,1.432,10.0,6.5,mwb,Bouvet Island region,2003,4
2003-04-17 00:48:38.580000+00:00,37.529,96.476,14.0,6.4,mwc,"278 km SSW of Laojunmiao, China",2003,4
2003-04-11 06:12:54.580000+00:00,7.033,-82.353,10.0,6.2,mwb,"124 km SSE of Punta de Burica, Panama",2003,4
2003-04-02 03:43:11.580000+00:00,35.28,-35.729,10.0,6.3,mwc,northern Mid-Atlantic Ridge,2003,4
2003-03-31 01:06:53.050000+00:00,-6.183,151.429,46.8,6.2,mwc,"159 km ESE of Kimbe, Papua New Guinea",2003,3
2003-03-30 18:13:34.090000+00:00,-3.169,127.542,33.0,6.2,mwb,"92 km NW of Ambon, Indonesia",2003,3
2003-03-28 17:31:47.770000+00:00,-15.324,-173.508,41.2,6.2,mwc,"76 km NNE of Hihifo, Tonga",2003,3
2003-03-25 02:53:25.030000+00:00,-8.294,120.743,33.0,6.5,mwc,"46 km NE of Ruteng, Indonesia",2003,3
2003-03-19 00:03:42.920000+00:00,-9.388,156.587,33.5,6.2,mwb,"144 km S of Gizo, Solomon Islands",2003,3
2003-03-17 18:55:47.880000+00:00,51.295,177.971,33.0,6.2,mwc,"Rat Islands, Aleutian Islands, Alaska",2003,3
2003-03-17 16:36:17.310000+00:00,51.272,177.978,33.0,7.1,mwb,"Rat Islands, Aleutian Islands, Alaska",2003,3
2003-03-15 19:41:28.700000+00:00,52.249,160.387,30.2,6.1,mwb,"147 km SE of Petropavlovsk-Kamchatsky, Russia",2003,3
2003-03-14 07:06:13.310000+00:00,-0.406,132.951,33.0,6.3,mwb,"133 km WNW of Manokwari, Indonesia",2003,3
2003-03-12 23:41:32.920000+00:00,26.556,-110.587,10.0,6.4,mwb,"87 km SW of Paredón Colorado, Mexico",2003,3
2003-03-11 07:27:32.650000+00:00,-4.694,153.238,40.2,6.8,mwc,"114 km ESE of Kokopo, Papua New Guinea",2003,3
2003-03-09 10:36:23.030000+00:00,-6.82,130.985,45.9,6.0,mwc,"235 km SW of Tual, Indonesia",2003,3
2003-03-02 16:42:56.330000+00:00,-36.958,-20.879,10.0,6.2,mwb,southern Mid-Atlantic Ridge,2003,3
2003-03-01 06:12:47.400000+00:00,-1.699,134.313,28.1,6.0,mwb,"96 km SSE of Manokwari, Indonesia",2003,3
2003-02-24 02:03:41.450000+00:00,39.61,77.23,11.0,6.3,mwc,"107 km E of Kashgar, China",2003,2
2003-02-19 03:32:36.360000+00:00,53.645,-164.643,19.0,6.6,mwc,"92 km SE of Akutan, Alaska",2003,2
2003-02-15 11:01:59.860000+00:00,12.168,124.079,10.0,6.3,mwc,"11 km SSW of San Vicente, Philippines",2003,2
2003-02-12 22:33:30.830000+00:00,-3.652,144.242,10.0,6.2,mwc,"49 km NNE of Angoram, Papua New Guinea",2003,2
2003-02-10 04:49:31.120000+00:00,-6.011,149.792,33.0,6.3,mwc,"34 km NE of Kandrian, Papua New Guinea",2003,2
2003-01-27 17:56:25.830000+00:00,-46.048,35.057,10.0,6.4,mwc,Prince Edward Islands region,2003,1
2003-01-27 05:26:23.040000+00:00,39.5,39.878,10.0,6.1,mwc,"2 km NW of Pulumer, Turkey",2003,1
2003-01-22 02:06:34.610000+00:00,18.77,-104.104,24.0,7.6,mwb,"16 km SSW of Cuyutlán, Mexico",2003,1
2003-01-21 02:46:47.740000+00:00,13.626,-90.774,24.0,6.5,mwc,"33 km S of Puerto San José, Guatemala",2003,1
2003-01-20 08:43:06.070000+00:00,-10.491,160.77,33.0,7.3,mwc,"126 km W of Kirakira, Solomon Islands",2003,1
2003-01-16 00:53:15.720000+00:00,44.284,-129.024,10.0,6.3,mwb,off the coast of Oregon,2003,1
2003-01-09 02:50:45.790000+00:00,-19.664,-176.295,10.0,6.0,mwc,"199 km NW of Nuku‘alofa, Tonga",2003,1
2003-01-06 23:43:50.840000+00:00,15.651,119.658,10.0,6.0,mwb,"25 km WSW of Bolitoc, Philippines",2003,1
2002-12-30 04:49:08.690000+00:00,7.471,123.407,10.0,6.3,mwc,"0 km NNW of Tabina, Philippines",2002,12
2002-12-23 13:46:11.360000+00:00,16.957,-85.578,33.0,6.0,mwb,"63 km NNE of Savannah Bight, Honduras",2002,12
2002-12-20 14:14:42.050000+00:00,-3.076,147.943,33.0,6.3,mwc,"137 km SSE of Lorengau, Papua New Guinea",2002,12
2002-12-18 14:12:21.750000+00:00,-57.092,-24.981,10.0,6.1,mwc,South Sandwich Islands region,2002,12
2002-12-17 04:32:53.070000+00:00,-56.952,-24.825,10.0,6.2,mwc,South Sandwich Islands region,2002,12
2002-12-12 08:30:42.770000+00:00,-4.786,153.275,34.0,6.7,mwb,"New Ireland region, Papua New Guinea",2002,12
2002-12-11 03:49:40.190000+00:00,-3.81,135.123,10.0,6.3,mwb,"65 km SW of Nabire, Indonesia",2002,12
2002-12-10 01:28:33.670000+00:00,-50.028,-114.121,10.0,6.0,mwb,southern East Pacific Rise,2002,12
2002-11-26 00:48:15.040000+00:00,51.465,-173.537,20.6,6.1,mwc,"93 km SSE of Atka, Alaska",2002,11
2002-11-20 21:32:30.810000+00:00,35.414,74.515,33.0,6.3,mwc,"58 km SSE of Gilgit, Pakistan",2002,11
2002-11-15 19:58:31.780000+00:00,-56.051,-36.404,10.0,6.6,mwc,South Georgia Island region,2002,11
2002-11-09 00:14:18.080000+00:00,13.743,-91.187,33.0,6.0,mwc,"40 km SSW of La Gomera, Guatemala",2002,11
2002-11-07 15:14:06.760000+00:00,51.197,179.334,33.0,6.6,mwc,"289 km WSW of Adak, Alaska",2002,11
2002-11-03 22:12:41.518000+00:00,63.5141,-147.4529,4.2,7.9,mw,"2002 Denali Fault, Alaska Earthquake",2002,11
2002-11-03 03:37:42.070000+00:00,38.886,141.977,39.0,6.4,mwc,"30 km SE of ?funato, Japan",2002,11
2002-11-02 09:46:46.700000+00:00,2.954,96.394,27.0,6.3,mwc,"52 km N of Sinabang, Indonesia",2002,11
2002-11-02 01:26:10.700000+00:00,2.824,96.085,30.0,7.4,mwb,"50 km NW of Sinabang, Indonesia",2002,11
2002-10-31 01:35:16.670000+00:00,-3.441,148.638,10.0,6.1,mwc,"217 km SE of Lorengau, Papua New Guinea",2002,10
2002-10-24 06:08:37.980000+00:00,-1.884,29.004,11.0,6.2,mwc,"34 km SW of Goma, Democratic Republic of the Congo",2002,10
2002-10-23 11:27:19.433000+00:00,63.5144,-147.9116,4.2,6.6,mw,"53 km ENE of Cantwell, Alaska",2002,10
2002-10-19 12:09:05.380000+00:00,44.297,149.96,33.0,6.3,mwc,"194 km ESE of Kuril’sk, Russia",2002,10
2002-10-19 00:43:56.430000+00:00,-3.667,140.312,33.0,6.0,mwc,"123 km SSW of Abepura, Indonesia",2002,10
2002-10-18 11:16:48.310000+00:00,-57.185,-142.751,10.0,6.1,mwc,Pacific-Antarctic Ridge,2002,10
2002-10-17 17:52:44.190000+00:00,-3.597,140.226,33.0,6.3,mwc,"119 km SSW of Abepura, Indonesia",2002,10
2002-10-16 14:13:12.740000+00:00,-15.676,-173.048,33.0,6.0,mwb,Tonga,2002,10
2002-10-14 14:12:43.750000+00:00,41.174,142.249,61.4,6.1,mwc,"87 km E of Mutsu, Japan",2002,10
2002-10-13 20:55:07.460000+00:00,-14.596,-175.416,10.0,6.1,mwb,"166 km SSE of Mata-Utu, Wallis and Futuna",2002,10
2002-10-12 23:43:12.850000+00:00,15.096,118.504,33.0,6.1,mwb,"155 km WSW of Palauig, Philippines",2002,10
2002-10-10 21:19:58.510000+00:00,-1.478,134.111,10.0,6.0,mwc,"68 km S of Manokwari, Indonesia",2002,10
2002-10-10 12:29:35.180000+00:00,-1.401,133.934,10.0,6.0,mb,"61 km SSW of Manokwari, Indonesia",2002,10
2002-10-10 12:28:25.800000+00:00,-1.511,133.973,10.0,6.7,ms,"72 km S of Manokwari, Indonesia",2002,10
2002-10-10 10:50:20.570000+00:00,-1.757,134.297,10.0,7.6,mwc,"102 km SSE of Manokwari, Indonesia",2002,10
2002-10-08 01:23:58.800000+00:00,-42.039,88.379,10.0,6.0,mwb,southeast Indian Ridge,2002,10
2002-10-06 15:46:33.010000+00:00,-8.197,118.341,10.0,6.3,mwc,"39 km NNW of Dompu, Indonesia",2002,10
2002-10-03 16:08:29.620000+00:00,23.324,-108.53,10.0,6.5,mwc,"111 km ESE of La Rivera, Mexico",2002,10
2002-09-24 23:01:28.670000+00:00,-10.65,161.21,19.0,6.3,mwc,"80 km WSW of Kirakira, Solomon Islands",2002,9
2002-09-24 22:54:21.480000+00:00,-10.565,161.11,10.0,6.3,mwc,"89 km W of Kirakira, Solomon Islands",2002,9
2002-09-24 04:13:11.630000+00:00,-10.535,161.2,10.0,6.1,mwc,"79 km W of Kirakira, Solomon Islands",2002,9
2002-09-20 15:43:35.460000+00:00,-1.68,134.234,10.0,6.4,mwc,"92 km SSE of Manokwari, Indonesia",2002,9
2002-09-20 13:33:41.620000+00:00,-1.743,134.013,10.0,6.0,mwc,"97 km S of Manokwari, Indonesia",2002,9
2002-09-17 11:20:23.390000+00:00,-3.284,142.769,10.0,6.0,mwc,"49 km ESE of Aitape, Papua New Guinea",2002,9
2002-09-16 13:23:00.990000+00:00,-3.313,142.679,10.0,6.3,mwb,"41 km ESE of Aitape, Papua New Guinea",2002,9
2002-09-13 22:28:29.460000+00:00,13.036,93.068,21.0,6.5,mwc,"152 km NNE of Bamboo Flat, India",2002,9
2002-09-08 18:44:23.710000+00:00,-3.302,142.945,13.0,7.6,mwc,"68 km ESE of Aitape, Papua New Guinea",2002,9
2002-09-06 01:21:28.600000+00:00,38.381,13.701,5.0,6.0,mwc,"34 km NNE of Santa Flavia, Italy",2002,9
2002-09-01 17:14:59.890000+00:00,14.284,51.945,10.0,6.0,mwc,"214 km S of Al Ghayz?ah, Yemen",2002,9
2002-08-24 18:40:53.440000+00:00,43.11,146.118,42.6,6.1,mwc,"50 km ESE of Nemuro, Japan",2002,8
2002-08-20 10:59:32.020000+00:00,30.986,141.966,9.0,6.3,mwb,"Izu Islands, Japan region",2002,8
2002-08-15 05:30:26.230000+00:00,-1.196,121.333,10.0,6.2,mwc,"68 km ENE of Poso, Indonesia",2002,8
2002-08-14 13:57:52.110000+00:00,14.101,146.199,30.0,6.5,mwc,"114 km SSE of San Jose Village, Northern Mariana Islands",2002,8
2002-08-14 13:12:39.880000+00:00,7.831,136.88,10.0,6.3,mwb,"231 km SW of Colonia, Micronesia",2002,8
2002-08-07 23:59:14.540000+00:00,7.851,-82.895,10.0,6.0,mwb,"20 km S of Punta de Burica, Panama",2002,8
2002-08-04 15:16:26.990000+00:00,-35.457,-16.238,10.0,6.0,mwb,southern Mid-Atlantic Ridge,2002,8
2002-07-31 00:16:44.610000+00:00,7.929,-82.793,10.0,6.5,mwc,"14 km SE of Punta de Burica, Panama",2002,7
2002-07-30 06:55:07.780000+00:00,-57.889,-23.242,33.0,6.2,mwc,South Sandwich Islands region,2002,7
2002-07-19 06:43:55.100000+00:00,-56.623,-140.69,10.0,6.1,mwc,Pacific-Antarctic Ridge,2002,7
2002-07-03 23:00:18.470000+00:00,-5.032,147.336,31.2,6.2,mwc,"173 km E of Madang, Papua New Guinea",2002,7
2002-06-29 02:39:00.720000+00:00,-12.4,166.524,33.0,6.2,mwc,"197 km NW of Sola, Vanuatu",2002,6
2002-06-27 05:50:35.110000+00:00,-6.963,104.181,11.0,6.5,mwc,"193 km WSW of Labuan, Indonesia",2002,6
2002-06-22 02:58:21.300000+00:00,35.626,49.047,10.0,6.5,mwc,"59 km SSW of Abhar, Iran",2002,6
2002-06-21 00:05:44.850000+00:00,-4.495,146.768,33.0,6.0,mwb,"135 km NE of Madang, Papua New Guinea",2002,6
2002-06-18 13:56:22.830000+00:00,-30.805,-71.124,54.0,6.6,mwb,"20 km SW of Monte Patria, Chile",2002,6
2002-06-17 21:26:22.920000+00:00,-12.592,166.383,33.0,6.7,mwc,"190 km NW of Sola, Vanuatu",2002,6
2002-06-17 13:25:56.380000+00:00,-4.651,-105.379,10.0,6.0,mwc,central East Pacific Rise,2002,6
2002-06-16 02:46:14.030000+00:00,8.784,-83.992,35.0,6.4,mwc,"55 km WSW of Ciudad Cortés, Costa Rica",2002,6
2002-06-13 01:27:19.470000+00:00,-47.801,99.751,10.0,6.6,mwc,southeast Indian Ridge,2002,6
2002-06-10 22:48:36.210000+00:00,10.985,140.69,33.0,6.1,mwb,"136 km N of Fais, Micronesia",2002,6
2002-06-06 23:53:48.470000+00:00,-0.879,148.33,10.0,6.3,mwb,"173 km NE of Lorengau, Papua New Guinea",2002,6
2002-05-28 16:45:17.100000+00:00,24.069,122.264,33.0,6.1,mwc,"67 km E of Hualien City, Taiwan",2002,5
2002-05-28 04:04:22.530000+00:00,-28.937,-66.797,22.2,6.0,mwc,"39 km S of Arauco, Argentina",2002,5
2002-05-25 05:36:31.970000+00:00,53.815,-161.116,33.0,6.4,mwb,"159 km SSE of King Cove, Alaska",2002,5
2002-05-23 15:52:15.280000+00:00,-30.749,-71.197,52.1,6.0,mwb,"16 km S of Ovalle, Chile",2002,5
2002-05-15 03:46:05.760000+00:00,24.636,121.922,10.0,6.2,mwc,"21 km SE of Yilan, Taiwan",2002,5
2002-05-14 16:56:10.420000+00:00,-36.518,78.932,10.0,6.2,mwc,Mid-Indian Ridge,2002,5
2002-04-24 11:00:00.860000+00:00,-56.135,-122.312,10.0,6.2,mwc,southern East Pacific Rise,2002,4
2002-04-20 15:59:57.860000+00:00,-16.382,173.259,33.0,6.0,mwc,Fiji region,2002,4
2002-04-18 16:08:36.780000+00:00,-27.535,-70.586,62.0,6.7,mwb,"31 km SW of Copiapó, Chile",2002,4
2002-04-18 05:02:46.190000+00:00,16.985,-100.865,24.9,6.8,mwc,"27 km SSW of Nuxco, Mexico",2002,4
2002-04-11 21:56:56.390000+00:00,-14.392,167.687,10.0,6.2,mwb,"58 km SSE of Sola, Vanuatu",2002,4
2002-04-08 03:48:55.240000+00:00,-51.068,139.269,10.0,6.2,mwc,western Indian-Antarctic Ridge,2002,4
2002-04-07 01:41:26.150000+00:00,-60.94,154.25,10.0,6.2,mwc,west of Macquarie Island,2002,4
2002-03-31 06:52:50.490000+00:00,24.279,122.179,32.8,7.1,mwc,"67 km ENE of Hualien City, Taiwan",2002,3
2002-03-26 03:45:48.700000+00:00,23.346,124.09,33.0,6.4,mwc,"110 km S of Ishigaki, Japan",2002,3
2002-03-25 14:56:33.820000+00:00,36.062,69.315,8.0,6.1,mwc,"16 km E of Nahr?n, Afghanistan",2002,3
2002-03-17 19:33:33.780000+00:00,-45.221,35.105,10.0,6.0,mwc,Prince Edward Islands region,2002,3
2002-03-08 18:27:53.190000+00:00,5.871,124.274,23.3,6.0,mwb,"28 km SSW of Maguling, Philippines",2002,3
2002-03-05 21:16:09.130000+00:00,6.033,124.249,31.0,7.5,mwc,"Mindanao, Philippines",2002,3
2002-02-28 01:50:48.940000+00:00,-5.685,151.258,40.2,6.3,mwb,"125 km E of Kimbe, Papua New Guinea",2002,2
2002-02-19 00:35:45.700000+00:00,-3.731,150.992,10.0,6.1,mwc,"129 km S of Kavieng, Papua New Guinea",2002,2
2002-02-15 01:46:37.850000+00:00,-36.231,-100.301,10.0,6.0,mwb,southeast of Easter Island,2002,2
2002-02-05 13:27:24.670000+00:00,-5.345,151.248,39.0,6.6,mwc,"125 km E of Kimbe, Papua New Guinea",2002,2
2002-02-03 09:26:43.350000+00:00,38.632,30.902,10.0,6.0,mwb,"11 km WNW of Çay, Turkey",2002,2
2002-02-03 07:11:28.410000+00:00,38.573,31.271,5.0,6.5,mwc,"5 km NE of Sultanda??, Turkey",2002,2
2002-01-30 12:58:19.220000+00:00,-6.252,150.887,33.0,6.0,mwc,"113 km SE of Kimbe, Papua New Guinea",2002,1
2002-01-28 15:09:55.890000+00:00,-15.304,-173.225,33.0,6.2,mwc,"94 km NE of Hihifo, Tonga",2002,1
2002-01-28 13:50:28.720000+00:00,49.381,155.594,33.0,6.1,mwc,"148 km SSW of Severo-Kuril’sk, Russia",2002,1
2002-01-15 09:01:15.950000+00:00,-5.527,151.097,41.1,6.2,mwc,"106 km E of Kimbe, Papua New Guinea",2002,1
2002-01-15 07:12:58.030000+00:00,-6.314,105.205,10.0,6.1,mwc,"69 km W of Labuan, Indonesia",2002,1
2002-01-15 04:47:59.850000+00:00,-17.334,167.722,10.0,6.0,mwc,"77 km NW of Port-Vila, Vanuatu",2002,1
2002-01-13 14:10:56.520000+00:00,-5.651,151.074,43.6,6.4,mwc,"104 km E of Kimbe, Papua New Guinea",2002,1
2002-01-10 11:14:56.930000+00:00,-3.212,142.427,11.0,6.7,mwc,"11 km SE of Aitape, Papua New Guinea",2002,1
2002-01-03 10:17:36.300000+00:00,-17.664,168.004,10.0,6.6,mwc,"33 km WNW of Port-Vila, Vanuatu",2002,1
2002-01-02 17:22:48.760000+00:00,-17.6,167.856,21.0,7.2,mwc,"50 km WNW of Port-Vila, Vanuatu",2002,1
2002-01-01 10:39:06.820000+00:00,-55.214,-129.0,10.0,6.0,mwc,Pacific-Antarctic Ridge,2002,1
2001-12-23 22:52:54.330000+00:00,-9.613,159.53,16.0,6.8,mwc,"22 km WNW of Malango, Solomon Islands",2001,12
2001-12-18 04:02:58.280000+00:00,23.954,122.734,14.0,6.8,mwc,"62 km SSW of Yonakuni, Japan",2001,12
2001-12-12 14:02:35.040000+00:00,-42.813,124.688,10.0,7.1,mwc,south of Australia,2001,12
2001-12-12 12:53:18.410000+00:00,-17.189,167.721,33.0,6.1,mwc,"87 km NW of Port-Vila, Vanuatu",2001,12
2001-12-08 20:29:34.230000+00:00,28.251,129.574,33.0,6.2,mwc,"15 km SE of Naze, Japan",2001,12
2001-12-03 11:32:29.800000+00:00,-16.496,-177.54,10.0,6.4,mwc,"249 km SSE of Alo, Wallis and Futuna",2001,12
2001-11-27 00:53:46.190000+00:00,-33.228,-178.573,10.0,6.0,mwb,south of the Kermadec Islands,2001,11
2001-11-22 23:24:47.740000+00:00,-16.242,178.054,10.0,6.2,mwb,"141 km W of Labasa, Fiji",2001,11
2001-11-22 23:22:20.440000+00:00,-16.255,178.019,10.0,6.3,mwc,"145 km W of Labasa, Fiji",2001,11
2001-11-20 21:08:18.430000+00:00,-6.88,128.921,33.0,6.2,mwc,"279 km NE of Lospalos, Timor Leste",2001,11
2001-11-15 01:03:06.060000+00:00,-1.587,-15.578,10.0,6.3,mwc,north of Ascension Island,2001,11
2001-11-14 09:26:10.010000+00:00,35.946,90.541,10.0,7.8,mwc,"Southern Qinghai, China",2001,11
2001-11-13 10:43:23.080000+00:00,53.627,170.551,33.0,6.0,mwc,"196 km WNW of Attu Station, Alaska",2001,11
2001-11-13 09:47:36.540000+00:00,22.371,-106.973,33.0,6.1,mwc,"109 km SW of Barrón, Mexico",2001,11
2001-11-09 00:47:55.020000+00:00,9.643,-82.3,10.0,6.1,mwc,"33 km NE of Changuinola, Panama",2001,11
2001-10-31 09:10:20+00:00,-5.912,150.196,33.0,7.0,mwc,"40 km S of Kimbe, Papua New Guinea",2001,10
2001-10-26 23:05:50.950000+00:00,-18.494,168.108,33.0,6.1,mwc,"86 km SSW of Port-Vila, Vanuatu",2001,10
2001-10-21 00:29:21.490000+00:00,-37.137,178.982,18.0,6.7,mwc,"178 km ENE of Opotiki, New Zealand",2001,10
2001-10-19 03:28:44.460000+00:00,-4.102,123.907,33.0,7.5,mwc,"155 km E of Kendari, Indonesia",2001,10
2001-10-17 11:29:09.920000+00:00,19.354,-64.932,33.0,6.0,mwb,"112 km N of Charlotte Amalie, U.S. Virgin Islands",2001,10
2001-10-13 16:27:00.070000+00:00,0.839,125.98,33.0,6.0,mwc,"129 km ESE of Tondano, Indonesia",2001,10
2001-10-12 15:02:16.840000+00:00,12.686,144.98,37.0,7.0,mwc,"69 km SSE of Inarajan Village, Guam",2001,10
2001-10-12 05:02:34+00:00,52.63,-132.2,20.0,6.1,mwc,"225 km SSW of Prince Rupert, Canada",2001,10
2001-10-08 18:20:38.250000+00:00,52.631,160.214,33.0,6.4,mwc,"114 km ESE of Petropavlovsk-Kamchatsky, Russia",2001,10
2001-10-08 18:14:26.440000+00:00,52.591,160.324,48.5,6.5,mwc,"123 km ESE of Petropavlovsk-Kamchatsky, Russia",2001,10
2001-10-07 02:21:09.810000+00:00,-3.296,142.934,10.0,6.2,mwc,"67 km ESE of Aitape, Papua New Guinea",2001,10
2001-09-30 19:01:18.710000+00:00,-18.419,168.121,33.0,6.2,mwc,"78 km SSW of Port-Vila, Vanuatu",2001,9
2001-09-29 02:40:07.380000+00:00,-18.503,168.159,33.0,6.4,mwc,"86 km S of Port-Vila, Vanuatu",2001,9
2001-09-15 15:04:34.080000+00:00,-22.393,-175.01,10.0,6.0,mwb,"117 km S of ‘Ohonua, Tonga",2001,9
2001-09-14 04:45:08+00:00,48.69,-128.71,10.0,6.0,mwc,"211 km WSW of Tofino, Canada",2001,9
2001-09-11 14:56:50.920000+00:00,-0.578,133.13,33.0,6.5,mwc,"108 km WNW of Manokwari, Indonesia",2001,9
2001-09-02 10:06:51.500000+00:00,-54.356,-137.016,10.0,6.3,mwc,Pacific-Antarctic Ridge,2001,9
2001-09-02 02:25:54.090000+00:00,0.889,82.501,10.0,6.1,mwc,North Indian Ocean,2001,9
2001-08-27 01:16:47.450000+00:00,1.091,126.36,33.0,6.1,mwc,"118 km WNW of Ternate, Indonesia",2001,8
2001-08-25 02:02:02.500000+00:00,7.633,-82.766,24.5,6.1,mwc,"45 km SSE of Punta de Burica, Panama",2001,8
2001-08-23 21:45:03.160000+00:00,-3.373,146.311,10.0,6.2,mwc,"182 km SW of Lorengau, Papua New Guinea",2001,8
2001-08-21 06:52:06.250000+00:00,-36.813,-179.575,33.0,7.1,mwc,"295 km NE of Gisborne, New Zealand",2001,8
2001-08-13 20:11:23.400000+00:00,41.046,142.308,38.0,6.4,mwc,"87 km ENE of Misawa, Japan",2001,8
2001-08-06 03:52:59.510000+00:00,-55.537,-123.422,10.0,6.7,mwc,southern East Pacific Rise,2001,8
2001-08-02 23:41:06.170000+00:00,56.26,163.79,14.0,6.3,mwc,"81 km E of Ust’-Kamchatsk Staryy, Russia",2001,8
2001-07-26 00:21:36.920000+00:00,39.059,24.244,10.0,6.5,mwc,"32 km WNW of Skýros, Greece",2001,7
2001-07-24 05:00:09.090000+00:00,-19.448,-69.255,33.0,6.4,mwb,"126 km NE of Iquique, Chile",2001,7
2001-07-22 18:15:09.010000+00:00,-5.147,132.338,33.0,6.0,mwc,"70 km NW of Tual, Indonesia",2001,7
2001-07-08 17:54:18.760000+00:00,-6.663,152.108,10.0,6.2,mwc,"250 km ESE of Kimbe, Papua New Guinea",2001,7
2001-07-07 09:38:43.520000+00:00,-17.543,-72.077,33.0,7.6,mwc,"51 km SW of Punta de Bombón, Peru",2001,7
2001-07-05 13:53:48.360000+00:00,-16.086,-73.987,62.0,6.6,mwc,"31 km S of Achanizo, Peru",2001,7
2001-07-04 12:09:03.840000+00:00,-17.003,-65.711,33.0,6.2,mwc,"41 km NNE of Colomi, Bolivia",2001,7
2001-07-01 01:46:06.130000+00:00,-4.312,152.956,28.0,6.1,mwc,"76 km E of Kokopo, Papua New Guinea",2001,7
2001-06-26 12:33:52.030000+00:00,-4.07,-104.469,10.0,6.1,mwb,central East Pacific Rise,2001,6
2001-06-26 04:18:31.380000+00:00,-17.745,-71.649,24.0,6.7,mwc,"34 km WSW of Pacocha, Peru",2001,6
2001-06-24 13:18:51.710000+00:00,44.189,148.51,33.0,6.0,mwc,"125 km SSE of Kuril’sk, Russia",2001,6
2001-06-23 21:27:35.710000+00:00,-17.181,-72.641,33.0,6.1,mb,"56 km SSW of Quilca, Peru",2001,6
2001-06-23 20:33:14.130000+00:00,-16.265,-73.641,33.0,8.4,mww,"6 km SSW of Atico, Peru",2001,6
2001-06-16 02:13:38.180000+00:00,-14.889,-173.339,10.0,6.0,mwc,"127 km NNE of Hihifo, Tonga",2001,6
2001-06-15 16:19:07.610000+00:00,13.903,51.679,10.0,6.0,mwc,"199 km NNW of Kilmia, Yemen",2001,6
2001-06-15 06:17:45.330000+00:00,18.833,146.983,33.0,6.0,mwc,"Pagan region, Northern Mariana Islands",2001,6
2001-06-14 19:48:47.850000+00:00,51.16,-179.828,18.0,6.5,mwc,"235 km WSW of Adak, Alaska",2001,6
2001-06-05 15:13:58.150000+00:00,-6.815,146.41,10.0,6.0,mwc,"49 km NNW of Bulolo, Papua New Guinea",2001,6
2001-06-05 09:00:05.380000+00:00,-6.884,146.388,10.0,6.4,mwc,"45 km NW of Bulolo, Papua New Guinea",2001,6
2001-05-29 23:37:19.490000+00:00,-7.022,155.037,14.0,6.4,mwc,"92 km SSW of Panguna, Papua New Guinea",2001,5
2001-05-28 08:37:05.110000+00:00,-6.609,132.346,33.0,6.0,mwc,"117 km SSW of Tual, Indonesia",2001,5
2001-05-25 00:40:50.600000+00:00,44.268,148.393,33.0,6.7,mwc,"114 km SSE of Kuril’sk, Russia",2001,5
2001-05-20 04:21:43.820000+00:00,18.816,-104.446,33.0,6.3,mwc,"33 km SW of El Colomo, Mexico",2001,5
2001-05-09 17:38:26.120000+00:00,-10.318,161.232,67.9,6.3,mwc,"76 km WNW of Kirakira, Solomon Islands",2001,5
2001-05-07 00:33:23.800000+00:00,-56.186,-144.471,10.0,6.2,mwb,Pacific-Antarctic Ridge,2001,5
2001-04-29 21:26:54.540000+00:00,18.736,-104.545,10.0,6.2,mwc,"45 km SSW of El Naranjo, Mexico",2001,4
2001-04-19 21:43:42.280000+00:00,-7.41,155.865,17.0,6.7,mwc,"128 km SSE of Panguna, Papua New Guinea",2001,4
2001-04-19 20:58:26.140000+00:00,-7.306,155.965,20.0,6.2,mwc,"121 km SSE of Panguna, Papua New Guinea",2001,4
2001-04-19 03:13:25.580000+00:00,-7.455,155.893,12.0,6.0,mwc,"126 km NW of Gizo, Solomon Islands",2001,4
2001-04-14 23:27:26.660000+00:00,30.092,141.768,10.0,6.0,mwc,"Izu Islands, Japan region",2001,4
2001-04-13 15:33:53.550000+00:00,-59.723,-25.586,26.0,6.2,mwc,South Sandwich Islands region,2001,4
2001-04-09 09:00:57.170000+00:00,-32.668,-73.109,11.0,6.7,mwc,"144 km WNW of Valparaíso, Chile",2001,4
2001-04-07 23:17:37.920000+00:00,-27.554,-176.336,33.0,6.2,mwc,Kermadec Islands region,2001,4
2001-04-04 07:44:11.200000+00:00,-5.176,132.369,33.0,6.4,mwc,"65 km NW of Tual, Indonesia",2001,4
2001-03-24 06:27:53.580000+00:00,34.083,132.526,50.0,6.8,mwc,"16 km SSW of Kure, Japan",2001,3
2001-03-23 11:30:10.520000+00:00,44.071,148.054,33.0,6.0,mwc,"111 km ENE of Shikotan, Russia",2001,3
2001-03-19 05:52:15.890000+00:00,-4.029,128.02,33.0,6.5,mwc,"41 km SSW of Ambon, Indonesia",2001,3
2001-03-15 13:02:42.110000+00:00,-32.321,-71.492,37.0,6.0,mwb,"28 km WNW of La Ligua, Chile",2001,3
2001-03-15 01:22:43.370000+00:00,8.656,94.013,33.0,6.0,mwc,"Nicobar Islands, India region",2001,3
2001-03-07 18:10:58.650000+00:00,-6.81,-12.911,10.0,6.0,mwc,"206 km NE of Georgetown, Saint Helena",2001,3
2001-03-06 09:17:36.080000+00:00,-54.588,157.271,10.0,6.4,mwb,Macquarie Island region,2001,3
2001-02-28 18:54:32.830000+00:00,47.149,-122.7266667,51.798,6.8,md,"7 km SSE of Longbranch, Washington",2001,2
2001-02-28 18:50:13.020000+00:00,13.283,-88.827,65.3,6.1,mwb,"24 km S of Zacatecoluca, El Salvador",2001,2
2001-02-28 13:05:31.640000+00:00,-22.002,170.108,10.0,6.3,mwc,"235 km ESE of Tadine, New Caledonia",2001,2
2001-02-28 12:30:14.050000+00:00,-21.986,170.207,10.0,6.7,mwc,"245 km E of Tadine, New Caledonia",2001,2
2001-02-24 16:33:44.680000+00:00,1.555,126.431,33.0,6.2,mwc,"135 km NW of Ternate, Indonesia",2001,2
2001-02-24 07:23:48.730000+00:00,1.271,126.249,35.0,7.1,mwc,"137 km WNW of Ternate, Indonesia",2001,2
2001-02-18 13:04:53.420000+00:00,-47.456,32.386,10.0,6.0,mwc,Prince Edward Islands region,2001,2
2001-02-17 20:11:30+00:00,53.92,-133.61,20.0,6.2,mwc,"151 km SSW of Hydaburg, Alaska",2001,2
2001-02-14 14:16:59.180000+00:00,-19.691,177.39,10.0,6.2,mwc,"204 km SSW of Suva, Fiji",2001,2
2001-02-14 14:04:25.610000+00:00,-19.494,177.33,10.0,6.1,mwc,"187 km S of Nadi, Fiji",2001,2
2001-02-13 19:28:30.260000+00:00,-4.68,102.562,36.0,7.4,mwc,"102 km SSE of Bengkulu, Indonesia",2001,2
2001-02-13 14:22:05.820000+00:00,13.671,-88.938,10.0,6.6,mwc,"5 km S of Cojutepeque, El Salvador",2001,2
2001-02-01 18:19:30.390000+00:00,51.437,-177.797,33.0,6.0,mwc,"94 km WSW of Adak, Alaska",2001,2
2001-01-29 23:21:25.940000+00:00,-0.677,133.334,33.0,6.2,mwc,"83 km WNW of Manokwari, Indonesia",2001,1
2001-01-26 03:16:40.500000+00:00,23.419,70.232,16.0,7.7,mwc,"17 km NW of Bhach?u, India",2001,1
2001-01-19 09:04:34.560000+00:00,-58.161,-9.472,33.0,6.0,mwc,east of the South Sandwich Islands,2001,1
2001-01-19 08:10:14.750000+00:00,-11.662,166.38,50.0,6.3,mwc,"121 km SSE of Lata, Solomon Islands",2001,1
2001-01-16 13:25:09.830000+00:00,-4.022,101.776,28.0,6.9,mwb,"59 km WSW of Bengkulu, Indonesia",2001,1
2001-01-16 13:25:01.080000+00:00,-3.957,101.746,33.0,6.0,mb,"60 km WSW of Bengkulu, Indonesia",2001,1
2001-01-15 05:52:16.250000+00:00,-40.344,78.362,10.0,6.4,mwc,Mid-Indian Ridge,2001,1
2001-01-13 17:33:32.380000+00:00,13.049,-88.66,60.0,7.7,mwc,"28 km SSW of Puerto El Triunfo, El Salvador",2001,1
2001-01-11 00:04:03+00:00,48.89,-129.31,10.0,6.0,mwc,"247 km SW of Port McNeill, Canada",2001,1
2001-01-10 16:02:42.638000+00:00,56.7744,-153.281,36.4,6.9,mw,"47 km S of Old Harbor, Alaska",2001,1
2001-01-02 23:17:41.970000+00:00,-11.16,162.44,33.0,6.0,mwc,"96 km SE of Kirakira, Solomon Islands",2001,1
2001-01-02 07:30:03.780000+00:00,6.749,126.809,33.0,6.4,mwc,"51 km SE of Lukatan, Philippines",2001,1
2001-01-01 08:54:31.580000+00:00,6.631,126.899,33.0,6.8,mwc,"Mindanao, Philippines",2001,1
2001-01-01 06:57:04.170000+00:00,6.898,126.579,33.0,7.5,mwc,"21 km SE of Lukatan, Philippines",2001,1
2000-12-28 04:34:28.450000+00:00,-4.05,152.307,33.0,6.2,mwc,"23 km NE of Rabaul, Papua New Guinea",2000,12
2000-12-23 07:13:24.300000+00:00,-7.873,135.816,61.7,6.0,mwc,"Kepulauan Aru region, Indonesia",2000,12
2000-12-21 01:01:27.770000+00:00,-5.706,151.122,33.0,6.4,mwb,"110 km E of Kimbe, Papua New Guinea",2000,12
2000-12-20 16:49:43.300000+00:00,-9.231,154.353,33.0,6.6,mwc,D'Entrecasteaux Islands region,2000,12
2000-12-20 11:23:54.100000+00:00,-39.008,-74.662,11.0,6.5,mwc,"134 km WSW of Carahue, Chile",2000,12
2000-12-19 13:11:47.370000+00:00,11.765,144.76,33.0,6.2,mwc,"166 km S of Merizo Village, Guam",2000,12
2000-12-15 16:44:47.660000+00:00,38.457,31.351,10.0,6.0,mwc,"12 km NNW of Ak?ehir, Turkey",2000,12
2000-12-12 05:26:45.940000+00:00,6.015,-82.679,10.0,6.1,mwc,"224 km S of Punta de Burica, Panama",2000,12
2000-12-06 22:57:40.040000+00:00,-4.218,152.725,31.0,6.5,mwc,"52 km ENE of Kokopo, Papua New Guinea",2000,12
2000-12-06 17:11:06.400000+00:00,39.566,54.799,30.0,7.0,mwc,"37 km E of Balkanabat, Turkmenistan",2000,12
2000-12-04 04:43:09.590000+00:00,14.876,-93.944,33.0,6.1,mwb,"104 km SW of El Palmarcito, Mexico",2000,12
2000-11-29 10:25:13.260000+00:00,-24.869,-70.886,58.2,6.3,mwc,"72 km NW of Taltal, Chile",2000,11
2000-11-25 18:10:47.390000+00:00,40.167,49.954,33.0,6.5,mwc,"23 km SSE of Badamdar, Azerbaijan",2000,11
2000-11-25 18:09:11.420000+00:00,40.245,49.946,50.4,6.8,mwc,"15 km SSE of Baku, Azerbaijan",2000,11
2000-11-23 18:43:15.660000+00:00,-4.585,153.058,33.0,6.3,mwc,"91 km ESE of Kokopo, Papua New Guinea",2000,11
2000-11-21 21:21:05.260000+00:00,-5.43,152.688,33.0,6.1,mwc,"128 km SSE of Kokopo, Papua New Guinea",2000,11
2000-11-21 17:33:34.450000+00:00,-5.486,152.153,33.0,6.2,mwc,"New Britain region, Papua New Guinea",2000,11
2000-11-19 05:35:19.300000+00:00,-5.588,151.867,33.0,6.1,mwc,"144 km SSW of Kokopo, Papua New Guinea",2000,11
2000-11-19 02:45:27.570000+00:00,-5.133,151.655,57.8,6.0,mwb,"110 km SW of Kokopo, Papua New Guinea",2000,11
2000-11-18 23:05:39.780000+00:00,-5.384,153.452,33.0,6.1,mwc,"174 km SE of Kokopo, Papua New Guinea",2000,11
2000-11-18 06:54:58.350000+00:00,-5.228,151.771,33.0,6.8,mwb,"112 km SSW of Kokopo, Papua New Guinea",2000,11
2000-11-18 02:05:48.810000+00:00,-5.097,153.181,33.0,6.6,mwc,"131 km SE of Kokopo, Papua New Guinea",2000,11
2000-11-17 21:01:56.490000+00:00,-5.496,151.781,33.0,7.8,mwc,"138 km SSW of Kokopo, Papua New Guinea",2000,11
2000-11-16 11:05:41.640000+00:00,-5.29,152.968,33.0,6.2,ms,"130 km SE of Kokopo, Papua New Guinea",2000,11
2000-11-16 07:45:32.940000+00:00,-4.827,153.226,33.0,6.5,mb,"118 km ESE of Kokopo, Papua New Guinea",2000,11
2000-11-16 07:42:16.930000+00:00,-5.233,153.102,30.0,7.8,mwc,"135 km SE of Kokopo, Papua New Guinea",2000,11
2000-11-16 05:21:22.410000+00:00,-5.069,153.238,33.0,6.0,mb,"134 km SE of Kokopo, Papua New Guinea",2000,11
2000-11-16 04:54:56.740000+00:00,-3.98,152.169,33.0,8.0,mwc,2000 New Ireland Earthquake,2000,11
2000-11-13 15:57:21.610000+00:00,42.489,144.765,33.0,6.0,mwc,"62 km SSE of Kushiro, Japan",2000,11
2000-11-08 06:59:58.860000+00:00,7.042,-77.829,17.0,6.5,mwc,"10 km SW of Juradó, Colombia",2000,11
2000-11-07 01:01:49.260000+00:00,-5.538,151.592,33.0,6.0,ms,"151 km SSW of Kokopo, Papua New Guinea",2000,11
2000-11-07 00:18:04.910000+00:00,-55.627,-29.876,10.0,6.8,mwb,South Sandwich Islands region,2000,11
2000-11-01 10:35:55.030000+00:00,-45.07,167.009,24.5,6.1,mwc,"67 km NW of Te Anau, New Zealand",2000,11
2000-10-31 18:43:20.920000+00:00,-17.867,-175.312,33.0,6.2,mwc,"165 km WNW of Neiafu, Tonga",2000,10
2000-10-30 12:01:30.760000+00:00,-9.708,119.075,33.0,6.0,mwc,"130 km W of Waingapu, Indonesia",2000,10
2000-10-29 08:37:08.770000+00:00,-4.766,153.945,50.0,7.0,mwc,"191 km ESE of Kokopo, Papua New Guinea",2000,10
2000-10-25 19:00:17.490000+00:00,-34.678,-109.458,10.0,6.1,mwc,southern East Pacific Rise,2000,10
2000-10-25 09:32:23.970000+00:00,-6.549,105.63,38.0,6.8,mwc,"29 km SW of Labuan, Indonesia",2000,10
2000-10-25 05:26:38.890000+00:00,-34.605,-109.648,10.0,6.0,mwc,southern East Pacific Rise,2000,10
2000-10-21 11:35:59.130000+00:00,-47.347,-12.403,10.0,6.0,mwc,southern Mid-Atlantic Ridge,2000,10
2000-10-06 04:30:19.150000+00:00,35.456,133.134,10.0,6.7,mwc,"8 km ESE of Matsue, Japan",2000,10
2000-10-05 13:39:11.670000+00:00,31.732,-40.958,10.0,6.1,mwc,northern Mid-Atlantic Ridge,2000,10
2000-10-04 16:58:44.310000+00:00,-15.421,166.91,23.0,7.0,mwc,"29 km WNW of Luganville, Vanuatu",2000,10
2000-10-03 04:13:30.490000+00:00,40.282,143.124,33.0,6.3,mwc,"123 km NE of Miyako, Japan",2000,10
2000-10-02 02:25:31.310000+00:00,-7.977,30.709,34.0,6.5,mwb,"15 km W of Nkove, Tanzania",2000,10
2000-09-28 23:23:43.350000+00:00,-0.215,-80.582,22.9,6.4,mwc,"45 km NNW of Bahía de Caráquez, Ecuador",2000,9
2000-09-26 06:17:52.410000+00:00,-17.178,-173.927,56.0,6.4,mwb,"136 km S of Hihifo, Tonga",2000,9
2000-09-22 18:22:03.150000+00:00,-4.964,102.104,33.0,6.2,mwc,"129 km S of Bengkulu, Indonesia",2000,9
2000-09-14 14:59:57.670000+00:00,-15.742,179.801,33.0,6.2,mwc,"89 km NNE of Labasa, Fiji",2000,9
2000-09-12 16:27:24.580000+00:00,-5.435,101.823,33.0,6.0,mwc,"187 km SSW of Bengkulu, Indonesia",2000,9
2000-09-12 00:27:58.620000+00:00,35.389,99.343,10.0,6.1,mwc,"257 km WSW of Xining, China",2000,9
2000-09-10 19:06:15.630000+00:00,-1.112,129.332,33.0,6.1,mwb,"216 km W of Sorong, Indonesia",2000,9
2000-09-01 11:56:51.830000+00:00,1.438,96.591,33.0,6.0,mwc,"117 km SSE of Sinabang, Indonesia",2000,9
2000-08-28 19:29:32.330000+00:00,-4.124,127.027,33.0,6.3,mwb,"136 km WSW of Ambon, Indonesia",2000,8
2000-08-28 19:29:24.570000+00:00,-4.163,127.311,33.0,6.0,mb,"109 km WSW of Ambon, Indonesia",2000,8
2000-08-28 15:38:06.390000+00:00,-3.986,127.325,10.0,6.1,mwc,"100 km WSW of Ambon, Indonesia",2000,8
2000-08-28 15:05:47.910000+00:00,-4.11,127.394,16.0,6.8,mwc,"98 km WSW of Ambon, Indonesia",2000,8
2000-08-21 09:16:25.450000+00:00,-53.02,-45.966,10.0,6.1,mwc,South Atlantic Ocean,2000,8
2000-08-14 22:11:16.110000+00:00,-9.377,153.854,10.0,6.0,mwc,D'Entrecasteaux Islands region,2000,8
2000-08-12 10:26:15.860000+00:00,-3.072,136.112,33.0,6.0,mwb,"75 km ENE of Nabire, Indonesia",2000,8
2000-08-09 22:55:59.480000+00:00,-16.797,174.332,33.0,6.4,mwc,Fiji region,2000,8
2000-08-09 11:41:47.900000+00:00,18.198,-102.48,45.8,6.5,mwc,"24 km NNW of El Habillal, Mexico",2000,8
2000-08-09 00:08:41.810000+00:00,-15.693,167.986,33.0,6.3,mwc,"75 km ENE of Norsup, Vanuatu",2000,8
2000-08-04 21:13:02.710000+00:00,48.786,142.246,10.0,6.8,mwc,"35 km SSE of Uglegorsk, Russia",2000,8
2000-08-03 01:09:38.980000+00:00,-12.037,166.448,33.0,6.6,mwc,"161 km SSE of Lata, Solomon Islands",2000,8
2000-07-31 23:01:49.320000+00:00,-29.279,-176.35,10.0,6.2,mwb,Kermadec Islands region,2000,7
2000-07-31 22:44:30.420000+00:00,-16.697,174.542,10.0,6.2,mwc,Fiji region,2000,7
2000-07-30 12:25:45.570000+00:00,33.901,139.376,10.0,6.5,mwc,"94 km SSE of Shimoda, Japan",2000,7
2000-07-21 01:53:35.810000+00:00,9.416,-85.329,33.0,6.4,mwc,"55 km SSE of Sámara, Costa Rica",2000,7
2000-07-20 18:39:18.820000+00:00,36.51,140.983,47.1,6.0,mwc,"31 km ESE of Hitachi, Japan",2000,7
2000-07-16 17:25:23.070000+00:00,-12.404,166.509,33.0,6.1,mwc,"198 km NW of Sola, Vanuatu",2000,7
2000-07-16 03:57:45.560000+00:00,-7.747,150.917,10.0,6.6,mwc,"227 km SE of Kandrian, Papua New Guinea",2000,7
2000-07-16 03:21:45.530000+00:00,20.253,122.043,33.0,6.4,mwc,"22 km SSE of Basco, Philippines",2000,7
2000-07-15 01:30:30.500000+00:00,34.319,139.26,10.0,6.1,mwc,"near the south coast of Honshu, Japan",2000,7
2000-07-11 01:32:28.758000+00:00,57.3546,-154.198,42.9,6.5,mw,"24 km SSW of Larsen Bay, Alaska",2000,7
2000-07-01 07:01:55.580000+00:00,34.221,139.131,10.0,6.1,mwc,"53 km SSE of Shimoda, Japan",2000,7
2000-06-25 06:34:42.880000+00:00,31.183,131.206,10.0,6.0,mwc,"33 km S of Kushima, Japan",2000,6
2000-06-21 00:51:46.880000+00:00,63.98,-20.758,10.0,6.5,mwc,"12 km ENE of Selfoss, Iceland",2000,6
2000-06-18 14:44:13.310000+00:00,-13.802,97.453,10.0,7.9,mwc,South Indian Ocean,2000,6
2000-06-17 15:40:41.730000+00:00,63.966,-20.487,10.0,6.5,mwc,"25 km E of Selfoss, Iceland",2000,6
2000-06-15 11:10:46.210000+00:00,29.368,132.082,10.0,6.1,mwc,"177 km ESE of Koshima, Japan",2000,6
2000-06-14 23:01:14.550000+00:00,-17.902,176.212,33.0,6.0,mwc,"128 km W of Nadi, Fiji",2000,6
2000-06-11 11:55:12.340000+00:00,-50.579,139.55,10.0,6.6,mwc,western Indian-Antarctic Ridge,2000,6
2000-06-10 18:23:29.320000+00:00,23.843,121.225,33.0,6.4,mwc,"29 km ESE of Puli, Taiwan",2000,6
2000-06-09 08:41:59.740000+00:00,-11.301,162.062,33.0,6.1,mwc,"94 km S of Kirakira, Solomon Islands",2000,6
2000-06-09 08:00:24.150000+00:00,-5.549,102.679,33.0,6.0,mwb,"179 km SSW of Pagar Alam, Indonesia",2000,6
2000-06-09 01:27:15.160000+00:00,-5.071,152.495,33.0,6.3,mwc,"84 km SSE of Kokopo, Papua New Guinea",2000,6
2000-06-07 23:45:26.680000+00:00,-4.612,101.905,33.0,6.7,mwc,"98 km SSW of Bengkulu, Indonesia",2000,6
2000-06-07 21:46:55.900000+00:00,26.856,97.238,33.0,6.3,mwc,"83 km NNE of Sarupathar, India",2000,6
2000-06-06 14:57:02.220000+00:00,29.424,131.421,33.0,6.4,mwc,"124 km SE of Koshima, Japan",2000,6
2000-06-06 09:58:06.770000+00:00,-5.093,102.699,33.0,6.2,mwc,"132 km SSW of Pagar Alam, Indonesia",2000,6
2000-06-06 02:41:49.800000+00:00,40.693,32.992,10.0,6.0,mwc,"12 km NW of Orta, Turkey",2000,6
2000-06-04 17:52:15.990000+00:00,28.723,65.383,33.0,6.0,mb,"15 km NNW of Kharan, Pakistan",2000,6
2000-06-04 16:39:45.600000+00:00,-4.646,102.102,33.0,6.7,mb,"95 km S of Bengkulu, Indonesia",2000,6
2000-06-04 16:28:26.170000+00:00,-4.721,102.087,33.0,7.9,mwc,"103 km S of Bengkulu, Indonesia",2000,6
2000-06-03 08:54:49.200000+00:00,35.552,140.464,62.3,6.2,mwc,"6 km SE of Narut?, Japan",2000,6
2000-06-02 11:13:49.380000+00:00,44.513,-130.081,10.0,6.2,mwc,off the coast of Oregon,2000,6
2000-05-26 00:30:04.870000+00:00,11.359,139.245,33.0,6.0,mwc,"224 km NW of Fais, Micronesia",2000,5
2000-05-21 19:58:47.410000+00:00,71.19,-8.263,10.0,6.0,mwc,"34 km NNE of Olonkinbyen, Svalbard and Jan Mayen",2000,5
2000-05-14 20:08:34.350000+00:00,-4.296,123.164,33.0,6.3,mwc,"80 km ESE of Kendari, Indonesia",2000,5
2000-05-06 13:44:13.880000+00:00,-11.295,165.432,12.0,6.3,mwc,"74 km SSW of Lata, Solomon Islands",2000,5
2000-05-04 04:21:16.210000+00:00,-1.105,123.573,26.0,7.6,mwc,"89 km E of Luwuk, Indonesia",2000,5
2000-05-02 15:03:36.800000+00:00,17.439,147.516,55.0,6.0,mwc,Mariana Islands region,2000,5
2000-04-21 04:35:17.690000+00:00,51.422,-178.137,33.0,6.0,mwc,"115 km WSW of Adak, Alaska",2000,4
2000-04-07 19:08:27.830000+00:00,-18.045,65.517,10.0,6.3,mwc,"286 km NE of Port Mathurin, Mauritius",2000,4
2000-03-12 22:21:30.470000+00:00,14.975,-92.444,62.0,6.3,mwc,"3 km ESE of Plan de Ayala, Mexico",2000,3
2000-03-05 23:57:03.170000+00:00,-62.902,145.637,10.0,6.1,mwc,south of Australia,2000,3
2000-03-04 02:24:22.430000+00:00,-60.167,149.868,10.0,6.4,mwb,west of Macquarie Island,2000,3
2000-03-03 22:22:40.740000+00:00,-6.817,143.807,10.0,6.6,mwc,"62 km SSW of Ialibu, Papua New Guinea",2000,3
2000-02-29 22:44:58.030000+00:00,-18.158,169.014,33.0,6.0,mwc,"87 km ESE of Port-Vila, Vanuatu",2000,2
2000-02-29 04:35:04.200000+00:00,-50.066,-114.201,10.0,6.0,mwc,southern East Pacific Rise,2000,2
2000-02-26 18:24:39.220000+00:00,9.406,-78.532,65.0,6.1,mwc,"7 km SE of Narganá, Panama",2000,2
2000-02-25 01:43:58.640000+00:00,-19.528,173.818,33.0,7.1,mwc,Vanuatu region,2000,2
2000-02-06 11:33:52.280000+00:00,-5.844,150.876,33.0,6.6,mwc,"87 km ESE of Kimbe, Papua New Guinea",2000,2
2000-01-28 14:21:07.340000+00:00,43.046,146.837,61.1,6.8,mwc,"84 km S of Shikotan, Russia",2000,1
2000-01-26 13:26:50+00:00,-17.272,-174.002,33.0,6.3,mwb,"147 km S of Hihifo, Tonga",2000,1
2000-01-20 09:41:47.340000+00:00,43.649,-127.257,10.0,6.1,mwc,"238 km WNW of Bandon, Oregon",2000,1
2000-01-09 21:54:40.490000+00:00,-18.823,174.37,33.0,6.5,mwb,Fiji region,2000,1
2000-01-08 11:59:21.840000+00:00,-23.169,-70.122,36.0,6.4,mwb,"60 km NNE of Antofagasta, Chile",2000,1
2000-01-08 01:19:46.660000+00:00,-9.805,159.811,33.0,6.4,mwc,"15 km SE of Malango, Solomon Islands",2000,1
2000-01-06 21:31:06.220000+00:00,16.095,119.484,33.0,6.2,mwc,"Luzon, Philippines",2000,1
2000-01-06 10:42:25+00:00,58.04,-136.87,1.0,6.1,mwc,"35 km WSW of Elfin Cove, Alaska",2000,1
2000-01-05 07:40:40.730000+00:00,-11.371,165.378,33.0,6.1,mwc,"84 km SSW of Lata, Solomon Islands",2000,1
2000-01-01 05:58:19.780000+00:00,-60.722,153.67,10.0,6.0,mwc,west of Macquarie Island,2000,1
1999-12-29 22:53:57.190000+00:00,-11.165,165.33,33.0,6.2,mwc,"70 km SW of Lata, Solomon Islands",1999,12
1999-12-29 13:29:19.620000+00:00,-10.86,165.354,33.0,6.9,mwb,"50 km WSW of Lata, Solomon Islands",1999,12
1999-12-28 12:46:58.320000+00:00,5.609,-82.645,10.0,6.2,mwc,"269 km S of Punta de Burica, Panama",1999,12
1999-12-24 22:35:38.660000+00:00,-56.369,147.056,10.0,6.1,mwc,west of Macquarie Island,1999,12
1999-12-24 19:26:04.940000+00:00,-56.211,146.723,10.0,6.3,mwc,west of Macquarie Island,1999,12
1999-12-22 13:32:37.560000+00:00,-10.885,165.457,33.0,6.0,mwc,"41 km WSW of Lata, Solomon Islands",1999,12
1999-12-21 14:14:57.610000+00:00,-6.845,105.555,56.0,6.5,mwb,"59 km SSW of Labuan, Indonesia",1999,12
1999-12-19 00:48:36.990000+00:00,12.87,144.571,50.9,6.0,mwc,"45 km SSW of Merizo Village, Guam",1999,12
1999-12-18 17:44:55.110000+00:00,-2.425,139.675,16.2,6.2,mwc,"108 km W of Abepura, Indonesia",1999,12
1999-12-17 00:27:28.870000+00:00,-50.26,139.423,10.0,6.0,mwc,western Indian-Antarctic Ridge,1999,12
1999-12-16 14:17:54.760000+00:00,-50.149,138.989,10.0,6.0,mwc,western Indian-Antarctic Ridge,1999,12
1999-12-15 04:41:12.390000+00:00,-5.786,150.974,33.0,6.3,mwc,"New Britain region, Papua New Guinea",1999,12
1999-12-11 18:03:36.450000+00:00,15.766,119.74,33.0,7.3,mwc,"14 km WNW of Bolitoc, Philippines",1999,12
1999-12-10 18:38:30.100000+00:00,-36.206,-97.316,10.0,6.5,mwc,West Chile Rise,1999,12
1999-12-09 10:18:17.180000+00:00,-6.028,148.144,58.3,6.4,mwc,"67 km NNE of Finschhafen, Papua New Guinea",1999,12
1999-12-08 13:34:44.690000+00:00,-9.843,159.965,33.0,6.1,mwc,"31 km ESE of Malango, Solomon Islands",1999,12
1999-12-07 00:19:51.303000+00:00,57.2026,-154.2573,43.9,6.4,mw,"29 km N of Akhiok, Alaska",1999,12
1999-12-06 23:12:33.537000+00:00,57.3424,-154.3469,43.6,7.0,mw,"26 km SSE of Karluk, Alaska",1999,12
1999-12-01 19:23:06.010000+00:00,17.647,-82.356,10.0,6.3,mwc,"209 km SSW of George Town, Cayman Islands",1999,12
1999-11-29 03:46:30.180000+00:00,-1.275,89.043,10.0,6.4,mwc,South Indian Ocean,1999,11
1999-11-26 13:21:15.570000+00:00,-16.423,168.214,33.0,7.5,mwc,"92 km ESE of Lakatoro, Vanuatu",1999,11
1999-11-26 00:29:00.270000+00:00,55.133,165.364,33.0,6.0,mwc,"218 km SE of Ust’-Kamchatsk Staryy, Russia",1999,11
1999-11-21 06:46:19.240000+00:00,18.544,-107.168,33.0,6.2,mwc,"242 km SW of La Cruz de Loreto, Mexico",1999,11
1999-11-19 13:56:46.450000+00:00,-6.351,148.763,33.0,7.0,mwc,"88 km W of Kandrian, Papua New Guinea",1999,11
1999-11-18 14:27:42.820000+00:00,0.523,126.066,33.0,6.0,mwc,"149 km WSW of Ternate, Indonesia",1999,11
1999-11-17 11:36:34.970000+00:00,-6.004,148.803,45.3,6.3,mwc,"85 km WNW of Kandrian, Papua New Guinea",1999,11
1999-11-17 03:27:42.080000+00:00,-5.978,148.82,47.5,6.9,mwc,"84 km WNW of Kandrian, Papua New Guinea",1999,11
1999-11-16 13:44:18.320000+00:00,-55.823,-125.134,10.0,6.1,mwc,southern East Pacific Rise,1999,11
1999-11-15 05:42:43.220000+00:00,-1.339,88.976,10.0,7.0,mwc,South Indian Ocean,1999,11
1999-11-12 16:57:19.550000+00:00,40.758,31.161,10.0,7.2,mwc,"8 km S of Düzce, Turkey",1999,11
1999-11-11 02:41:05.070000+00:00,49.315,155.633,33.0,6.1,mwc,"155 km SSW of Severo-Kuril’sk, Russia",1999,11
1999-11-01 17:53:00.120000+00:00,23.378,121.52,33.0,6.3,mwc,"66 km S of Hualien City, Taiwan",1999,11
1999-10-24 04:21:41.110000+00:00,44.612,149.44,33.0,6.0,mwc,"141 km ESE of Kuril’sk, Russia",1999,10
1999-10-18 02:43:23.870000+00:00,-56.121,-26.578,33.0,6.3,mwc,South Sandwich Islands region,1999,10
1999-10-16 09:46:44.460000+00:00,34.6033333,-116.265,13.73,7.1,mw,"The 1999 Hector Mine, California Earthquake",1999,10
1999-10-13 01:33:40.130000+00:00,54.657,-161.189,30.0,6.4,mwc,"85 km ESE of King Cove, Alaska",1999,10
1999-10-10 07:03:04.860000+00:00,-1.99,134.279,33.0,6.1,mwc,"126 km S of Manokwari, Indonesia",1999,10
1999-09-30 16:31:15.690000+00:00,16.059,-96.931,60.6,7.5,mwc,"15 km W of San Baltazar Loxicha, Mexico",1999,9
1999-09-29 18:01:31.830000+00:00,-30.738,-71.993,33.0,6.0,mwb,"77 km W of Ovalle, Chile",1999,9
1999-09-28 05:00:42.960000+00:00,54.59,168.263,33.0,6.1,mwc,"Komandorskiye Ostrova, Russia region",1999,9
1999-09-25 23:52:48.660000+00:00,23.738,121.158,17.0,6.5,mwc,"31 km SE of Puli, Taiwan",1999,9
1999-09-22 00:14:39.150000+00:00,23.729,121.167,26.0,6.4,mwc,"33 km SE of Puli, Taiwan",1999,9
1999-09-20 21:46:42.870000+00:00,23.39,120.964,33.0,6.4,mwc,"44 km SSE of Lugu, Taiwan",1999,9
1999-09-20 18:16:18.510000+00:00,23.756,121.246,33.0,6.2,mb,"36 km SE of Puli, Taiwan",1999,9
1999-09-20 18:11:53.650000+00:00,23.746,121.189,33.0,6.1,mb,"33 km SE of Puli, Taiwan",1999,9
1999-09-20 18:03:44.290000+00:00,23.57,121.299,33.0,6.3,mb,"54 km SW of Hualien City, Taiwan",1999,9
1999-09-20 17:57:16.090000+00:00,23.785,121.202,33.0,6.1,mb,"31 km SE of Puli, Taiwan",1999,9
1999-09-20 17:47:18.490000+00:00,23.772,120.982,33.0,7.7,mwc,"21 km S of Puli, Taiwan",1999,9
1999-09-18 21:28:33.170000+00:00,51.207,157.556,60.0,6.0,mwc,"80 km ESE of Ozernovskiy, Russia",1999,9
1999-09-10 19:37:44.810000+00:00,-32.831,-178.27,33.0,6.0,mwb,south of the Kermadec Islands,1999,9
1999-09-07 11:56:49.380000+00:00,38.119,23.605,10.0,6.0,mwc,"5 km WNW of Fylí, Greece",1999,9
1999-08-29 00:46:13.460000+00:00,3.103,65.855,10.0,6.0,mwb,Carlsberg Ridge,1999,8
1999-08-26 07:39:28.920000+00:00,-3.522,145.657,33.0,6.2,mwb,"186 km ENE of Angoram, Papua New Guinea",1999,8
1999-08-22 12:40:45.960000+00:00,-16.117,168.039,33.0,6.6,mwc,"66 km E of Lakatoro, Vanuatu",1999,8
1999-08-22 09:35:39.470000+00:00,-40.509,-74.756,33.0,6.4,mwc,"132 km WSW of Corral, Chile",1999,8
1999-08-21 21:51:11.470000+00:00,-58.311,-13.196,10.0,6.2,mwc,east of the South Sandwich Islands,1999,8
1999-08-20 10:02:21.100000+00:00,9.044,-84.159,20.0,6.9,mwc,"42 km S of Quepos, Costa Rica",1999,8
1999-08-17 00:01:39.130000+00:00,40.748,29.864,17.0,7.6,mwc,"4 km ESE of Derince, Turkey",1999,8
1999-08-12 05:44:59.590000+00:00,-1.716,122.456,33.0,6.2,mwc,"92 km SSW of Luwuk, Indonesia",1999,8
1999-08-01 08:39:04.900000+00:00,-30.367,-177.832,10.0,6.5,mwc,"Kermadec Islands, New Zealand",1999,8
1999-07-28 10:08:20.600000+00:00,-30.285,-178.014,25.0,6.3,mwc,"Kermadec Islands, New Zealand",1999,7
1999-07-28 00:16:57.510000+00:00,-28.69,-177.523,33.0,6.1,mwb,Kermadec Islands region,1999,7
1999-07-26 01:33:20.200000+00:00,-5.151,151.942,69.4,6.2,mwc,"96 km SSW of Kokopo, Papua New Guinea",1999,7
1999-07-19 02:17:03.660000+00:00,-28.629,-177.608,39.0,6.5,mwc,Kermadec Islands region,1999,7
1999-07-11 14:14:16.530000+00:00,15.782,-88.33,10.0,6.7,mwc,"16 km N of Potrerillos, Honduras",1999,7
1999-07-09 05:04:42.680000+00:00,-6.514,154.944,29.0,6.3,mwb,"63 km WSW of Panguna, Papua New Guinea",1999,7
1999-07-07 18:52:57.020000+00:00,49.233,155.559,33.0,6.1,mwc,"165 km SSW of Severo-Kuril’sk, Russia",1999,7
1999-07-02 11:45:31.290000+00:00,49.371,-129.204,10.0,6.0,mwb,"203 km SW of Port McNeill, Canada",1999,7
1999-06-21 17:43:04.520000+00:00,18.324,-101.539,68.7,6.3,mwc,"20 km E of Coahuayutla de Guerrero, Mexico",1999,6
1999-06-18 10:55:25.750000+00:00,5.514,126.639,33.0,6.4,mwc,"106 km SSE of Pondaguitan, Philippines",1999,6
1999-06-15 20:42:05.930000+00:00,18.386,-97.436,70.0,7.0,mwc,"1 km SE of Texcala, Mexico",1999,6
1999-06-06 07:08:05.860000+00:00,13.897,-90.768,33.0,6.3,mwb,"6 km ESE of Puerto San José, Guatemala",1999,6
1999-05-22 10:08:53.710000+00:00,-20.731,169.881,33.0,6.1,mwb,"145 km SSE of Isangel, Vanuatu",1999,5
1999-05-17 10:07:56.450000+00:00,-5.165,152.877,27.0,6.6,mwc,"113 km SE of Kokopo, Papua New Guinea",1999,5
1999-05-16 15:25:53.810000+00:00,-2.642,138.217,59.2,6.4,mwc,"268 km W of Abepura, Indonesia",1999,5
1999-05-11 01:00:40.920000+00:00,-36.102,-110.64,10.0,6.0,mwc,southern East Pacific Rise,1999,5
1999-05-08 22:12:45.510000+00:00,14.214,-91.945,39.2,6.1,mwb,"9 km SSW of Champerico, Guatemala",1999,5
1999-05-07 14:13:51.470000+00:00,56.1745,-152.3248,10.0,6.2,mw,"129 km SSE of Old Harbor, Alaska",1999,5
1999-05-06 23:00:53.120000+00:00,29.501,51.88,33.0,6.2,mwc,"25 km ESE of K?zer?n, Iran",1999,5
1999-05-05 22:41:30.170000+00:00,14.364,-94.673,33.0,6.1,mwc,"197 km SW of Manuel Ávila Camacho (Ponte Duro), Mexico",1999,5
1999-04-11 16:50:39.160000+00:00,-6.0,148.495,58.3,6.0,mwc,"94 km NE of Finschhafen, Papua New Guinea",1999,4
1999-04-06 08:22:14.270000+00:00,-6.527,147.007,33.0,6.4,mwb,"21 km N of Lae, Papua New Guinea",1999,4
1999-04-03 10:10:30.700000+00:00,13.173,-87.634,38.4,6.0,mwc,"13 km S of Amapala, Honduras",1999,4
1999-04-02 17:05:47.110000+00:00,-19.899,168.193,10.0,6.2,mwc,"120 km WSW of Isangel, Vanuatu",1999,4
1999-04-01 21:36:21.170000+00:00,-4.357,152.707,33.0,6.2,mwc,"48 km E of Kokopo, Papua New Guinea",1999,4
1999-03-31 05:54:42.130000+00:00,5.827,-82.616,10.0,6.3,mwc,"245 km S of Punta de Burica, Panama",1999,3
1999-03-28 19:05:11.030000+00:00,30.512,79.403,15.0,6.6,mwb,"9 km NNW of P?palkoti, India",1999,3
1999-03-20 10:47:45.930000+00:00,51.587,-177.668,33.0,6.9,mwc,"78 km WSW of Adak, Alaska",1999,3
1999-03-08 12:25:48.990000+00:00,52.056,159.52,56.6,6.9,mwc,"123 km SE of Vilyuchinsk, Russia",1999,3
1999-03-07 20:35:44.160000+00:00,-15.766,-179.526,33.0,6.1,mwc,"139 km ENE of Labasa, Fiji",1999,3
1999-03-05 03:35:14.710000+00:00,-34.673,-69.6,10.0,6.0,mwc,"110 km ESE of Machalí, Chile",1999,3
1999-03-04 08:52:01.900000+00:00,5.397,121.937,33.0,7.1,mwc,"69 km S of Tabiauan, Philippines",1999,3
1999-03-04 05:38:26.520000+00:00,28.343,57.193,33.0,6.6,mwc,"110 km SSE of K?h Sef?d, Iran",1999,3
1999-02-23 07:27:56.430000+00:00,0.2,119.541,33.0,6.2,mwb,"127 km NNW of Palu, Indonesia",1999,2
1999-02-22 01:00:32.890000+00:00,-21.452,169.682,33.0,6.4,mwc,"187 km E of Tadine, New Caledonia",1999,2
1999-02-14 21:12:24.580000+00:00,-15.507,167.996,10.0,6.0,mwb,"89 km NE of Norsup, Vanuatu",1999,2
1999-02-13 14:45:12.730000+00:00,-3.558,144.83,10.0,6.2,mwc,"101 km ENE of Angoram, Papua New Guinea",1999,2
1999-02-11 14:08:51.680000+00:00,34.259,69.364,33.0,6.0,mwc,"27 km WNW of ?uk?mat? Azrah, Afghanistan",1999,2
1999-02-06 17:45:24.470000+00:00,19.2,121.265,33.0,6.0,mwc,"66 km N of Namuac, Philippines",1999,2
1999-02-03 01:13:57.580000+00:00,-20.305,-174.365,33.0,6.3,mwb,"54 km S of Pangai, Tonga",1999,2
1999-01-28 08:10:05.420000+00:00,52.886,-169.123,67.2,6.6,mwc,"18 km WSW of Nikolski, Alaska",1999,1
1999-01-25 18:19:16.870000+00:00,4.461,-75.724,17.0,6.1,mwc,Colombia,1999,1
1999-01-24 08:00:08.540000+00:00,-26.463,74.476,10.0,6.3,mwc,Mid-Indian Ridge,1999,1
1999-01-24 07:01:58.400000+00:00,-21.132,-174.659,33.0,6.1,mwc,"37 km NE of ‘Ohonua, Tonga",1999,1
1999-01-24 00:37:04.630000+00:00,30.618,131.086,33.0,6.4,mwc,"15 km SSE of Nishinoomote, Japan",1999,1
1999-01-16 10:44:39.490000+00:00,56.233,-147.427,21.0,6.0,mwc,Gulf of Alaska,1999,1
1999-01-12 08:49:20.750000+00:00,-5.421,151.681,42.6,6.0,mwc,"135 km SSW of Kokopo, Papua New Guinea",1999,1
1999-01-05 08:32:46.810000+00:00,-18.502,-174.067,33.0,6.0,mwc,"18 km NNW of Neiafu, Tonga",1999,1
1998-12-26 15:39:07.800000+00:00,-1.364,123.644,33.0,6.1,mwb,"Sulawesi, Indonesia",1998,12
1998-12-16 17:45:05.440000+00:00,1.12,126.175,33.0,6.2,mwc,"139 km WNW of Ternate, Indonesia",1998,12
1998-12-16 00:18:45+00:00,31.287,131.286,41.6,6.0,mwc,"22 km S of Kushima, Japan",1998,12
1998-12-06 00:47:13.450000+00:00,1.253,126.198,33.0,6.6,mwc,"138 km E of Laikit, Laikit II (Dimembe), Indonesia",1998,12
1998-11-29 14:10:31.960000+00:00,-2.071,124.891,33.0,7.7,mwc,"264 km ESE of Luwuk, Indonesia",1998,11
1998-11-25 18:05:25.700000+00:00,-7.859,158.622,47.9,6.2,mwb,"111 km WNW of Buala, Solomon Islands",1998,11
1998-11-19 15:39:19.100000+00:00,22.605,125.783,10.0,6.3,mwc,"248 km SSE of Hirara, Japan",1998,11
1998-11-18 15:48:40.820000+00:00,-3.315,130.766,33.0,6.0,mwc,"205 km E of Amahai, Indonesia",1998,11
1998-11-09 05:38:44.220000+00:00,-6.92,128.946,33.0,7.0,mwc,"278 km NE of Lospalos, Timor Leste",1998,11
1998-11-09 05:30:14.400000+00:00,-6.954,129.022,33.0,6.7,mwc,"282 km NE of Lospalos, Timor Leste",1998,11
1998-11-08 07:25:48.510000+00:00,-9.135,121.421,33.0,6.4,mwc,"41 km SW of Ende, Indonesia",1998,11
1998-10-28 16:25:03.840000+00:00,0.839,125.966,33.0,6.6,mwb,"128 km ESE of Tondano, Indonesia",1998,10
1998-10-11 23:36:22.370000+00:00,-56.913,-142.618,10.0,6.3,mwc,Pacific-Antarctic Ridge,1998,10
1998-10-10 16:32:19.490000+00:00,-0.403,119.84,33.0,6.0,mwc,"55 km N of Palu, Indonesia",1998,10
1998-10-09 11:54:36.170000+00:00,11.321,-86.451,68.7,6.0,mwc,"51 km S of El Rosario, Nicaragua",1998,10
1998-10-01 03:41:13.090000+00:00,13.738,-45.565,10.0,6.0,mwc,northern Mid-Atlantic Ridge,1998,10
1998-09-28 19:23:23.250000+00:00,3.84,126.407,30.1,6.2,mwc,"202 km SSE of Sarangani, Philippines",1998,9
1998-09-22 01:16:55.450000+00:00,11.822,143.154,9.2,6.0,mwc,"229 km SW of Merizo Village, Guam",1998,9
1998-09-21 12:09:39.660000+00:00,-13.573,166.791,33.0,6.4,mwc,"88 km WNW of Sola, Vanuatu",1998,9
1998-09-14 23:16:46.830000+00:00,51.618,-173.15,33.0,6.1,mwc,"96 km SE of Atka, Alaska",1998,9
1998-09-14 04:43:28.940000+00:00,-34.75,-107.981,10.0,6.1,mwc,southern East Pacific Rise,1998,9
1998-09-07 00:39:30.210000+00:00,-36.24,-97.711,10.0,6.1,mwc,West Chile Rise,1998,9
1998-09-03 17:37:58.240000+00:00,-29.45,-71.715,27.0,6.6,mwc,"66 km NNW of Coquimbo, Chile",1998,9
1998-09-02 08:37:29.910000+00:00,5.41,126.764,50.0,6.8,mwc,"123 km SSE of Pondaguitan, Philippines",1998,9
1998-08-30 11:33:33+00:00,50.91,-130.66,10.0,6.1,mwc,"254 km W of Port McNeill, Canada",1998,8
1998-08-30 01:48:08.760000+00:00,17.092,148.133,33.0,6.3,mwc,Mariana Islands region,1998,8
1998-08-29 08:30:21.120000+00:00,-55.737,-27.045,33.0,6.0,mwc,South Sandwich Islands region,1998,8
1998-08-28 12:40:58.700000+00:00,-0.154,125.018,66.2,6.1,mwc,"161 km S of Tondano, Indonesia",1998,8
1998-08-27 09:03:36.660000+00:00,39.66,77.343,33.0,6.4,mwb,"118 km E of Kashgar, China",1998,8
1998-08-23 13:57:15.380000+00:00,11.663,-88.038,54.6,6.7,mwc,"130 km SW of Corinto, Nicaragua",1998,8
1998-08-20 15:00:08.100000+00:00,51.618,175.248,33.0,6.3,mwb,"196 km SE of Attu Station, Alaska",1998,8
1998-08-10 09:52:14.940000+00:00,7.324,94.305,33.0,6.0,mwb,"194 km NW of Sabang, Indonesia",1998,8
1998-08-05 12:54:25.690000+00:00,-54.674,-135.521,10.0,6.2,mwc,Pacific-Antarctic Ridge,1998,8
1998-08-04 18:59:20.100000+00:00,-0.593,-80.393,33.0,7.2,mwc,"3 km E of Bahía de Caráquez, Ecuador",1998,8
1998-07-31 12:48:04.480000+00:00,-21.644,169.919,33.0,6.0,mwc,"211 km E of Tadine, New Caledonia",1998,7
1998-07-31 12:40:59.520000+00:00,-21.614,169.82,33.0,6.1,mwc,"201 km E of Tadine, New Caledonia",1998,7
1998-07-29 18:00:29.990000+00:00,-2.693,138.901,33.0,6.7,mwc,"192 km W of Abepura, Indonesia",1998,7
1998-07-29 07:14:24.080000+00:00,-32.312,-71.286,51.1,6.4,mwc,"16 km NNW of La Ligua, Chile",1998,7
1998-07-25 02:39:23.330000+00:00,-13.608,166.867,43.5,6.3,mwb,"79 km WNW of Sola, Vanuatu",1998,7
1998-07-24 18:44:04.410000+00:00,21.254,122.019,33.0,6.1,mwc,"89 km N of Basco, Philippines",1998,7
1998-07-18 16:41:19.440000+00:00,-18.369,168.173,33.0,6.1,mwc,"71 km SSW of Port-Vila, Vanuatu",1998,7
1998-07-17 08:49:13.280000+00:00,-2.961,141.926,10.0,7.0,mwc,"50 km WNW of Aitape, Papua New Guinea",1998,7
1998-07-09 14:19:18.410000+00:00,38.717,48.507,26.0,6.0,mwc,"10 km SE of Lerik, Azerbaijan",1998,7
1998-07-09 05:19:07.300000+00:00,38.65,-28.626,10.0,6.2,mwb,"12 km N of Horta, Portugal",1998,7
1998-06-29 23:37:16.590000+00:00,-60.354,153.143,10.0,6.3,mwc,west of Macquarie Island,1998,6
1998-06-27 13:55:52.080000+00:00,36.878,35.307,33.0,6.3,mwc,"12 km S of Adana, Turkey",1998,6
1998-06-24 10:44:30.820000+00:00,-37.295,-17.391,10.0,6.0,mwc,southern Mid-Atlantic Ridge,1998,6
1998-06-20 20:24:45.170000+00:00,-30.105,-177.925,57.4,6.0,mwc,"Kermadec Islands, New Zealand",1998,6
1998-06-18 04:17:54.980000+00:00,-11.572,-13.894,10.0,6.3,mwc,Ascension Island region,1998,6
1998-06-16 09:35:11.850000+00:00,-52.988,159.837,10.0,6.2,mwc,Macquarie Island region,1998,6
1998-06-01 05:34:03.580000+00:00,52.889,160.067,43.7,6.4,mwc,"96 km E of Petropavlovsk-Kamchatsky, Russia",1998,6
1998-05-30 18:18:15.600000+00:00,39.027,143.441,33.0,6.2,mwc,"137 km ESE of Yamada, Japan",1998,5
1998-05-30 06:22:28.950000+00:00,37.106,70.11,33.0,6.6,mwb,"24 km E of Rust?q, Afghanistan",1998,5
1998-05-27 20:41:37.900000+00:00,52.239,159.526,60.1,6.0,mwc,"107 km SSE of Petropavlovsk-Kamchatsky, Russia",1998,5
1998-05-27 15:27:16.160000+00:00,-5.845,149.704,33.0,6.0,mwc,"43 km NNE of Kandrian, Papua New Guinea",1998,5
1998-05-22 04:48:50.440000+00:00,-17.731,-65.431,24.0,6.6,mwb,"25 km NNW of Mizque, Bolivia",1998,5
1998-05-21 22:31:22.940000+00:00,-43.4,41.387,10.0,6.3,mwc,Prince Edward Islands region,1998,5
1998-05-21 05:34:25.500000+00:00,0.207,119.584,33.0,6.7,mwb,"127 km NNW of Palu, Indonesia",1998,5
1998-05-14 18:56:23.490000+00:00,40.254,143.253,33.0,6.0,mwb,"130 km ENE of Miyako, Japan",1998,5
1998-05-13 23:02:05.660000+00:00,-5.147,151.714,61.4,6.6,mwc,"108 km SW of Kokopo, Papua New Guinea",1998,5
1998-05-10 06:05:58.910000+00:00,13.676,-90.747,33.0,6.3,mwc,"28 km S of Iztapa, Guatemala",1998,5
1998-05-03 23:30:21.910000+00:00,22.306,125.308,33.0,7.5,mwb,"254 km SSE of Ishigaki, Japan",1998,5
1998-04-27 18:40:38.530000+00:00,-2.995,136.282,53.0,6.2,mwb,"95 km ENE of Nabire, Indonesia",1998,4
1998-04-25 06:07:23.440000+00:00,-35.266,-17.326,10.0,6.3,mwc,southern Mid-Atlantic Ridge,1998,4
1998-04-20 22:59:14.770000+00:00,18.525,-101.203,67.3,6.0,mwb,"17 km ENE of Aratichanguío, Mexico",1998,4
1998-04-11 00:44:35.750000+00:00,-23.635,-176.111,33.0,6.2,mwc,"281 km SSW of ‘Ohonua, Tonga",1998,4
1998-04-10 16:40:38.580000+00:00,-1.322,-15.651,10.0,6.2,mwb,north of Ascension Island,1998,4
1998-04-01 22:42:56.900000+00:00,-40.316,-74.874,9.0,6.7,mwc,"131 km WSW of Corral, Chile",1998,4
1998-04-01 17:56:23.360000+00:00,-0.544,99.261,55.7,7.0,mwc,"95 km W of Pariaman, Indonesia",1998,4
1998-03-29 07:14:58.980000+00:00,-0.239,-17.932,10.0,6.1,mwc,north of Ascension Island,1998,3
1998-03-25 12:17:22.500000+00:00,-63.612,147.937,10.0,6.4,mwc,south of Australia,1998,3
1998-03-25 03:12:25.070000+00:00,-62.877,149.527,10.0,8.1,mwc,1998 Balleny Islands Earthquake,1998,3
1998-03-22 01:08:57.480000+00:00,-11.43,66.245,10.0,6.1,mwc,Mid-Indian Ridge,1998,3
1998-03-21 16:33:11+00:00,79.888,1.856,10.0,6.2,mwc,Greenland Sea,1998,3
1998-03-20 21:08:08.530000+00:00,-50.008,163.107,10.0,6.7,mwc,"Auckland Islands, New Zealand region",1998,3
1998-03-14 19:40:27.050000+00:00,30.154,57.605,9.0,6.6,mwc,"52 km ESE of Kerman, Iran",1998,3
1998-03-03 02:24:43.880000+00:00,14.38,-91.466,62.8,6.1,mwc,"9 km SSW of San José El Ídolo, Guatemala",1998,3
1998-02-19 14:14:51.190000+00:00,-4.476,129.082,33.0,6.5,mwc,"126 km S of Amahai, Indonesia",1998,2
1998-02-16 23:53:19.720000+00:00,52.718,-33.677,10.0,6.8,mwc,Reykjanes Ridge,1998,2
1998-02-03 03:02:00.240000+00:00,15.883,-96.298,33.0,6.4,mwb,"2 km E of Benito Juárez, Mexico",1998,2
1998-01-31 23:30:42.050000+00:00,-35.763,-97.058,10.0,6.0,mwc,West Chile Rise,1998,1
1998-01-30 12:16:08.690000+00:00,-23.913,-70.207,42.0,7.1,mwc,"34 km SSE of Antofagasta, Chile",1998,1
1998-01-19 18:23:59.660000+00:00,-44.971,-79.488,10.0,6.2,mwc,"Off the coast of Aisen, Chile",1998,1
1998-01-14 18:53:14.910000+00:00,-2.11,68.094,10.0,6.0,mwc,Carlsberg Ridge,1998,1
1998-01-14 17:24:10.390000+00:00,-15.731,-179.329,33.0,6.6,mwb,"159 km ENE of Labasa, Fiji",1998,1
1998-01-12 16:36:20.230000+00:00,-15.848,-179.376,23.4,6.7,mwc,"149 km ENE of Labasa, Fiji",1998,1
1998-01-12 10:14:07.630000+00:00,-30.985,-71.41,34.8,6.6,mwc,"47 km SSW of Ovalle, Chile",1998,1
1998-01-10 08:20:05.760000+00:00,14.374,-91.473,33.0,6.6,mwc,"10 km SSW of San José El Ídolo, Guatemala",1998,1
1998-01-10 04:54:25.390000+00:00,-12.029,-72.074,33.0,6.4,mwb,"101 km E of Pangoa, Peru",1998,1
1998-01-03 06:10:08.380000+00:00,-35.474,-16.191,10.0,6.3,mwc,southern Mid-Atlantic Ridge,1998,1
1997-12-27 20:11:01.340000+00:00,-55.783,-4.218,10.0,6.2,mwc,southern Mid-Atlantic Ridge,1997,12
1997-12-22 10:03:45.180000+00:00,13.742,-90.316,59.3,6.1,mwc,"28 km SSW of Pasaco, Guatemala",1997,12
1997-12-17 04:38:51.460000+00:00,51.187,178.871,20.0,6.6,mwc,"Rat Islands, Aleutian Islands, Alaska",1997,12
1997-12-16 11:48:29.810000+00:00,16.107,-98.852,10.0,6.0,mwc,"46 km SSW of Barra de Tecoanapa, Mexico",1997,12
1997-12-07 17:56:18.780000+00:00,54.658,162.882,33.0,6.2,mwb,"176 km S of Ust’-Kamchatsk Staryy, Russia",1997,12
1997-12-06 10:59:10.060000+00:00,53.972,161.909,33.0,6.1,mwc,"228 km ESE of Mil’kovo, Russia",1997,12
1997-12-05 18:48:22.790000+00:00,53.752,161.746,33.0,6.4,mwc,"220 km ENE of Petropavlovsk-Kamchatsky, Russia",1997,12
1997-12-05 11:26:54.690000+00:00,54.841,162.035,33.0,7.8,mwc,"156 km S of Ust’-Kamchatsk Staryy, Russia",1997,12
1997-11-25 12:14:33.630000+00:00,1.241,122.536,24.0,7.0,mwc,"97 km NW of Gorontalo, Indonesia",1997,11
1997-11-21 11:23:06.310000+00:00,22.212,92.702,54.4,6.1,mwc,"42 km SW of Saiha, India",1997,11
1997-11-18 13:07:41.730000+00:00,37.57,20.656,33.0,6.6,mwc,"22 km SW of Lithakiá, Greece",1997,11
1997-11-14 21:38:51.600000+00:00,38.859,25.795,17.9,6.0,mwb,"36 km SSW of Eresós, Greece",1997,11
1997-11-08 10:02:52.610000+00:00,35.069,87.325,33.0,7.5,mwc,western Xizang,1997,11
1997-11-03 19:17:33.810000+00:00,-30.744,-71.224,45.0,6.2,mwb,"16 km S of Ovalle, Chile",1997,11
1997-10-17 09:55:15.250000+00:00,-57.538,147.97,10.0,6.2,mwc,west of Macquarie Island,1997,10
1997-10-15 03:11:09.020000+00:00,51.43,-177.877,22.0,6.4,mwc,"99 km WSW of Adak, Alaska",1997,10
1997-10-15 01:03:33.460000+00:00,-30.933,-71.22,58.0,7.1,mwc,"36 km SW of Monte Patria, Chile",1997,10
1997-10-13 13:39:37.490000+00:00,36.379,22.071,24.0,6.4,mwc,"47 km SSE of Koróni, Greece",1997,10
1997-10-10 18:45:52.400000+00:00,-9.321,158.732,33.0,6.0,mwc,"115 km WNW of Malango, Solomon Islands",1997,10
1997-10-06 20:52:44.610000+00:00,-9.302,158.691,33.0,6.1,mwc,"120 km WNW of Malango, Solomon Islands",1997,10
1997-09-30 06:27:24.780000+00:00,31.959,141.878,10.0,6.2,mwb,"Izu Islands, Japan region",1997,9
1997-09-26 09:40:26.330000+00:00,43.084,12.812,10.0,6.0,mwc,"3 km SSE of Nocera Umbra, Italy",1997,9
1997-09-25 14:20:48.930000+00:00,-13.761,66.248,10.0,6.0,mwc,Mid-Indian Ridge,1997,9
1997-09-20 16:11:32.150000+00:00,-28.683,-177.624,30.0,7.0,mwc,Kermadec Islands region,1997,9
1997-09-17 14:50:35.340000+00:00,2.109,126.597,33.0,6.0,mwc,"162 km WNW of Tobelo, Indonesia",1997,9
1997-09-15 13:05:42.700000+00:00,8.098,126.642,50.7,6.2,mwb,"23 km ESE of Barcelona, Philippines",1997,9
1997-09-10 12:57:07.070000+00:00,-21.349,-174.386,10.0,6.1,mwb,"58 km E of ‘Ohonua, Tonga",1997,9
1997-09-03 06:22:44.280000+00:00,-55.19,-128.989,10.0,6.1,mwc,Pacific-Antarctic Ridge,1997,9
1997-08-29 08:14:09.970000+00:00,-3.562,144.362,22.8,6.6,mwc,"64 km NNE of Angoram, Papua New Guinea",1997,8
1997-08-29 06:54:00.240000+00:00,-15.235,-175.576,33.0,6.5,mwb,"206 km WNW of Hihifo, Tonga",1997,8
1997-08-20 13:51:16.620000+00:00,-41.715,80.134,10.0,6.5,mwb,Mid-Indian Ridge,1997,8
1997-08-20 07:15:15.970000+00:00,4.358,96.494,33.0,6.0,mwc,"47 km ENE of Meulaboh, Indonesia",1997,8
1997-08-17 20:11:10.790000+00:00,-13.592,167.391,25.9,6.0,mwc,"35 km NNW of Sola, Vanuatu",1997,8
1997-08-15 07:37:49.080000+00:00,-4.373,-105.698,10.0,6.3,mwb,central East Pacific Rise,1997,8
1997-08-13 04:45:04.860000+00:00,25.03,125.77,55.3,6.2,mwb,"53 km ENE of Hirara, Japan",1997,8
1997-08-10 09:20:30.980000+00:00,-16.013,124.329,10.0,6.3,mwb,"161 km NNE of Derby, Australia",1997,8
1997-08-08 22:27:19.850000+00:00,-15.477,-179.14,10.0,6.6,mwc,"168 km SW of Leava, Wallis and Futuna",1997,8
1997-08-04 19:21:31.850000+00:00,-15.212,-175.434,33.0,6.0,mwc,"193 km WNW of Hihifo, Tonga",1997,8
1997-08-04 18:53:58.940000+00:00,-15.16,-175.273,33.0,6.1,mwc,"181 km WNW of Hihifo, Tonga",1997,8
1997-07-31 21:54:21.500000+00:00,-6.637,130.917,58.6,6.0,mwc,"231 km WSW of Tual, Indonesia",1997,7
1997-07-27 05:21:29.270000+00:00,-30.517,-71.862,33.0,6.3,mwc,"64 km W of Ovalle, Chile",1997,7
1997-07-25 07:33:29.010000+00:00,-30.554,-72.016,33.0,6.1,mwc,"78 km W of Ovalle, Chile",1997,7
1997-07-25 06:47:02.670000+00:00,-30.462,-71.906,33.0,6.2,mwb,"69 km WNW of Ovalle, Chile",1997,7
1997-07-21 23:19:39.350000+00:00,-30.328,-71.917,33.0,6.0,mwb,"69 km SW of Coquimbo, Chile",1997,7
1997-07-20 00:30:20.990000+00:00,52.562,-167.484,14.4,6.1,mwc,"102 km ESE of Nikolski, Alaska",1997,7
1997-07-19 14:22:08.750000+00:00,16.333,-98.216,33.0,6.9,mwb,"4 km ENE of El Ciruelo, Mexico",1997,7
1997-07-14 16:09:35.520000+00:00,43.249,146.381,33.0,6.1,mwc,"65 km E of Nemuro, Japan",1997,7
1997-07-09 19:24:13.170000+00:00,10.598,-63.486,19.9,7.0,mwc,"26 km WSW of Carúpano, Venezuela",1997,7
1997-07-06 20:13:37.030000+00:00,16.157,-87.917,33.0,6.1,mwb,"30 km NNW of Baja Mar, Honduras",1997,7
1997-07-06 09:54:00.760000+00:00,-30.058,-71.872,19.0,6.8,mwc,"52 km WSW of Coquimbo, Chile",1997,7
1997-06-26 19:21:08.830000+00:00,-49.692,-114.57,10.0,6.3,mwb,southern East Pacific Rise,1997,6
1997-06-24 23:04:53.140000+00:00,-1.924,127.899,33.0,6.4,mwc,"193 km NW of Amahai, Indonesia",1997,6
1997-06-17 21:03:40.260000+00:00,51.347,-179.332,33.0,6.4,mwc,"195 km WSW of Adak, Alaska",1997,6
1997-06-12 12:07:33.600000+00:00,-5.951,147.026,33.0,6.1,mwc,"85 km N of Lae, Papua New Guinea",1997,6
1997-06-10 21:53:55.020000+00:00,-35.815,-108.135,10.0,6.5,mwc,southern East Pacific Rise,1997,6
1997-06-09 07:24:12.390000+00:00,-21.331,171.542,33.0,6.0,mwc,southeast of the Loyalty Islands,1997,6
1997-06-02 21:24:38.430000+00:00,-57.776,-25.466,33.0,6.1,mwc,South Sandwich Islands region,1997,6
1997-05-29 17:02:38.740000+00:00,-35.964,-102.511,10.0,6.5,mwc,southeast of Easter Island,1997,5
1997-05-27 08:00:29.050000+00:00,-15.212,-173.328,14.0,6.4,mwc,"96 km NNE of Hihifo, Tonga",1997,5
1997-05-27 06:10:31.780000+00:00,-54.925,-136.17,10.0,6.1,mwc,Pacific-Antarctic Ridge,1997,5
1997-05-22 13:21:36.350000+00:00,18.915,121.336,33.9,6.1,mwc,"38 km NNE of Namuac, Philippines",1997,5
1997-05-22 07:50:53.520000+00:00,18.684,-101.604,70.0,6.5,mwc,"5 km ENE of Churumuco de Morelos, Mexico",1997,5
1997-05-21 16:26:24.700000+00:00,-18.902,175.947,33.0,6.0,mwc,"197 km SW of Nadi, Fiji",1997,5
1997-05-21 14:10:26.280000+00:00,-20.438,169.287,57.0,6.8,mwc,"99 km S of Isangel, Vanuatu",1997,5
1997-05-15 18:01:33.260000+00:00,-21.628,169.878,33.0,6.0,mwc,"207 km E of Tadine, New Caledonia",1997,5
1997-05-13 05:38:30.230000+00:00,31.824,130.281,33.0,6.1,mwb,"1 km WNW of Satsumasendai, Japan",1997,5
1997-05-11 22:16:13.930000+00:00,-36.383,-97.703,10.0,6.5,mwc,West Chile Rise,1997,5
1997-05-10 07:57:29.720000+00:00,33.825,59.809,10.0,7.3,mwb,"58 km E of Q?’en, Iran",1997,5
1997-05-09 09:06:37.270000+00:00,13.199,144.704,29.0,6.0,mwc,"8 km SSE of Merizo Village, Guam",1997,5
1997-05-08 13:29:24.600000+00:00,51.717,-170.799,33.0,6.0,mwc,"189 km SW of Nikolski, Alaska",1997,5
1997-05-08 02:53:14.730000+00:00,24.894,92.25,34.9,6.0,mwb,"11 km WNW of Kar?mganj, India",1997,5
1997-05-01 11:37:36.150000+00:00,18.993,-107.35,33.0,6.9,mwc,"228 km WSW of La Cruz de Loreto, Mexico",1997,5
1997-04-28 12:07:37.830000+00:00,-42.504,42.686,10.0,6.8,mwc,Prince Edward Islands region,1997,4
1997-04-27 00:31:32.540000+00:00,-19.171,168.728,41.6,6.1,mwb,"71 km NW of Isangel, Vanuatu",1997,4
1997-04-23 03:47:18.320000+00:00,-13.599,166.39,33.0,6.0,mwc,"129 km WNW of Sola, Vanuatu",1997,4
1997-04-22 09:31:23.250000+00:00,11.112,-60.892,5.0,6.7,mwb,"18 km WSW of Scarborough, Trinidad and Tobago",1997,4
1997-04-21 12:15:56.840000+00:00,-13.406,166.344,33.0,6.0,mb,"140 km WNW of Sola, Vanuatu",1997,4
1997-04-21 12:11:27.860000+00:00,-13.5,166.541,33.0,6.2,mb,"116 km WNW of Sola, Vanuatu",1997,4
1997-04-21 12:06:34.350000+00:00,-12.881,166.464,33.0,6.1,mb,"161 km NW of Sola, Vanuatu",1997,4
1997-04-21 12:02:26.430000+00:00,-12.584,166.676,33.0,7.7,mwc,"171 km NNW of Sola, Vanuatu",1997,4
1997-04-11 05:34:42.780000+00:00,39.527,76.941,15.0,6.2,mwc,"82 km E of Kashgar, China",1997,4
1997-04-06 04:36:35.220000+00:00,39.537,76.998,33.0,6.0,mwc,"87 km E of Kashgar, China",1997,4
1997-04-05 12:23:30.530000+00:00,-6.485,147.408,69.1,6.5,mwc,"49 km W of Finschhafen, Papua New Guinea",1997,4
1997-04-02 06:14:31.090000+00:00,11.412,-60.942,45.0,6.1,mwc,"33 km NW of Scarborough, Trinidad and Tobago",1997,4
1997-04-01 15:11:49+00:00,7.774,-82.401,33.0,6.1,mwc,"53 km SSW of Boca Chica, Panama",1997,4
1997-03-26 08:31:47.180000+00:00,31.92,130.429,10.0,6.1,mwc,"16 km NE of Satsumasendai, Japan",1997,3
1997-03-26 02:08:57.270000+00:00,51.277,179.533,33.0,6.7,mwc,"273 km WSW of Adak, Alaska",1997,3
1997-03-17 08:05:48.410000+00:00,-6.614,105.514,33.0,6.4,mwc,"43 km SW of Labuan, Indonesia",1997,3
1997-03-11 19:22:00.130000+00:00,7.742,127.647,10.0,6.9,mwb,"121 km E of Kinablangan, Philippines",1997,3
1997-03-11 05:25:57.760000+00:00,-31.078,-177.732,10.0,6.1,mwc,Kermadec Islands region,1997,3
1997-03-09 11:43:43.260000+00:00,-29.815,-71.147,33.0,6.2,mwc,"13 km NE of La Serena, Chile",1997,3
1997-02-28 12:57:18.640000+00:00,38.075,48.05,10.0,6.1,mwc,"24 km SSW of Om?dcheh, Iran",1997,2
1997-02-27 21:30:36.570000+00:00,29.985,67.977,33.0,6.0,mb,"13 km SSE of Harnai, Pakistan",1997,2
1997-02-27 21:08:02.360000+00:00,29.976,68.208,33.0,7.1,mwc,"29 km ESE of Harnai, Pakistan",1997,2
1997-02-26 18:27:10.660000+00:00,-47.497,100.282,10.0,6.1,mwb,southeast Indian Ridge,1997,2
1997-02-21 23:40:24.140000+00:00,43.829,149.167,33.0,6.1,mwc,"186 km SSE of Kuril’sk, Russia",1997,2
1997-02-20 07:54:58.400000+00:00,41.859,142.742,33.0,6.0,mwc,"61 km SSE of Shizunai-furukawach?, Japan",1997,2
1997-02-09 12:32:36.290000+00:00,-14.486,-76.276,33.0,6.1,mwc,"68 km S of Paracas, Peru",1997,2
1997-02-07 08:41:13.410000+00:00,-19.859,-173.289,28.0,6.4,mwc,"111 km E of Pangai, Tonga",1997,2
1997-02-04 10:37:47.140000+00:00,37.661,57.291,10.0,6.5,mwc,Turkmenistan-Iran border region,1997,2
1997-01-29 23:19:20.890000+00:00,-12.904,166.376,33.0,6.2,mwc,"166 km NW of Sola, Vanuatu",1997,1
1997-01-17 15:53:13.430000+00:00,28.814,129.953,33.0,6.3,mwc,"67 km NE of Naze, Japan",1997,1
1997-01-11 20:28:26.020000+00:00,18.219,-102.756,33.0,7.2,mwb,"46 km WNW of El Habillal, Mexico",1997,1
1996-12-30 19:41:52+00:00,-3.993,128.105,33.0,6.0,mwc,"33 km SSW of Ambon, Indonesia",1996,12
1996-12-26 20:48:23.290000+00:00,-2.236,138.938,33.0,6.3,mwb,"192 km WNW of Abepura, Indonesia",1996,12
1996-12-10 08:36:18.700000+00:00,0.87,-30.039,10.0,6.7,mwc,central Mid-Atlantic Ridge,1996,12
1996-12-09 11:28:48.610000+00:00,29.85,-42.855,10.0,6.0,mwc,northern Mid-Atlantic Ridge,1996,12
1996-12-09 03:54:16.310000+00:00,-7.936,107.489,50.9,6.1,mwc,"82 km S of Banjar, Indonesia",1996,12
1996-12-03 12:56:56.920000+00:00,-18.351,-172.275,32.7,6.2,mwc,"183 km E of Neiafu, Tonga",1996,12
1996-12-02 22:17:59.240000+00:00,31.789,131.314,49.2,6.7,mwc,"17 km SW of Miyazaki, Japan",1996,12
1996-11-28 21:25:58.850000+00:00,-1.222,-24.17,10.0,6.3,mwc,central Mid-Atlantic Ridge,1996,11
1996-11-20 02:27:47.980000+00:00,34.35,141.132,33.0,6.1,mwc,"115 km SE of Katsuura, Japan",1996,11
1996-11-19 10:44:46.060000+00:00,35.345,78.133,33.0,6.9,mwc,"130 km ENE of Thang, India",1996,11
1996-11-17 19:17:41.980000+00:00,11.081,-86.052,33.0,6.0,mwb,"27 km SW of San Juan del Sur, Nicaragua",1996,11
1996-11-16 09:47:50.840000+00:00,-15.101,-176.3,33.0,6.0,mwb,"201 km S of Mata-Utu, Wallis and Futuna",1996,11
1996-11-13 12:32:09.820000+00:00,-15.474,-75.414,33.0,6.0,mwb,"29 km WSW of San Juan, Peru",1996,11
1996-11-13 02:41:39.940000+00:00,-14.843,-75.692,33.0,6.1,mwc,"54 km WSW of Changuillo, Peru",1996,11
1996-11-12 16:59:44.030000+00:00,-14.993,-75.675,33.0,7.7,mwc,"60 km SW of Changuillo, Peru",1996,11
1996-11-11 00:47:21.140000+00:00,-32.538,-179.049,33.0,6.2,mwb,south of the Kermadec Islands,1996,11
1996-11-07 06:10:16.710000+00:00,9.785,126.34,33.0,6.1,mwc,"25 km E of Union, Philippines",1996,11
1996-11-06 20:00:58.850000+00:00,27.999,143.538,9.0,6.6,mwc,"Bonin Islands, Japan region",1996,11
1996-11-05 12:29:45.960000+00:00,9.756,126.36,33.0,6.0,mwc,"27 km E of Union, Philippines",1996,11
1996-11-04 17:24:57.430000+00:00,7.306,-77.393,14.0,6.3,mwc,"33 km WSW of Riosucio, Colombia",1996,11
1996-10-24 19:31:53.930000+00:00,66.986,-173.229,19.9,6.1,mwc,"179 km NNW of Lorino, Russia",1996,10
1996-10-19 14:44:40.790000+00:00,31.885,131.468,22.0,6.7,mwc,"5 km SE of Miyazaki, Japan",1996,10
1996-10-18 10:50:20.860000+00:00,30.568,131.093,10.0,6.6,mwc,"20 km SSE of Nishinoomote, Japan",1996,10
1996-10-14 23:26:20.010000+00:00,-7.133,155.568,24.0,6.8,mwc,"90 km S of Panguna, Papua New Guinea",1996,10
1996-10-12 15:36:01.270000+00:00,-7.25,155.471,33.0,6.1,mwc,"103 km S of Panguna, Papua New Guinea",1996,10
1996-10-10 15:21:04.700000+00:00,3.445,97.943,33.0,6.3,mwb,"62 km WSW of Binjai, Indonesia",1996,10
1996-10-09 13:10:52.130000+00:00,34.556,32.126,33.0,6.8,mwc,"36 km SW of Paphos, Cyprus",1996,10
1996-10-08 01:36:53.930000+00:00,-45.778,96.025,10.0,6.1,mwb,southeast Indian Ridge,1996,10
1996-10-06 20:13:09.180000+00:00,49.047,-127.88,10.0,6.2,mwc,"144 km W of Tofino, Canada",1996,10
1996-10-02 11:24:48.420000+00:00,45.133,151.168,33.0,6.0,mwc,"258 km E of Kuril’sk, Russia",1996,10
1996-10-02 09:48:01.560000+00:00,11.761,125.484,33.0,6.4,mwc,"3 km ENE of San Julian, Philippines",1996,10
1996-10-01 15:50:23.660000+00:00,12.434,58.066,10.0,6.4,mwc,Owen Fracture Zone region,1996,10
1996-09-20 12:24:42.120000+00:00,9.446,126.544,33.0,6.1,mwb,"42 km ENE of Cortes, Philippines",1996,9
1996-09-20 04:11:04.550000+00:00,9.454,126.334,33.0,6.6,mwc,"24 km NE of Cortes, Philippines",1996,9
1996-09-20 04:10:27.680000+00:00,9.463,126.284,33.0,6.6,mwc,"22 km NNE of Cortes, Philippines",1996,9
1996-09-20 00:03:18.370000+00:00,9.597,126.293,33.0,6.4,mwc,"26 km SE of Union, Philippines",1996,9
1996-09-11 02:37:14.990000+00:00,35.537,140.943,55.0,6.2,mwc,"23 km SSE of Hasaki, Japan",1996,9
1996-09-09 00:20:39.120000+00:00,-31.9,-71.56,39.0,6.0,mwb,"47 km SW of Illapel, Chile",1996,9
1996-09-06 17:03:46.820000+00:00,-7.31,155.887,33.0,6.2,mwc,"118 km SSE of Panguna, Papua New Guinea",1996,9
1996-09-05 23:42:06.150000+00:00,21.898,121.498,20.0,6.8,mwc,"78 km E of Hengchun, Taiwan",1996,9
1996-09-05 20:44:09.290000+00:00,42.803,17.936,10.0,6.0,mwc,"9 km ESE of Podgora, Croatia",1996,9
1996-09-05 09:46:59.420000+00:00,-22.056,-113.083,10.0,6.2,mwc,Easter Island region,1996,9
1996-09-05 08:14:14.480000+00:00,-22.118,-113.436,10.0,6.9,mwc,Easter Island region,1996,9
1996-09-04 19:06:49.810000+00:00,9.365,-84.266,32.5,6.2,mwc,"13 km WSW of Quepos, Costa Rica",1996,9
1996-08-27 10:50:49.420000+00:00,-36.883,78.486,10.0,6.0,mwb,Mid-Indian Ridge,1996,8
1996-08-19 06:24:11.020000+00:00,-41.523,80.416,10.0,6.1,mwb,Mid-Indian Ridge,1996,8
1996-08-19 04:19:16.180000+00:00,51.451,-178.367,33.0,6.0,mwc,"Andreanof Islands, Aleutian Islands, Alaska",1996,8
1996-08-15 07:33:50.590000+00:00,-13.302,166.838,33.0,6.2,mwc,"99 km NW of Sola, Vanuatu",1996,8
1996-08-12 17:00:27.900000+00:00,-0.266,125.094,42.3,6.0,mwc,"174 km S of Tondano, Indonesia",1996,8
1996-08-10 18:12:17.350000+00:00,38.909,140.53,10.0,6.0,mwb,"25 km NE of Shinj?, Japan",1996,8
1996-08-10 11:20:19.720000+00:00,-4.938,152.131,33.0,6.2,mwc,"67 km SSW of Kokopo, Papua New Guinea",1996,8
1996-08-05 21:39:16.250000+00:00,-1.996,-81.001,33.0,6.3,mwc,"24 km NNW of Salinas, Ecuador",1996,8
1996-08-05 02:08:58.250000+00:00,-15.267,-173.126,41.2,6.7,mwc,"104 km NE of Hihifo, Tonga",1996,8
1996-08-02 12:55:29.300000+00:00,-10.769,161.445,33.0,6.9,mwc,"62 km WSW of Kirakira, Solomon Islands",1996,8
1996-07-30 17:38:30.710000+00:00,14.509,119.954,33.0,6.1,mwb,"38 km WSW of Sabang, Philippines",1996,7
1996-07-28 10:40:43.650000+00:00,1.006,120.196,33.0,6.0,mwc,"214 km N of Palu, Indonesia",1996,7
1996-07-25 12:49:37.080000+00:00,-50.149,-113.538,10.0,6.1,mwc,southern East Pacific Rise,1996,7
1996-07-23 05:20:04.280000+00:00,-26.769,-177.25,33.0,6.2,mwc,south of the Fiji Islands,1996,7
1996-07-23 03:32:12.680000+00:00,-26.753,-177.199,33.0,6.5,mwc,south of the Fiji Islands,1996,7
1996-07-22 14:19:35.770000+00:00,1.0,120.45,33.0,7.0,mwc,"220 km NNE of Palu, Indonesia",1996,7
1996-07-20 00:00:41.880000+00:00,36.147,27.103,33.0,6.2,mwc,"Dodecanese Islands, Greece",1996,7
1996-07-16 10:07:36.650000+00:00,1.016,120.254,33.0,6.6,mwb,"217 km NNE of Palu, Indonesia",1996,7
1996-07-16 03:48:28.340000+00:00,56.084,164.998,33.0,6.5,mwc,"157 km E of Ust’-Kamchatsk Staryy, Russia",1996,7
1996-07-15 21:23:34.080000+00:00,17.6,-100.965,18.3,6.8,mwb,"26 km NNE of Coyuquilla Norte, Mexico",1996,7
1996-06-30 11:32:35.840000+00:00,51.726,159.812,33.0,6.1,mwb,"164 km SE of Vilyuchinsk, Russia",1996,6
1996-06-22 14:50:07.500000+00:00,51.398,159.239,33.0,6.2,mwb,"179 km SSE of Vilyuchinsk, Russia",1996,6
1996-06-22 00:32:13.470000+00:00,-53.774,8.8,10.0,6.4,mwc,Bouvet Island region,1996,6
1996-06-21 13:57:10.020000+00:00,51.568,159.119,20.0,6.7,mwc,"159 km SSE of Vilyuchinsk, Russia",1996,6
1996-06-18 13:55:34.210000+00:00,-16.073,178.118,33.0,6.0,mwc,"139 km WNW of Labasa, Fiji",1996,6
1996-06-14 15:04:40.740000+00:00,12.811,125.055,28.8,6.1,mwc,"16 km N of Cabodiongan, Philippines",1996,6
1996-06-11 18:22:55.730000+00:00,12.614,125.154,33.0,7.1,mwc,"8 km NNE of Palapag, Philippines",1996,6
1996-06-10 15:24:56+00:00,51.478,-176.847,26.3,7.3,mwc,"46 km SSW of Adak, Alaska",1996,6
1996-06-10 04:03:35.480000+00:00,51.564,-177.632,33.0,7.9,mwc,"77 km WSW of Adak, Alaska",1996,6
1996-06-08 23:19:15.170000+00:00,51.491,-178.128,33.0,6.5,mwc,"111 km WSW of Adak, Alaska",1996,6
1996-06-06 17:35:38.190000+00:00,-41.329,80.666,20.4,6.3,mwb,Mid-Indian Ridge,1996,6
1996-06-03 10:50:10.720000+00:00,-9.32,157.239,10.0,6.0,mwb,Solomon Islands,1996,6
1996-06-03 10:46:00.500000+00:00,-9.27,157.198,33.0,6.1,mwc,"134 km SSE of Gizo, Solomon Islands",1996,6
1996-06-03 08:15:39.550000+00:00,-9.309,157.17,33.0,6.0,mwc,Solomon Islands,1996,6
1996-06-02 02:52:09.550000+00:00,10.797,-42.254,10.0,7.0,mwc,northern Mid-Atlantic Ridge,1996,6
1996-05-11 13:43:45.060000+00:00,-6.605,155.038,33.0,6.3,mwc,"58 km WSW of Panguna, Papua New Guinea",1996,5
1996-05-07 23:20:00.680000+00:00,43.708,147.607,53.9,6.2,mwb,"72 km E of Shikotan, Russia",1996,5
1996-05-07 08:44:36.610000+00:00,1.621,126.558,33.0,6.0,mwc,"129 km NW of Ternate, Indonesia",1996,5
1996-05-03 03:32:47.110000+00:00,40.774,109.661,26.0,6.0,mwc,"36 km NW of Baotou, China",1996,5
1996-05-02 02:32:35.250000+00:00,-6.44,154.577,33.0,6.0,mwc,"101 km W of Panguna, Papua New Guinea",1996,5
1996-05-01 10:05:09.700000+00:00,-6.741,154.895,33.0,6.1,mwc,"80 km SW of Panguna, Papua New Guinea",1996,5
1996-05-01 09:21:24.230000+00:00,-6.659,154.848,33.0,6.1,mwc,"79 km WSW of Panguna, Papua New Guinea",1996,5
1996-04-29 14:40:41.090000+00:00,-6.518,154.999,44.0,7.2,mwc,"58 km WSW of Panguna, Papua New Guinea",1996,4
1996-04-27 08:40:41.850000+00:00,2.368,-79.341,10.0,6.2,mwb,"84 km WNW of Salahonda, Colombia",1996,4
1996-04-19 00:19:31.190000+00:00,-23.944,-70.093,49.5,6.6,mwb,"44 km SE of Antofagasta, Chile",1996,4
1996-03-31 23:41:43.120000+00:00,-11.178,165.644,33.0,6.0,mwc,"52 km SSW of Lata, Solomon Islands",1996,3
1996-03-30 13:05:17.430000+00:00,52.214,-168.734,33.0,6.3,mwc,"81 km S of Nikolski, Alaska",1996,3
1996-03-30 09:56:59.410000+00:00,-55.852,-125.666,10.0,6.1,mwc,southern East Pacific Rise,1996,3
1996-03-28 23:03:49.810000+00:00,-1.036,-78.737,33.0,6.0,mwb,"9 km SSW of Pujilí, Ecuador",1996,3
1996-03-28 07:28:28.120000+00:00,11.919,57.805,10.0,6.1,mwc,Owen Fracture Zone region,1996,3
1996-03-27 20:52:06.690000+00:00,11.777,-87.935,33.0,6.0,mwc,"113 km SW of Corinto, Nicaragua",1996,3
1996-03-24 22:19:02.690000+00:00,-55.42,146.006,10.0,6.1,mwc,west of Macquarie Island,1996,3
1996-03-22 03:24:20.010000+00:00,51.221,178.695,20.4,6.8,mwb,"Rat Islands, Aleutian Islands, Alaska",1996,3
1996-03-19 15:00:26.090000+00:00,39.993,76.696,28.2,6.3,mwc,"83 km NE of Kashgar, China",1996,3
1996-03-17 17:58:20.360000+00:00,-6.269,147.904,33.0,6.1,mwc,"32 km NNE of Finschhafen, Papua New Guinea",1996,3
1996-03-09 16:15:36.240000+00:00,43.425,148.009,33.0,6.1,mwc,"111 km ESE of Shikotan, Russia",1996,3
1996-03-05 14:52:28.680000+00:00,24.092,122.215,29.5,6.3,mwc,"63 km ENE of Hualien City, Taiwan",1996,3
1996-03-03 16:37:31.520000+00:00,11.905,-86.772,33.0,6.7,mwc,"30 km WSW of Villa El Carmen, Nicaragua",1996,3
1996-03-03 14:55:11.860000+00:00,11.657,-86.856,33.0,6.6,mwc,"39 km WSW of Masachapa, Nicaragua",1996,3
1996-03-02 01:50:04.520000+00:00,-5.973,146.565,58.7,6.1,mwc,"84 km ENE of Kainantu, Papua New Guinea",1996,3
1996-02-25 09:17:57.040000+00:00,16.122,-97.93,12.3,6.2,mwb,"7 km SE of Santa María Chico Ometepec, Mexico",1996,2
1996-02-25 03:08:15.870000+00:00,15.978,-98.07,21.1,7.1,mw,"24 km SSW of Santa María Chico Ometepec, Mexico",1996,2
1996-02-24 15:52:59.100000+00:00,-0.869,137.346,33.0,6.2,mwb,"144 km ENE of Biak, Indonesia",1996,2
1996-02-22 13:40:53.470000+00:00,-33.672,-71.671,43.3,6.0,mwb,"10 km SW of San Antonio, Chile",1996,2
1996-02-21 12:51:01.300000+00:00,-9.593,-79.587,10.0,7.5,mw,"123 km WSW of Puerto Santa, Peru",1996,2
1996-02-19 07:10:06.480000+00:00,-42.132,-75.283,7.6,6.0,mw,"124 km WSW of Ancud, Chile",1996,2
1996-02-18 23:49:28.160000+00:00,-1.266,-14.273,10.0,6.6,mw,north of Ascension Island,1996,2
1996-02-18 02:25:33.350000+00:00,-1.336,136.464,10.0,6.4,mw,"46 km ESE of Biak, Indonesia",1996,2
1996-02-17 20:18:07.020000+00:00,-0.917,136.225,31.9,6.5,mw,"32 km NNE of Biak, Indonesia",1996,2
1996-02-17 14:21:22.350000+00:00,-0.567,135.84,19.2,6.5,mw,"67 km NNW of Insrom, Indonesia",1996,2
1996-02-17 08:42:10.270000+00:00,-0.837,136.588,33.0,6.0,ms,"Biak region, Indonesia",1996,2
1996-02-17 05:59:30.550000+00:00,-0.891,136.952,33.0,8.09,mww,"1996 Biak, Indonesia Earthquake",1996,2
1996-02-16 15:22:58.830000+00:00,37.353,142.38,40.8,6.7,mw,"123 km E of Namie, Japan",1996,2
1996-02-16 11:34:31.110000+00:00,-15.282,-173.218,33.0,6.0,mw,"96 km NE of Hihifo, Tonga",1996,2
1996-02-16 09:44:58.410000+00:00,-1.496,-15.279,10.6,6.6,mw,north of Ascension Island,1996,2
1996-02-12 09:08:07.990000+00:00,-11.044,118.67,8.0,6.1,mw,"232 km SW of Waingapu, Indonesia",1996,2
1996-02-09 17:33:54.290000+00:00,-6.0,146.629,68.5,6.1,mw,"89 km NNW of Lae, Papua New Guinea",1996,2
1996-02-07 22:53:40.050000+00:00,44.12,149.479,33.0,6.0,ms,"176 km SE of Kuril’sk, Russia",1996,2
1996-02-07 21:36:46.300000+00:00,45.324,149.892,42.6,7.2,mw,"158 km E of Kuril’sk, Russia",1996,2
1996-02-07 07:57:18.110000+00:00,1.019,120.187,13.8,6.1,mwb,"216 km N of Palu, Indonesia",1996,2
1996-02-03 11:14:20.120000+00:00,27.291,100.276,11.1,6.6,mw,"47 km N of Lijiang, China",1996,2
1996-01-31 20:30:42.370000+00:00,44.468,149.37,20.6,6.0,mw,"145 km SE of Kuril’sk, Russia",1996,1
1996-01-30 22:29:57.150000+00:00,-32.921,-178.298,33.0,6.4,mw,south of the Kermadec Islands,1996,1
1996-01-30 22:00:09.580000+00:00,-32.953,-178.253,14.2,6.1,mwb,south of the Kermadec Islands,1996,1
1996-01-27 17:48:09.380000+00:00,9.187,126.416,33.0,6.0,mw,"26 km E of Tigao, Philippines",1996,1
1996-01-22 23:19:57.450000+00:00,-60.614,-25.901,10.1,6.2,mwb,South Sandwich Islands region,1996,1
1996-01-01 09:57:51.400000+00:00,53.826,159.586,33.0,6.6,ms,"106 km NE of Yelizovo, Russia",1996,1
1996-01-01 08:05:10.830000+00:00,0.729,119.931,24.0,7.9,mw,"181 km N of Palu, Indonesia",1996,1
1996-01-01 01:34:16+00:00,-20.391,-174.234,33.0,6.0,mw,"65 km S of Pangai, Tonga",1996,1
1995-12-30 12:11:05.660000+00:00,40.752,143.339,22.0,6.3,mwb,"158 km E of Hachinohe, Japan",1995,12
1995-12-30 03:26:10.980000+00:00,-4.387,-104.646,10.0,6.1,mwb,central East Pacific Rise,1995,12
1995-12-25 03:06:31.950000+00:00,-28.148,-176.794,14.8,6.1,mw,Kermadec Islands region,1995,12
1995-12-19 23:28:12.180000+00:00,-3.703,140.233,63.4,6.5,mwb,"130 km SSW of Abepura, Indonesia",1995,12
1995-12-11 19:44:09.210000+00:00,18.583,-105.517,20.3,6.1,mw,"106 km SSW of Emiliano Zapata, Mexico",1995,12
1995-12-11 14:09:23.790000+00:00,18.926,-105.471,20.0,6.4,mwb,"73 km SW of Emiliano Zapata, Mexico",1995,12
1995-12-10 22:48:08.300000+00:00,44.231,149.801,33.0,6.2,mw,"188 km SE of Kuril’sk, Russia",1995,12
1995-12-10 22:23:12.350000+00:00,44.351,149.742,16.0,6.4,mwb,"176 km SE of Kuril’sk, Russia",1995,12
1995-12-07 19:30:24.230000+00:00,44.907,149.527,27.7,6.0,mw,"134 km ESE of Kuril’sk, Russia",1995,12
1995-12-05 06:32:06.100000+00:00,-9.027,124.67,33.0,6.4,mw,"25 km WNW of Atambua, Indonesia",1995,12
1995-12-03 21:38:38.790000+00:00,44.727,150.033,33.0,6.5,ms,"178 km ESE of Kuril’sk, Russia",1995,12
1995-12-03 18:14:28.400000+00:00,44.956,150.674,33.0,6.4,mb,"222 km E of Kuril’sk, Russia",1995,12
1995-12-03 18:01:08.990000+00:00,44.663,149.3,33.0,7.9,mw,"128 km ESE of Kuril’sk, Russia",1995,12
1995-12-02 17:13:18.630000+00:00,44.505,149.237,18.1,6.6,mw,"134 km SE of Kuril’sk, Russia",1995,12
1995-12-01 05:20:28.830000+00:00,10.16,-104.0,10.0,6.6,mwb,northern East Pacific Rise,1995,12
1995-11-30 23:37:36.390000+00:00,44.473,149.342,23.4,6.3,mw,"142 km SE of Kuril’sk, Russia",1995,11
1995-11-27 15:52:56.910000+00:00,44.568,149.143,20.5,6.3,mw,"123 km SE of Kuril’sk, Russia",1995,11
1995-11-24 17:24:11.870000+00:00,44.537,149.103,27.8,6.6,mw,"123 km SE of Kuril’sk, Russia",1995,11
1995-11-24 06:18:56.470000+00:00,-42.984,171.793,10.0,6.2,mwb,"47 km NW of Oxford, New Zealand",1995,11
1995-11-22 04:15:11.940000+00:00,28.826,34.799,10.0,7.2,mw,"27 km SSE of Nuwaybi‘a, Egypt",1995,11
1995-11-13 07:38:42.630000+00:00,-15.114,-173.473,10.0,6.0,mw,"99 km NNE of Hihifo, Tonga",1995,11
1995-11-13 02:17:51.080000+00:00,3.588,126.647,33.0,6.3,mw,"239 km SSE of Sarangani, Philippines",1995,11
1995-11-08 16:01:19.160000+00:00,1.29,121.678,19.8,6.0,mwb,"175 km WNW of Gorontalo, Indonesia",1995,11
1995-11-08 07:14:18.610000+00:00,1.833,95.05,33.0,6.9,mw,"164 km WSW of Sinabang, Indonesia",1995,11
1995-11-05 16:29:58.350000+00:00,-4.92,103.22,36.2,6.3,mw,"99 km S of Pagar Alam, Indonesia",1995,11
1995-11-01 00:35:32.700000+00:00,-28.906,-71.417,19.9,6.7,mw,"73 km WSW of Vallenar, Chile",1995,11
1995-10-29 19:24:33.600000+00:00,0.858,125.886,68.8,6.0,mwb,"119 km ESE of Tondano, Indonesia",1995,10
1995-10-23 22:46:50.810000+00:00,26.003,102.227,10.0,6.2,mw,"79 km SE of Dadukou, China",1995,10
1995-10-19 02:41:36.190000+00:00,28.094,130.148,19.7,6.8,mw,"71 km ESE of Naze, Japan",1995,10
1995-10-19 00:32:06.440000+00:00,28.164,130.156,33.0,6.3,mw,"69 km ESE of Naze, Japan",1995,10
1995-10-18 23:25:58.770000+00:00,28.203,130.211,27.6,6.1,mw,"73 km ESE of Naze, Japan",1995,10
1995-10-18 10:37:26.380000+00:00,27.929,130.175,28.4,7.1,mw,"83 km SE of Naze, Japan",1995,10
1995-10-15 15:04:08.160000+00:00,-6.514,154.631,14.4,6.1,mw,"96 km WSW of Panguna, Papua New Guinea",1995,10
1995-10-14 20:44:57.470000+00:00,-6.435,154.556,18.6,6.1,mw,"103 km W of Panguna, Papua New Guinea",1995,10
1995-10-13 15:22:23.450000+00:00,-59.014,158.28,14.4,6.1,mw,Macquarie Island region,1995,10
1995-10-12 23:41:45.350000+00:00,-35.288,-106.266,8.4,6.0,mwb,southern East Pacific Rise,1995,10
1995-10-12 16:52:53+00:00,18.81,-104.017,16.1,6.0,mw,"13 km SSE of Cuyutlán, Mexico",1995,10
1995-10-09 15:35:53.910000+00:00,19.055,-104.205,33.0,8.0,mw,"1995 Colima-Jalisco, Mexico Earthquake",1995,10
1995-10-06 18:09:45.900000+00:00,-2.045,101.436,33.0,6.8,mw,"5 km ENE of Sungai Penuh, Indonesia",1995,10
1995-10-06 05:23:18.540000+00:00,65.1702,-148.5653,9.1,6.0,mw,"36 km E of Minto, Alaska",1995,10
1995-10-03 12:44:58.090000+00:00,-2.778,-77.851,16.7,6.5,mw,"50 km SE of Sucúa, Ecuador",1995,10
1995-10-03 01:51:23.900000+00:00,-2.75,-77.881,24.4,7.0,mw,"45 km SE of Sucúa, Ecuador",1995,10
1995-10-02 23:48:23.260000+00:00,-15.221,-174.934,33.0,6.1,mwb,"146 km NW of Hihifo, Tonga",1995,10
1995-10-01 15:57:16.200000+00:00,38.063,30.134,33.0,6.4,mw,"2 km W of Dinar, Turkey",1995,10
1995-09-30 10:47:58.110000+00:00,50.829,157.341,44.8,6.0,mw,"87 km E of Severo-Kuril’sk, Russia",1995,9
1995-09-23 22:31:56.360000+00:00,-10.68,-78.581,59.9,6.5,mwb,"81 km W of Paramonga, Peru",1995,9
1995-09-23 16:05:49.560000+00:00,-5.561,104.062,45.4,6.0,mw,"121 km SW of Kotabumi, Indonesia",1995,9
1995-09-23 02:34:12.780000+00:00,-5.968,146.635,27.1,6.0,mw,"92 km ENE of Kainantu, Papua New Guinea",1995,9
1995-09-22 05:39:30.530000+00:00,-6.053,146.543,45.2,6.2,mw,"79 km ENE of Kainantu, Papua New Guinea",1995,9
1995-09-17 17:09:20.620000+00:00,-17.093,66.707,8.3,6.0,ms,Mauritius - Reunion region,1995,9
1995-09-14 14:04:31.430000+00:00,16.779,-98.597,23.0,7.4,mwb,"5 km N of Azoyú, Mexico",1995,9
1995-09-08 01:15:28.290000+00:00,-56.222,-122.419,10.0,6.3,mwb,southern East Pacific Rise,1995,9
1995-09-06 22:48:49.600000+00:00,14.943,-94.253,12.4,6.0,mwb,"119 km SW of Manuel Ávila Camacho (Ponte Duro), Mexico",1995,9
1995-08-31 17:10:35.080000+00:00,-15.838,166.426,16.8,6.4,mw,"86 km WSW of Luganville, Vanuatu",1995,8
1995-08-29 08:51:30.730000+00:00,-21.159,-174.354,18.8,6.1,mw,"64 km ENE of ‘Ohonua, Tonga",1995,8
1995-08-29 07:25:49.250000+00:00,-47.937,99.467,10.0,6.4,mw,southeast Indian Ridge,1995,8
1995-08-28 10:46:12.060000+00:00,26.092,-110.284,12.2,6.6,mwb,"95 km SW of Etchoropo, Mexico",1995,8
1995-08-26 06:57:16.630000+00:00,-5.643,153.541,17.3,6.0,mw,"201 km SE of Kokopo, Papua New Guinea",1995,8
1995-08-23 13:14:42.430000+00:00,-56.883,-141.654,12.0,6.3,mw,Pacific-Antarctic Ridge,1995,8
1995-08-18 02:16:25.990000+00:00,-55.934,-28.832,41.9,6.2,mwb,South Sandwich Islands region,1995,8
1995-08-17 10:01:25.990000+00:00,-5.168,153.447,21.0,6.4,mw,"159 km SE of Kokopo, Papua New Guinea",1995,8
1995-08-17 00:59:57.730000+00:00,41.559,88.8,0.0,6.0,mb,"157 km SSW of Turpan, China",1995,8
1995-08-17 00:15:50.470000+00:00,-5.934,154.213,14.1,6.4,mw,"146 km WNW of Panguna, Papua New Guinea",1995,8
1995-08-16 23:10:23.980000+00:00,-5.771,154.347,33.0,7.2,mw,"139 km WNW of Panguna, Papua New Guinea",1995,8
1995-08-16 16:24:26.520000+00:00,-5.429,153.773,18.7,6.6,mw,"205 km SE of Kokopo, Papua New Guinea",1995,8
1995-08-16 10:27:28.630000+00:00,-5.799,154.178,30.1,7.7,mw,"155 km WNW of Panguna, Papua New Guinea",1995,8
1995-08-07 19:44:25.430000+00:00,4.041,143.77,12.6,6.2,mw,Federated States of Micronesia region,1995,8
1995-08-03 01:57:19.900000+00:00,-23.062,-70.588,16.8,6.4,mw,"68 km NNW of Antofagasta, Chile",1995,8
1995-08-02 00:14:09.440000+00:00,-23.23,-70.677,33.0,6.0,mw,"54 km NNW of Antofagasta, Chile",1995,8
1995-07-30 21:05:47.720000+00:00,-23.347,-70.609,13.9,6.2,mw,"40 km NNW of Antofagasta, Chile",1995,7
1995-07-30 08:17:18.230000+00:00,-23.982,-70.276,30.2,6.0,ms,"38 km SSE of Antofagasta, Chile",1995,7
1995-07-30 05:11:23.630000+00:00,-23.34,-70.294,45.6,8.0,mw,"36 km NNE of Antofagasta, Chile",1995,7
1995-07-27 05:51:18.940000+00:00,-12.59,79.228,16.2,6.0,mwb,South Indian Ocean,1995,7
1995-07-26 23:42:02.780000+00:00,2.534,127.681,65.4,6.4,mwb,"96 km NNW of Tobelo, Indonesia",1995,7
1995-07-19 00:24:14.680000+00:00,-22.719,169.783,11.6,6.0,mwb,"235 km E of Vao, New Caledonia",1995,7
1995-07-12 15:46:56.850000+00:00,-23.26,170.865,11.4,6.5,mwb,southeast of the Loyalty Islands,1995,7
1995-07-11 21:46:39.780000+00:00,21.966,99.196,12.5,6.8,mw,"158 km W of Jinghong, China",1995,7
1995-07-08 17:15:25.760000+00:00,53.578,-163.74,21.1,6.0,mwb,"143 km S of False Pass, Alaska",1995,7
1995-07-08 05:42:53.090000+00:00,39.678,143.352,11.3,6.0,mwb,"121 km E of Miyako, Japan",1995,7
1995-07-03 21:56:51.420000+00:00,-29.117,-177.627,54.4,6.1,mb,"Kermadec Islands, New Zealand",1995,7
1995-07-03 19:50:50.620000+00:00,-29.211,-177.589,35.3,7.2,mwb,"Kermadec Islands, New Zealand",1995,7
1995-06-30 11:58:56.880000+00:00,24.688,-110.228,10.0,6.2,mw,"60 km N of La Paz, Mexico",1995,6
1995-06-29 07:45:09.940000+00:00,48.793,154.446,64.1,6.0,mwb,"241 km SSW of Severo-Kuril’sk, Russia",1995,6
1995-06-27 10:09:58.060000+00:00,18.835,-81.719,10.0,6.0,mw,"61 km SW of George Town, Cayman Islands",1995,6
1995-06-25 06:59:06.240000+00:00,24.6,121.7,52.4,6.0,mw,"18 km SSW of Yilan, Taiwan",1995,6
1995-06-25 02:10:39.770000+00:00,-3.321,150.458,32.3,6.2,mw,"90 km SSW of Kavieng, Papua New Guinea",1995,6
1995-06-21 15:28:51.710000+00:00,-61.673,154.766,10.0,6.7,mwb,Balleny Islands region,1995,6
1995-06-15 00:15:48.730000+00:00,38.401,22.283,14.2,6.5,mw,"8 km WNW of Galaxídhion, Greece",1995,6
1995-06-14 11:11:47.400000+00:00,12.128,-88.36,25.0,6.6,mw,"120 km SW of Jiquilillo, Nicaragua",1995,6
1995-05-31 16:08:40.250000+00:00,18.956,-107.42,33.0,6.4,mwb,"236 km WSW of La Cruz de Loreto, Mexico",1995,5
1995-05-29 07:29:45.740000+00:00,-10.246,164.001,26.4,6.3,mwb,"203 km WNW of Lata, Solomon Islands",1995,5
1995-05-27 13:03:52.650000+00:00,52.629,142.827,11.0,7.1,mwb,"85 km S of Tungor, Russia",1995,5
1995-05-26 03:11:17.180000+00:00,12.115,57.939,62.4,6.5,mw,Owen Fracture Zone region,1995,5
1995-05-23 22:10:11.840000+00:00,-55.945,-3.361,10.0,6.8,mw,southern Mid-Atlantic Ridge,1995,5
1995-05-22 04:02:55.090000+00:00,-9.662,151.507,29.8,6.1,mw,"135 km ENE of Alotau, Papua New Guinea",1995,5
1995-05-22 03:45:02.680000+00:00,-22.795,170.01,18.6,6.3,mwb,"258 km E of Vao, New Caledonia",1995,5
1995-05-18 00:06:27.460000+00:00,-0.893,-21.996,12.2,6.8,mw,central Mid-Atlantic Ridge,1995,5
1995-05-17 11:23:49.540000+00:00,-23.03,170.108,19.7,6.5,mw,"271 km E of Vao, New Caledonia",1995,5
1995-05-16 21:48:05.830000+00:00,17.899,96.457,11.4,6.1,ms,"28 km WSW of Nyaunglebin, Myanmar",1995,5
1995-05-16 20:12:44.220000+00:00,-23.008,169.9,20.2,7.7,mw,"249 km E of Vao, New Caledonia",1995,5
1995-05-15 04:05:57.830000+00:00,41.603,88.82,0.0,6.1,mb,"152 km S of Turpan, China",1995,5
1995-05-14 11:33:18.870000+00:00,-8.378,125.127,11.2,6.9,mw,"27 km NNW of Maubara, Timor Leste",1995,5
1995-05-13 08:47:12.730000+00:00,40.149,21.695,14.0,6.6,mw,"10 km W of Aianí, Greece",1995,5
1995-05-08 18:08:06.290000+00:00,11.465,125.962,12.0,6.4,mw,"40 km ENE of Hernani, Philippines",1995,5
1995-05-07 22:38:28.100000+00:00,-15.42,-173.266,20.5,6.0,mw,"82 km NE of Hihifo, Tonga",1995,5
1995-05-05 04:39:10.630000+00:00,12.637,125.238,33.0,6.1,ms,"12 km N of Cabatuan, Philippines",1995,5
1995-05-05 03:53:45.050000+00:00,12.626,125.297,16.0,7.1,mw,"14 km NE of Cabatuan, Philippines",1995,5
1995-05-04 02:18:47.920000+00:00,1.889,128.478,23.4,6.1,mwb,"55 km ENE of Tobelo, Indonesia",1995,5
1995-05-02 23:52:43.620000+00:00,-60.427,154.042,10.0,6.2,mw,west of Macquarie Island,1995,5
1995-04-29 09:43:57.770000+00:00,11.853,125.982,15.0,6.1,mwb,"57 km E of Sulat, Philippines",1995,4
1995-04-28 17:08:43.230000+00:00,44.091,148.074,35.0,6.2,mw,"113 km ENE of Shikotan, Russia",1995,4
1995-04-28 16:30:00.700000+00:00,44.072,148.004,28.8,6.9,mwb,"107 km ENE of Shikotan, Russia",1995,4
1995-04-27 12:44:41.200000+00:00,1.297,-85.031,20.2,6.2,mw,off the coast of Ecuador,1995,4
1995-04-25 06:15:00.370000+00:00,-5.902,147.417,22.1,6.0,mwb,"86 km NNW of Finschhafen, Papua New Guinea",1995,4
1995-04-23 05:08:01.970000+00:00,12.39,125.396,24.1,6.8,mw,"10 km E of Gamay, Philippines",1995,4
1995-04-23 02:55:55.110000+00:00,51.334,179.714,16.9,6.5,mw,"260 km WSW of Adak, Alaska",1995,4
1995-04-21 05:17:01.330000+00:00,12.047,125.92,27.4,6.8,mw,"47 km E of Dapdap, Philippines",1995,4
1995-04-21 00:34:46.090000+00:00,12.059,125.58,20.7,7.2,mw,"10 km E of Dapdap, Philippines",1995,4
1995-04-21 00:30:10.820000+00:00,11.925,125.564,17.4,6.8,mw,"14 km ESE of Can-Avid, Philippines",1995,4
1995-04-21 00:09:54.360000+00:00,12.011,125.656,20.1,6.9,mw,"19 km E of Dolores, Philippines",1995,4
1995-04-21 00:02:48.410000+00:00,11.973,125.688,27.6,6.0,mw,"23 km ESE of Dolores, Philippines",1995,4
1995-04-18 03:49:37.070000+00:00,-2.061,140.457,20.2,6.1,mw,"59 km NNW of Jayapura, Indonesia",1995,4
1995-04-17 23:28:06.890000+00:00,45.928,151.283,23.1,6.8,mw,"276 km ENE of Kuril’sk, Russia",1995,4
1995-04-17 07:14:35.220000+00:00,33.763,-38.576,10.0,6.2,mwb,northern Mid-Atlantic Ridge,1995,4
1995-04-14 13:15:17.350000+00:00,-60.774,-20.074,10.5,6.5,mwb,east of the South Sandwich Islands,1995,4
1995-04-13 05:27:24.910000+00:00,-22.252,170.54,16.4,6.1,mw,"285 km ESE of Tadine, New Caledonia",1995,4
1995-04-08 01:20:08.760000+00:00,-15.213,-173.421,37.5,6.1,ms,"91 km NNE of Hihifo, Tonga",1995,4
1995-04-07 22:06:56.890000+00:00,-15.199,-173.529,21.2,7.4,mw,"88 km NNE of Hihifo, Tonga",1995,4
1995-04-01 05:50:18.460000+00:00,52.264,159.043,30.2,6.0,mw,"85 km SSE of Vilyuchinsk, Russia",1995,4
1995-03-26 02:16:12.560000+00:00,-55.95,-28.214,48.4,6.3,mwb,South Sandwich Islands region,1995,3
1995-03-19 23:53:14.920000+00:00,-4.183,135.109,33.0,6.9,mw,"100 km SSW of Nabire, Indonesia",1995,3
1995-03-19 18:34:04.480000+00:00,-4.231,135.013,19.2,6.1,mw,"110 km SSW of Nabire, Indonesia",1995,3
1995-03-14 17:33:50.750000+00:00,54.776,-161.339,35.1,6.2,mwb,"70 km ESE of King Cove, Alaska",1995,3
1995-03-08 03:45:58.690000+00:00,16.562,-59.559,8.1,6.2,mw,"164 km E of Beauséjour, Guadeloupe",1995,3
1995-03-06 18:43:40.150000+00:00,2.69,118.226,16.7,6.1,mwb,"98 km SE of Tarakan, Indonesia",1995,3
1995-02-28 21:12:09.360000+00:00,6.976,-81.86,20.7,6.0,mw,south of Panama,1995,2
1995-02-23 05:27:39.880000+00:00,39.788,143.572,33.0,6.1,mw,"140 km E of Miyako, Japan",1995,2
1995-02-23 05:19:01.990000+00:00,24.137,121.614,40.9,6.2,mw,"17 km N of Hualien City, Taiwan",1995,2
1995-02-23 05:01:22.570000+00:00,39.748,143.661,9.1,6.2,mwb,"147 km E of Miyako, Japan",1995,2
1995-02-21 02:09:50.940000+00:00,46.012,151.527,31.5,6.2,mw,"297 km ENE of Kuril’sk, Russia",1995,2
1995-02-19 04:03:14.940000+00:00,40.5918333,-125.7566667,4.622,6.6,mw,"126 km W of Ferndale, California",1995,2
1995-02-13 15:04:24.080000+00:00,-1.318,127.438,14.2,6.7,mw,"227 km S of Sofifi, Indonesia",1995,2
1995-02-13 12:29:53.080000+00:00,-1.31,127.429,17.2,6.3,mwb,"226 km S of Sofifi, Indonesia",1995,2
1995-02-13 08:43:37.250000+00:00,-1.278,127.444,14.2,6.3,mw,"223 km S of Sofifi, Indonesia",1995,2
1995-02-13 00:11:47.060000+00:00,-37.621,178.629,28.2,6.0,mw,"125 km ENE of Opotiki, New Zealand",1995,2
1995-02-10 01:45:03.910000+00:00,-37.855,178.602,28.3,6.5,mw,"102 km NNE of Gisborne, New Zealand",1995,2
1995-02-05 22:51:05.140000+00:00,-37.759,178.752,21.1,7.1,mw,"118 km NNE of Gisborne, New Zealand",1995,2
1995-02-05 20:37:10.950000+00:00,6.809,-82.666,11.7,6.0,mwb,"137 km S of Punta de Burica, Panama",1995,2
1995-02-03 02:31:35.240000+00:00,-62.711,155.666,10.0,6.4,mwb,Balleny Islands region,1995,2
1995-02-02 19:50:47.950000+00:00,-6.234,148.795,57.8,6.0,mw,"83 km W of Kandrian, Papua New Guinea",1995,2
1995-01-27 20:16:52.170000+00:00,-4.434,134.476,22.3,6.8,mw,"164 km SW of Nabire, Indonesia",1995,1
1995-01-24 22:36:34.190000+00:00,-5.902,154.492,24.5,6.2,mwb,"119 km WNW of Panguna, Papua New Guinea",1995,1
1995-01-21 08:47:29.640000+00:00,43.377,146.72,58.9,6.3,mw,"46 km S of Shikotan, Russia",1995,1
1995-01-21 07:30:22.950000+00:00,2.563,126.882,42.2,6.2,mw,"155 km NW of Tobelo, Indonesia",1995,1
1995-01-19 15:05:03.410000+00:00,5.05,-72.916,17.3,6.5,mw,"16 km ESE of Páez, Colombia",1995,1
1995-01-16 20:46:52.120000+00:00,34.583,135.018,21.9,6.9,mw,"8 km S of Akashi, Japan",1995,1
1995-01-16 18:14:49.460000+00:00,51.26,179.168,33.0,6.3,mw,"298 km WSW of Adak, Alaska",1995,1
1995-01-15 23:59:26.160000+00:00,-5.246,152.04,62.2,6.0,mw,"103 km SSW of Kokopo, Papua New Guinea",1995,1
1995-01-12 10:26:47.430000+00:00,44.061,147.033,34.9,6.0,mw,"38 km NE of Shikotan, Russia",1995,1
1995-01-09 18:00:17.800000+00:00,35.88,141.343,33.3,6.0,mw,"48 km ENE of Hasaki, Japan",1995,1
1995-01-07 02:36:06.770000+00:00,40.258,142.364,32.0,6.0,mwb,"76 km NNE of Miyako, Japan",1995,1
1995-01-06 22:37:34.320000+00:00,40.246,142.175,26.9,7.0,mw,"63 km ESE of Hachinohe, Japan",1995,1
1995-01-04 06:28:39.070000+00:00,-56.06,-123.232,10.0,6.0,mw,southern East Pacific Rise,1995,1
1995-01-01 06:59:55.950000+00:00,40.701,143.549,15.2,6.5,mwb,"174 km E of Hachinohe, Japan",1995,1
1994-12-31 13:50:23.700000+00:00,40.217,142.546,43.0,6.0,mw,"81 km NE of Miyako, Japan",1994,12
1994-12-28 22:37:46.340000+00:00,40.375,143.636,10.5,6.4,mwb,"165 km ENE of Miyako, Japan",1994,12
1994-12-28 20:52:25.830000+00:00,40.094,142.687,21.9,6.2,mw,"80 km NE of Miyako, Japan",1994,12
1994-12-28 12:19:23.030000+00:00,40.525,143.419,26.5,7.8,mw,"off the east coast of Honshu, Japan",1994,12
1994-12-15 11:20:22.150000+00:00,-37.282,177.523,33.0,6.5,mwb,"83 km NNE of Opotiki, New Zealand",1994,12
1994-12-14 07:28:53.250000+00:00,-9.519,159.411,16.3,6.1,mw,"38 km WNW of Malango, Solomon Islands",1994,12
1994-12-10 16:17:38.510000+00:00,18.136,-101.384,48.1,6.5,mwb,"22 km SW of Guayameo, Mexico",1994,12
1994-12-10 03:39:31.750000+00:00,-23.534,-70.591,36.6,6.0,mw,"23 km WNW of Antofagasta, Chile",1994,12
1994-11-20 16:59:05.630000+00:00,-2.001,135.932,16.0,6.3,mwb,"92 km S of Biak, Indonesia",1994,11
1994-11-15 20:39:37.250000+00:00,47.451,154.927,12.4,6.0,mw,Kuril Islands,1994,11
1994-11-14 19:15:30.660000+00:00,13.525,121.067,31.5,7.1,mw,"10 km E of Sabang, Philippines",1994,11
1994-11-05 02:16:03.320000+00:00,-57.193,157.858,24.7,6.5,mwb,Macquarie Island region,1994,11
1994-10-31 11:48:13.920000+00:00,3.019,96.192,29.4,6.2,mw,"63 km NNW of Sinabang, Indonesia",1994,10
1994-10-27 17:45:58+00:00,43.515,-127.427,20.0,6.3,mwb,"248 km W of Bandon, Oregon",1994,10
1994-10-15 00:39:25.490000+00:00,-3.804,152.148,8.8,6.1,mwb,"43 km N of Rabaul, Papua New Guinea",1994,10
1994-10-13 05:04:24.980000+00:00,-1.212,127.912,10.7,6.4,mwb,"219 km S of Sofifi, Indonesia",1994,10
1994-10-12 06:43:39.730000+00:00,13.773,124.529,15.7,6.4,mwb,"15 km E of Gigmoto, Philippines",1994,10
1994-10-09 08:48:55.130000+00:00,43.861,148.063,35.8,6.1,ms,east of the Kuril Islands,1994,10
1994-10-09 07:55:39.580000+00:00,43.905,147.916,33.0,7.3,mw,"96 km E of Shikotan, Russia",1994,10
1994-10-08 21:44:07.210000+00:00,-1.258,127.98,16.6,6.8,mwb,"225 km SSE of Sofifi, Indonesia",1994,10
1994-10-07 03:25:58.120000+00:00,41.662,88.753,0.0,6.0,mb,"147 km SSW of Turpan, China",1994,10
1994-10-05 20:39:48.420000+00:00,43.954,147.336,40.0,6.1,mw,"52 km ENE of Shikotan, Russia",1994,10
1994-10-05 20:37:29.310000+00:00,43.592,147.449,13.2,6.0,mw,"62 km ESE of Shikotan, Russia",1994,10
1994-10-04 19:16:28.980000+00:00,43.774,147.504,34.9,6.0,mb,"63 km E of Shikotan, Russia",1994,10
1994-10-04 18:09:39.630000+00:00,43.66,147.445,32.7,6.0,ms,"60 km ESE of Shikotan, Russia",1994,10
1994-10-04 16:06:20.640000+00:00,43.43,147.902,17.7,6.0,mb,"103 km ESE of Shikotan, Russia",1994,10
1994-10-04 16:01:02.470000+00:00,43.706,147.991,15.5,6.3,mb,"102 km E of Shikotan, Russia",1994,10
1994-10-04 15:24:15.980000+00:00,43.526,147.908,19.5,6.3,mb,"100 km ESE of Shikotan, Russia",1994,10
1994-10-04 13:42:52.310000+00:00,43.788,147.187,61.2,6.1,mb,"37 km E of Shikotan, Russia",1994,10
1994-10-04 13:22:55.840000+00:00,43.773,147.321,14.0,8.3,mw,"48 km E of Shikotan, Russia",1994,10
1994-10-01 17:46:37.580000+00:00,-17.768,167.83,33.0,6.2,mw,"51 km W of Port-Vila, Vanuatu",1994,10
1994-10-01 16:35:20.790000+00:00,-17.745,167.682,16.6,6.5,mw,"67 km W of Port-Vila, Vanuatu",1994,10
1994-09-27 23:04:51.620000+00:00,5.68,-79.185,33.0,6.2,mw,"206 km WSW of Bahía Solano, Colombia",1994,9
1994-09-23 07:59:38.920000+00:00,-3.379,148.537,33.0,6.1,mw,"204 km SE of Lorengau, Papua New Guinea",1994,9
1994-09-16 06:20:18.740000+00:00,22.528,118.711,13.1,6.8,mwb,"145 km SW of Magong, Taiwan",1994,9
1994-09-15 23:47:30.500000+00:00,-57.803,-8.769,10.0,6.0,mw,east of the South Sandwich Islands,1994,9
1994-09-13 10:01:32.090000+00:00,7.054,-76.678,13.6,6.1,mw,"17 km ENE of Murindó, Colombia",1994,9
1994-09-13 04:28:01.020000+00:00,29.287,129.91,34.3,6.1,mwb,"110 km NNE of Naze, Japan",1994,9
1994-09-12 22:43:50.760000+00:00,-15.455,-172.99,15.0,6.0,mw,"102 km ENE of Hihifo, Tonga",1994,9
1994-09-12 12:23:43.250000+00:00,38.819,-119.652,14.0,6.1,mwb,"4 km S of Carter Springs, Nevada",1994,9
1994-09-12 06:29:54.940000+00:00,-31.103,-71.706,40.0,6.0,mwb,"73 km SW of Ovalle, Chile",1994,9
1994-09-03 17:46:41.560000+00:00,-21.212,173.64,33.0,6.3,mwb,Vanuatu region,1994,9
1994-09-01 15:15:53.080000+00:00,40.402,-125.68,10.0,7.1,mwb,"121 km W of Ferndale, California",1994,9
1994-08-28 18:37:20.670000+00:00,44.783,150.061,18.6,6.6,mw,"179 km ESE of Kuril’sk, Russia",1994,8
1994-08-21 15:55:59.210000+00:00,56.761,117.9,12.3,6.0,mw,"25 km WSW of Novaya Chara, Russia",1994,8
1994-08-20 04:38:50.570000+00:00,44.656,149.176,24.4,6.2,mw,"120 km ESE of Kuril’sk, Russia",1994,8
1994-08-18 04:42:57.380000+00:00,44.767,150.158,14.7,6.6,mw,"186 km ESE of Kuril’sk, Russia",1994,8
1994-08-14 01:31:12.940000+00:00,44.694,150.011,19.0,6.3,mwb,"178 km ESE of Kuril’sk, Russia",1994,8
1994-08-14 00:46:20.440000+00:00,44.709,150.103,16.9,6.0,mw,"184 km ESE of Kuril’sk, Russia",1994,8
1994-08-05 19:41:56.720000+00:00,-55.37,-128.152,10.0,6.2,mw,Pacific-Antarctic Ridge,1994,8
1994-08-04 22:15:37.770000+00:00,-6.338,131.575,33.0,6.2,mw,"152 km WSW of Tual, Indonesia",1994,8
1994-07-24 17:55:40.380000+00:00,-16.966,167.574,20.5,6.4,mw,"97 km S of Lakatoro, Vanuatu",1994,7
1994-07-22 16:57:48.420000+00:00,-7.777,158.417,19.2,6.0,mw,"135 km WNW of Buala, Solomon Islands",1994,7
1994-07-13 03:13:19.310000+00:00,-16.812,167.249,33.0,6.7,mw,"80 km SSW of Lakatoro, Vanuatu",1994,7
1994-07-13 02:35:56.020000+00:00,-16.62,167.518,33.0,7.2,mw,"58 km S of Lakatoro, Vanuatu",1994,7
1994-07-04 21:36:41.960000+00:00,14.888,-97.322,14.6,6.5,mw,"108 km SSW of La Barra de Colotepec, Mexico",1994,7
1994-06-27 04:10:09.320000+00:00,-36.236,-98.189,10.0,6.1,mw,southeast of Easter Island,1994,6
1994-06-19 13:43:51.190000+00:00,-43.273,171.611,10.0,6.0,mwb,"40 km N of Methven, New Zealand",1994,6
1994-06-18 03:25:15.830000+00:00,-42.963,171.658,13.6,6.8,mw,"56 km NW of Oxford, New Zealand",1994,6
1994-06-15 10:28:50.600000+00:00,-10.168,113.749,28.8,6.1,mw,"201 km SSW of Gambiran Satu, Indonesia",1994,6
1994-06-15 09:22:57.220000+00:00,-10.335,113.66,19.9,6.2,mwb,"221 km SSW of Gambiran Satu, Indonesia",1994,6
1994-06-13 21:15:02.650000+00:00,-5.472,151.841,17.5,6.2,mw,"New Britain region, Papua New Guinea",1994,6
1994-06-06 20:47:40.530000+00:00,2.917,-76.057,12.1,6.8,mw,"23 km E of Toribío, Colombia",1994,6
1994-06-05 01:45:02.160000+00:00,-10.349,113.398,25.9,6.1,mw,"228 km S of Kencong, Indonesia",1994,6
1994-06-05 01:09:30.150000+00:00,24.511,121.905,11.4,6.4,mwb,"31 km SSE of Yilan, Taiwan",1994,6
1994-06-04 00:57:50.660000+00:00,-10.777,113.366,11.2,6.5,mw,"275 km S of Kencong, Indonesia",1994,6
1994-06-03 21:06:59.880000+00:00,-10.362,112.892,25.9,6.6,mw,"235 km SSW of Kencong, Indonesia",1994,6
1994-06-02 18:17:34.020000+00:00,-10.477,112.835,18.4,7.8,mw,"249 km SSW of Kencong, Indonesia",1994,6
1994-05-31 17:41:55.580000+00:00,7.414,-72.033,11.6,6.0,mw,"44 km SSE of San Cristóbal, Venezuela",1994,5
1994-05-29 14:11:50.960000+00:00,20.556,94.16,35.6,6.5,mw,"74 km W of Yenangyaung, Myanmar",1994,5
1994-05-26 08:26:52.430000+00:00,35.305,-4.103,9.7,6.0,mw,"15 km WNW of Tirhanimîne, Morocco",1994,5
1994-05-25 04:03:41.260000+00:00,-4.199,135.489,33.0,6.5,mwb,"92 km S of Nabire, Indonesia",1994,5
1994-05-24 04:00:42.180000+00:00,23.959,122.448,16.3,6.6,mwb,"79 km SW of Yonakuni, Japan",1994,5
1994-05-23 05:36:01.630000+00:00,24.166,122.535,19.8,6.2,mwb,"57 km SW of Yonakuni, Japan",1994,5
1994-05-23 01:41:42.290000+00:00,18.165,-100.527,55.3,6.3,mw,"4 km W of San Cristóbal, Mexico",1994,5
1994-05-18 03:54:00.550000+00:00,44.727,149.401,26.0,6.2,mw,"132 km ESE of Kuril’sk, Russia",1994,5
1994-05-11 21:14:33.760000+00:00,-2.056,99.669,28.0,6.1,mwb,"144 km SSW of Padang, Indonesia",1994,5
1994-05-11 08:18:15.670000+00:00,-2.008,99.77,20.5,6.5,mwb,"133 km SSW of Padang, Indonesia",1994,5
1994-05-03 16:36:43.650000+00:00,10.241,-60.758,36.0,6.2,mwb,"46 km E of Rio Claro, Trinidad and Tobago",1994,5
1994-05-02 17:14:00.880000+00:00,-1.116,97.487,15.1,6.1,mw,"298 km W of Pariaman, Indonesia",1994,5
1994-05-01 12:00:35.760000+00:00,36.901,67.163,18.5,6.1,mwb,Central Afghanistan,1994,5
1994-04-27 14:11:45.150000+00:00,13.074,119.545,9.7,6.0,mw,"99 km NNW of Buluang, Philippines",1994,4
1994-04-27 09:23:26.270000+00:00,-21.515,-173.667,28.1,6.3,mwb,"134 km E of ‘Ohonua, Tonga",1994,4
1994-04-23 15:00:52.770000+00:00,-14.175,167.537,10.8,6.2,mwb,"33 km S of Sola, Vanuatu",1994,4
1994-04-21 03:51:44.560000+00:00,-5.702,154.12,28.0,6.7,mw,"165 km WNW of Panguna, Papua New Guinea",1994,4
1994-04-18 17:29:54.140000+00:00,-6.47,154.934,26.3,6.7,mwb,"63 km WSW of Panguna, Papua New Guinea",1994,4
1994-04-13 22:22:29.900000+00:00,-3.136,135.968,28.5,6.5,mw,"57 km ENE of Nabire, Indonesia",1994,4
1994-04-10 23:45:55.760000+00:00,23.71,126.852,10.2,6.1,mw,"198 km SE of Hirara, Japan",1994,4
1994-04-08 01:10:40.840000+00:00,40.608,143.683,13.3,6.4,mwb,"182 km NE of Miyako, Japan",1994,4
1994-04-06 12:13:44.970000+00:00,-17.371,167.816,17.4,6.2,mw,"66 km NW of Port-Vila, Vanuatu",1994,4
1994-04-05 09:35:44.880000+00:00,51.296,-178.152,19.6,6.2,mwb,"123 km WSW of Adak, Alaska",1994,4
1994-03-15 03:36:19.930000+00:00,11.11,-88.083,14.5,6.4,mwb,"181 km SSW of Corinto, Nicaragua",1994,3
1994-03-14 04:30:15.750000+00:00,-1.278,-23.569,10.0,7.0,mw,central Mid-Atlantic Ridge,1994,3
1994-03-14 04:30:07.660000+00:00,-1.083,-23.929,10.0,6.0,mb,central Mid-Atlantic Ridge,1994,3
1994-03-01 03:49:00.830000+00:00,29.096,52.617,12.9,6.1,mw,"22 km SW of Akbar?b?d, Iran",1994,3
1994-02-26 02:31:11.090000+00:00,30.897,60.549,9.4,6.1,mw,"91 km W of Z?bol, Iran",1994,2
1994-02-24 00:11:12.320000+00:00,30.775,60.495,9.6,6.3,mw,"99 km WSW of Z?bol, Iran",1994,2
1994-02-23 08:02:04.720000+00:00,30.853,60.596,6.0,6.1,mw,"88 km WSW of Z?bol, Iran",1994,2
1994-02-20 01:54:35.760000+00:00,2.059,126.475,28.4,6.0,mw,"172 km NW of Ternate, Indonesia",1994,2
1994-02-18 13:41:27.780000+00:00,-20.493,169.072,12.8,6.0,mwb,"107 km SSW of Isangel, Vanuatu",1994,2
1994-02-18 04:19:07.570000+00:00,-45.33,96.232,10.0,6.3,mw,southeast Indian Ridge,1994,2
1994-02-16 22:03:08.950000+00:00,-20.23,168.925,10.8,6.1,mwb,"84 km SSW of Isangel, Vanuatu",1994,2
1994-02-16 06:48:58.040000+00:00,-18.991,168.134,13.3,6.4,mw,"135 km WNW of Isangel, Vanuatu",1994,2
1994-02-16 06:46:57.020000+00:00,-20.094,168.906,12.9,6.0,mwb,"72 km SSW of Isangel, Vanuatu",1994,2
1994-02-15 21:11:56.420000+00:00,-20.399,168.866,19.5,6.5,mw,"104 km SSW of Isangel, Vanuatu",1994,2
1994-02-15 17:07:43.800000+00:00,-4.967,104.302,23.1,6.9,mw,"66 km WSW of Kotabumi, Indonesia",1994,2
1994-02-15 15:08:17.760000+00:00,-20.563,169.393,30.4,6.0,mwb,"113 km S of Isangel, Vanuatu",1994,2
1994-02-12 17:58:23.990000+00:00,-20.553,169.361,27.7,7.0,mwb,"112 km S of Isangel, Vanuatu",1994,2
1994-02-12 04:16:26.890000+00:00,-10.786,-128.798,15.0,6.7,mw,South Pacific Ocean,1994,2
1994-02-05 23:34:09.970000+00:00,0.593,30.037,14.2,6.2,mwb,"13 km SSW of Bundibugyo, Uganda",1994,2
1994-02-01 22:14:23.340000+00:00,-11.315,163.863,37.7,6.1,mw,"221 km WSW of Lata, Solomon Islands",1994,2
1994-01-30 20:57:43.480000+00:00,-29.184,-177.589,60.8,6.0,mw,"Kermadec Islands, New Zealand",1994,1
1994-01-25 07:12:44.880000+00:00,10.601,-41.715,29.5,6.3,mw,northern Mid-Atlantic Ridge,1994,1
1994-01-21 02:24:29.960000+00:00,1.015,127.733,19.9,7.0,mwb,"36 km NNE of Sofifi, Indonesia",1994,1
1994-01-19 01:53:34.900000+00:00,-3.176,135.97,23.2,6.8,mw,"55 km ENE of Nabire, Indonesia",1994,1
1994-01-17 12:30:55.390000+00:00,34.213,-118.537,18.202,6.7,mw,"Northridge, California, earthquake",1994,1
1994-01-11 00:51:56.380000+00:00,25.231,97.203,9.9,6.1,mw,"25 km SW of Myitkyina, Myanmar",1994,1
1994-01-04 19:31:59.880000+00:00,-4.301,135.145,11.0,6.0,mwb,"111 km SSW of Nabire, Indonesia",1994,1
1994-01-03 13:24:13.840000+00:00,-49.265,164.222,15.5,6.1,mw,"Auckland Islands, New Zealand region",1994,1
1993-12-29 08:39:44.830000+00:00,-19.99,169.857,33.0,6.5,mw,"78 km SE of Isangel, Vanuatu",1993,12
1993-12-29 07:48:14.200000+00:00,-20.23,169.789,33.0,7.0,mw,"92 km SE of Isangel, Vanuatu",1993,12
1993-12-20 13:56:14.870000+00:00,-6.876,131.34,7.7,6.3,mwb,"208 km SW of Tual, Indonesia",1993,12
1993-12-16 20:11:21.990000+00:00,53.804,171.382,9.1,6.1,mwb,"160 km NW of Attu Station, Alaska",1993,12
1993-12-14 06:31:19.330000+00:00,-20.704,-173.451,30.6,6.0,mw,"136 km SE of Pangai, Tonga",1993,12
1993-12-10 08:59:35.820000+00:00,20.912,121.282,12.0,6.1,mwb,"88 km NW of Basco, Philippines",1993,12
1993-12-09 11:38:27.960000+00:00,0.425,125.891,15.9,6.8,mw,Molucca Sea,1993,12
1993-12-09 04:32:19.520000+00:00,0.486,125.995,14.5,6.9,mw,"150 km SE of Tondano, Indonesia",1993,12
1993-11-26 23:20:04.170000+00:00,-9.597,158.148,17.1,6.2,mw,"172 km W of Malango, Solomon Islands",1993,11
1993-11-25 08:31:14.820000+00:00,-22.035,170.094,32.4,6.0,mw,"235 km ESE of Tadine, New Caledonia",1993,11
1993-11-19 01:43:23.780000+00:00,54.287,-164.164,30.3,6.5,mw,"79 km SW of False Pass, Alaska",1993,11
1993-11-17 11:18:51.620000+00:00,51.816,158.659,33.2,6.0,mwb,"125 km S of Vilyuchinsk, Russia",1993,11
1993-11-13 01:18:04.180000+00:00,51.934,158.647,34.0,7.0,mw,"112 km S of Vilyuchinsk, Russia",1993,11
1993-11-13 00:16:49.010000+00:00,16.288,-98.638,19.6,6.0,mwb,"18 km SW of Montecillos, Mexico",1993,11
1993-11-11 10:13:55.320000+00:00,-4.543,153.147,45.8,6.0,mw,"99 km ESE of Kokopo, Papua New Guinea",1993,11
1993-11-11 00:28:33.540000+00:00,50.2,-177.446,18.8,6.0,mwb,"194 km SSW of Adak, Alaska",1993,11
1993-11-05 22:37:20.180000+00:00,-3.188,148.339,14.4,6.2,mw,"174 km SE of Lorengau, Papua New Guinea",1993,11
1993-10-25 11:59:48.030000+00:00,-5.858,146.016,26.5,6.1,ms,"50 km NNE of Kainantu, Papua New Guinea",1993,10
1993-10-25 10:27:04.510000+00:00,-5.909,145.99,30.4,6.7,mwb,"44 km NNE of Kainantu, Papua New Guinea",1993,10
1993-10-24 07:52:15.630000+00:00,16.755,-98.717,20.7,6.7,mwb,"1 km ENE of Jolotichán, Mexico",1993,10
1993-10-16 03:05:30.300000+00:00,-5.898,146.202,27.1,6.3,mwb,"57 km NE of Kainantu, Papua New Guinea",1993,10
1993-10-14 12:02:35.560000+00:00,-50.436,139.904,10.0,6.0,mw,western Indian-Antarctic Ridge,1993,10
1993-10-13 05:50:42.580000+00:00,-6.013,146.061,33.0,6.0,mw,"37 km NE of Kainantu, Papua New Guinea",1993,10
1993-10-13 03:07:30.990000+00:00,-5.932,146.153,33.0,6.5,mw,"50 km NE of Kainantu, Papua New Guinea",1993,10
1993-10-13 02:06:00.340000+00:00,-5.889,146.02,25.3,6.9,mw,"47 km NNE of Kainantu, Papua New Guinea",1993,10
1993-10-05 05:09:45.760000+00:00,-6.13,128.965,13.1,6.6,mwb,"282 km SSE of Ambon, Indonesia",1993,10
1993-10-04 20:54:38.340000+00:00,-21.437,-174.301,34.2,6.0,mwb,"68 km E of ‘Ohonua, Tonga",1993,10
1993-10-02 16:02:00.710000+00:00,-3.444,148.805,36.8,6.0,mw,"231 km SE of Lorengau, Papua New Guinea",1993,10
1993-10-02 08:42:32.710000+00:00,38.19,88.663,14.1,6.1,mw,"southern Xinjiang, China",1993,10
1993-09-30 18:27:50.810000+00:00,15.417,-94.698,19.2,6.5,mw,"90 km S of San Francisco del Mar Viejo, Mexico",1993,9
1993-09-29 22:25:48.620000+00:00,18.066,76.451,6.8,6.2,mwb,"20 km SSW of Ausa, India",1993,9
1993-09-29 18:26:20.290000+00:00,-42.677,-18.385,10.0,6.0,mw,southern Mid-Atlantic Ridge,1993,9
1993-09-27 13:37:32.970000+00:00,-53.651,-51.621,33.0,6.6,mw,South Atlantic Ocean,1993,9
1993-09-26 03:31:14.630000+00:00,9.997,138.222,10.0,6.3,mw,"54 km NNE of Colonia, Micronesia",1993,9
1993-09-22 12:37:03.520000+00:00,-6.47,154.901,27.5,6.1,mwb,"66 km WSW of Panguna, Papua New Guinea",1993,9
1993-09-21 05:45:35.230000+00:00,42.3575,-122.0583333,8.53,6.0,md,"27 km WNW of Klamath Falls, Oregon",1993,9
1993-09-20 10:17:42.060000+00:00,0.75,-29.354,10.0,6.3,mwb,central Mid-Atlantic Ridge,1993,9
1993-09-19 14:10:56.180000+00:00,14.362,-93.325,18.0,6.4,mw,"105 km WSW of Puerto Madero, Mexico",1993,9
1993-09-13 12:37:51.930000+00:00,-29.492,-177.136,19.7,6.3,mwb,"Kermadec Islands, New Zealand",1993,9
1993-09-12 03:22:38.500000+00:00,13.826,-90.429,68.2,6.0,mw,"27 km S of Taxisco, Guatemala",1993,9
1993-09-10 19:12:54.620000+00:00,14.717,-92.645,34.1,7.2,mw,"24 km W of Puerto Madero, Mexico",1993,9
1993-09-10 18:58:57.020000+00:00,14.415,-92.764,63.3,6.0,mw,"50 km SW of Puerto Madero, Mexico",1993,9
1993-09-07 02:48:50.850000+00:00,-31.635,-179.44,10.0,6.5,mwb,Kermadec Islands region,1993,9
1993-09-06 03:56:00.100000+00:00,-4.641,153.231,49.0,6.6,mw,"111 km ESE of Kokopo, Papua New Guinea",1993,9
1993-09-04 21:39:33.840000+00:00,-9.571,122.528,32.5,6.2,mw,"110 km SSE of Maumere, Indonesia",1993,9
1993-09-03 12:35:00.270000+00:00,14.523,-92.713,26.5,6.8,mwb,"38 km SW of Puerto Madero, Mexico",1993,9
1993-09-01 14:03:19.160000+00:00,2.986,96.122,34.0,6.3,mw,"62 km NNW of Sinabang, Indonesia",1993,9
1993-08-25 05:25:32.270000+00:00,-44.718,-79.958,10.0,6.2,mw,"Off the coast of Aisen, Chile",1993,8
1993-08-20 05:06:53.850000+00:00,-5.997,142.743,14.6,6.2,mwb,"28 km SW of Tari, Papua New Guinea",1993,8
1993-08-16 04:33:48.440000+00:00,12.966,144.972,18.3,6.0,mw,"41 km SE of Inarajan Village, Guam",1993,8
1993-08-11 14:17:37.720000+00:00,13.178,145.651,21.6,6.2,mwb,"91 km ESE of Yigo Village, Guam",1993,8
1993-08-10 09:46:35.350000+00:00,-38.52,177.553,14.4,6.4,mw,"42 km WNW of Gisborne, New Zealand",1993,8
1993-08-10 00:51:53.250000+00:00,-45.277,166.927,28.1,7.0,mw,"63 km WNW of Te Anau, New Zealand",1993,8
1993-08-08 08:34:24.930000+00:00,12.982,144.801,59.3,7.8,mw,"32 km S of Inarajan Village, Guam",1993,8
1993-08-07 19:42:41.910000+00:00,41.985,139.839,13.8,6.5,mwb,"69 km WNW of Kamiiso, Japan",1993,8
1993-08-04 11:31:18.030000+00:00,-1.629,99.615,31.6,6.5,mwb,"111 km SW of Padang, Indonesia",1993,8
1993-08-03 12:43:05.360000+00:00,28.729,34.553,10.0,6.1,mw,"27 km NNE of Dahab, Egypt",1993,8
1993-08-03 07:19:59.580000+00:00,51.188,-130.797,10.0,6.0,mw,"269 km WNW of Port McNeill, Canada",1993,8
1993-07-28 18:07:48.260000+00:00,-5.573,154.132,25.9,6.2,mwb,"170 km WNW of Panguna, Papua New Guinea",1993,7
1993-07-22 06:16:09.490000+00:00,-54.439,-119.333,10.0,6.0,mw,southern East Pacific Rise,1993,7
1993-07-22 04:57:07.050000+00:00,6.47,-71.21,20.3,6.1,mwb,"24 km NNW of Puerto Rondón, Colombia",1993,7
1993-07-12 16:01:07.170000+00:00,42.825,139.288,28.5,6.0,mb,"101 km W of Iwanai, Japan",1993,7
1993-07-12 14:45:05.570000+00:00,43.124,139.183,33.0,6.3,ms,"109 km W of Iwanai, Japan",1993,7
1993-07-12 13:17:11.960000+00:00,42.851,139.197,16.7,7.7,mw,"107 km W of Iwanai, Japan",1993,7
1993-07-11 13:36:21.240000+00:00,-25.304,-70.166,47.5,6.6,mw,"34 km ENE of Taltal, Chile",1993,7
1993-07-08 18:22:17.810000+00:00,-20.858,172.317,33.0,6.0,mw,Vanuatu region,1993,7
1993-07-06 02:53:03.780000+00:00,-24.601,-111.888,10.0,6.4,mw,Easter Island region,1993,7
1993-06-30 23:47:33.940000+00:00,-20.836,172.957,12.6,6.7,mw,Vanuatu region,1993,6
1993-06-29 07:07:11.580000+00:00,-60.437,152.775,10.0,6.4,mw,west of Macquarie Island,1993,6
1993-06-18 19:34:37.730000+00:00,-28.817,-176.803,28.9,6.0,ms,Kermadec Islands region,1993,6
1993-06-18 17:57:46.610000+00:00,-28.678,-176.893,10.7,6.7,mwb,Kermadec Islands region,1993,6
1993-06-18 11:52:51.680000+00:00,-29.053,-176.753,15.6,6.6,mw,Kermadec Islands region,1993,6
1993-06-12 20:33:25.700000+00:00,51.259,157.692,44.2,6.3,mwb,"87 km ESE of Ozernovskiy, Russia",1993,6
1993-06-12 18:26:42.220000+00:00,-4.375,135.118,9.9,6.1,mwb,"120 km SSW of Nabire, Indonesia",1993,6
1993-06-12 05:45:21.210000+00:00,-11.14,162.937,14.9,6.1,mwb,"134 km SE of Kirakira, Solomon Islands",1993,6
1993-06-06 13:23:20.860000+00:00,15.823,146.595,13.5,6.5,mwb,"112 km NE of Saipan, Northern Mariana Islands",1993,6
1993-06-04 10:49:33.650000+00:00,3.734,128.497,20.4,6.0,mw,"228 km NNE of Tobelo, Indonesia",1993,6
1993-05-29 06:50:13.420000+00:00,19.072,-26.476,12.0,6.4,mwb,"253 km NW of Ponta do Sol, Cabo Verde",1993,5
1993-05-25 23:16:43.440000+00:00,55.021,-160.513,36.8,6.2,mwb,"35 km S of Sand Point, Alaska",1993,5
1993-05-17 23:20:50.250000+00:00,37.165,-117.774,3.599,6.1,mw,"46km E of Big Pine, California",1993,5
1993-05-17 16:02:53.120000+00:00,-5.343,151.985,17.3,6.4,mw,"114 km SSW of Kokopo, Papua New Guinea",1993,5
1993-05-16 21:44:48.940000+00:00,-15.286,-173.332,21.3,6.6,mw,"89 km NE of Hihifo, Tonga",1993,5
1993-05-15 21:52:25.340000+00:00,51.374,-178.669,32.0,6.9,mw,"151 km WSW of Adak, Alaska",1993,5
1993-05-15 03:12:32.720000+00:00,16.698,-98.395,20.8,6.1,mw,"1 km ENE of Ometepec, Mexico",1993,5
1993-05-15 03:09:38.190000+00:00,16.673,-98.417,19.7,6.0,mwb,"2 km SSW of Ometepec, Mexico",1993,5
1993-05-13 11:59:49.250000+00:00,55.177,-160.458,32.3,6.9,mw,"17 km S of Sand Point, Alaska",1993,5
1993-05-11 18:26:51.320000+00:00,7.219,126.57,58.7,7.0,mwb,"3 km E of Manay, Philippines",1993,5
1993-05-02 11:26:54.870000+00:00,-56.415,-24.491,12.9,6.4,mwb,South Sandwich Islands region,1993,5
1993-04-25 00:07:08.730000+00:00,-15.679,-172.96,33.0,6.0,mw,"94 km ENE of Hihifo, Tonga",1993,4
1993-04-19 21:01:48.940000+00:00,4.015,128.204,23.6,6.8,mw,"253 km N of Tobelo, Indonesia",1993,4
1993-04-18 14:10:38.420000+00:00,-53.958,-133.868,10.0,6.3,mw,Pacific-Antarctic Ridge,1993,4
1993-04-17 20:32:44.510000+00:00,-16.595,-177.397,9.7,6.3,mw,"264 km SSE of Alo, Wallis and Futuna",1993,4
1993-04-05 04:00:05.390000+00:00,-59.801,-26.312,33.0,6.3,mwb,South Sandwich Islands region,1993,4
1993-04-02 08:04:11.770000+00:00,-17.373,-171.921,9.3,6.0,mwb,"254 km SE of Hihifo, Tonga",1993,4
1993-03-25 07:08:18.930000+00:00,41.8,143.467,33.9,6.0,mw,"108 km ESE of Shizunai-furukawach?, Japan",1993,3
1993-03-20 14:51:59.770000+00:00,29.084,87.333,12.2,6.2,mw,"135 km NNE of Lobujya, Nepal",1993,3
1993-03-19 01:48:05.190000+00:00,-26.742,-70.966,29.3,6.0,mw,"93 km NW of Copiapó, Chile",1993,3
1993-03-15 16:08:57.880000+00:00,-26.708,-70.918,28.9,6.7,mwb,"93 km NW of Copiapó, Chile",1993,3
1993-03-12 14:01:35.400000+00:00,-14.385,-178.252,9.6,6.4,mwb,Fiji region,1993,3
1993-03-10 12:39:23.900000+00:00,-59.7,-25.719,33.0,6.5,mw,South Sandwich Islands region,1993,3
1993-03-09 07:45:43.670000+00:00,-59.624,-25.709,33.0,6.3,mw,South Sandwich Islands region,1993,3
1993-03-09 01:29:14.640000+00:00,-55.678,146.999,10.0,6.2,mw,west of Macquarie Island,1993,3
1993-03-06 16:26:56.960000+00:00,-11.062,163.386,25.3,6.7,mw,"173 km ESE of Kirakira, Solomon Islands",1993,3
1993-03-06 10:02:06.950000+00:00,-26.536,-177.355,18.2,6.6,mwb,south of the Fiji Islands,1993,3
1993-03-06 05:50:02.750000+00:00,-11.025,163.921,27.5,6.0,ms,"207 km W of Lata, Solomon Islands",1993,3
1993-03-06 03:05:49.870000+00:00,-10.972,164.181,20.4,7.1,mwb,"178 km W of Lata, Solomon Islands",1993,3
1993-03-03 23:14:25.910000+00:00,-13.342,175.009,13.9,6.0,mw,Fiji region,1993,3
1993-02-18 10:10:48.460000+00:00,-0.457,-19.454,10.0,6.3,mw,central Mid-Atlantic Ridge,1993,2
1993-02-13 10:55:56.150000+00:00,-14.926,-176.924,33.0,6.2,mw,"144 km ESE of Alo, Wallis and Futuna",1993,2
1993-02-07 13:27:42.010000+00:00,37.634,137.245,10.6,6.6,mwb,"69 km NNE of Nanao, Japan",1993,2
1993-01-20 17:31:15.570000+00:00,-7.205,128.566,33.0,6.4,mw,"226 km NE of Lospalos, Timor Leste",1993,1
1993-01-20 02:30:54.730000+00:00,3.144,97.633,67.8,6.2,mwb,"95 km W of Kabanjahe, Indonesia",1993,1
1993-01-13 18:50:42.510000+00:00,-50.791,139.505,9.9,6.3,mw,western Indian-Antarctic Ridge,1993,1
1993-01-10 14:39:00.390000+00:00,-59.274,-26.205,61.0,6.7,mwb,South Sandwich Islands region,1993,1
1993-01-04 20:41:11.200000+00:00,-22.055,-174.866,33.0,6.0,mw,"80 km S of ‘Ohonua, Tonga",1993,1
1992-12-31 20:17:08.640000+00:00,-32.015,-178.025,16.4,6.4,mwb,south of the Kermadec Islands,1992,12
1992-12-26 19:52:24.900000+00:00,-0.564,-19.318,27.1,6.8,mw,central Mid-Atlantic Ridge,1992,12
1992-12-24 00:34:13.810000+00:00,-15.293,-173.128,23.4,6.3,mw,"102 km NE of Hihifo, Tonga",1992,12
1992-12-19 12:14:22.080000+00:00,51.906,158.411,53.0,6.1,mwb,"114 km S of Vilyuchinsk, Russia",1992,12
1992-12-18 03:14:04.240000+00:00,-6.487,147.144,29.3,6.1,mw,"30 km NNE of Lae, Papua New Guinea",1992,12
1992-12-12 06:38:29.490000+00:00,-8.517,121.928,20.8,6.1,mb,"33 km WNW of Maumere, Indonesia",1992,12
1992-12-12 05:29:26.350000+00:00,-8.48,121.896,27.7,7.8,mw,"37 km WNW of Maumere, Indonesia",1992,12
1992-12-08 07:08:39.920000+00:00,9.291,93.479,66.0,6.0,mw,"274 km SSE of Port Blair, India",1992,12
1992-12-07 02:11:42.390000+00:00,43.949,147.145,45.2,6.0,mw,"37 km ENE of Shikotan, Russia",1992,12
1992-12-01 00:23:22.840000+00:00,-20.864,169.234,32.3,6.0,mwb,"146 km S of Isangel, Vanuatu",1992,12
1992-11-30 09:32:37.570000+00:00,35.692,-34.584,19.6,6.0,mwb,Azores Islands region,1992,11
1992-11-28 03:13:33.360000+00:00,-31.33,-71.992,11.7,6.5,mw,"85 km WNW of Illapel, Chile",1992,11
1992-11-21 22:39:32.920000+00:00,-56.665,-26.405,20.1,6.6,mw,South Sandwich Islands region,1992,11
1992-11-11 21:26:14.090000+00:00,51.203,-179.238,33.0,6.2,mw,"195 km WSW of Adak, Alaska",1992,11
1992-11-08 03:43:20.480000+00:00,-15.727,-179.703,9.7,6.7,mw,"126 km NE of Labasa, Fiji",1992,11
1992-11-06 19:08:09.250000+00:00,38.16,26.998,17.2,6.1,mwb,"14 km ESE of Seferihisar, Turkey",1992,11
1992-11-05 19:53:22.970000+00:00,-5.263,152.575,19.8,6.2,mw,"107 km SSE of Kokopo, Papua New Guinea",1992,11
1992-11-04 21:32:33.990000+00:00,-31.565,-71.565,18.8,6.0,mw,"38 km WNW of Illapel, Chile",1992,11
1992-11-04 18:13:13.460000+00:00,-14.238,167.641,14.1,6.4,mw,"41 km SSE of Sola, Vanuatu",1992,11
1992-11-04 01:59:26.900000+00:00,-61.542,154.573,10.0,6.4,mw,Balleny Islands region,1992,11
1992-10-31 14:46:27.010000+00:00,-2.298,141.256,28.9,6.1,ms,"42 km N of Vanimo, Papua New Guinea",1992,10
1992-10-31 14:34:22.480000+00:00,-2.321,141.262,5.7,6.5,mwb,"40 km N of Vanimo, Papua New Guinea",1992,10
1992-10-29 07:29:57.640000+00:00,6.834,124.006,33.0,6.2,mw,"3 km NNW of Gadung, Philippines",1992,10
1992-10-25 00:29:18.370000+00:00,-29.9,-177.352,26.3,6.0,mw,"Kermadec Islands, New Zealand",1992,10
1992-10-24 08:23:01.120000+00:00,-29.536,-177.279,18.7,6.6,mw,"Kermadec Islands, New Zealand",1992,10
1992-10-23 23:19:45.200000+00:00,42.589,45.104,16.4,6.4,mw,"38 km ESE of St’epants’minda, Georgia",1992,10
1992-10-23 21:24:36.140000+00:00,-9.469,122.56,33.0,6.2,mw,"101 km SSE of Maumere, Indonesia",1992,10
1992-10-23 13:04:40.710000+00:00,-5.352,152.616,30.7,6.4,mw,"118 km SSE of Kokopo, Papua New Guinea",1992,10
1992-10-22 23:08:27.180000+00:00,-30.125,-177.0,15.7,6.5,mwb,"Kermadec Islands, New Zealand",1992,10
1992-10-22 09:04:23.400000+00:00,-30.227,-177.205,26.3,6.6,mw,"Kermadec Islands, New Zealand",1992,10
1992-10-21 12:11:13.880000+00:00,-6.87,144.174,19.3,6.2,mw,"68 km SSE of Ialibu, Papua New Guinea",1992,10
1992-10-20 04:40:01.720000+00:00,55.52,166.303,27.0,6.0,mw,"252 km ESE of Ust’-Kamchatsk Staryy, Russia",1992,10
1992-10-19 12:03:30.130000+00:00,-19.385,169.593,20.6,6.2,mw,"37 km ENE of Isangel, Vanuatu",1992,10
1992-10-18 15:11:59.110000+00:00,7.075,-76.862,10.0,7.2,mwb,"11 km NNW of Murindó, Colombia",1992,10
1992-10-17 08:32:40.510000+00:00,6.845,-76.806,14.3,6.7,mw,"15 km S of Murindó, Colombia",1992,10
1992-10-17 02:51:50.920000+00:00,-19.226,169.553,11.8,6.5,mw,"45 km NE of Isangel, Vanuatu",1992,10
1992-10-15 22:37:05.910000+00:00,-14.537,166.711,25.0,6.8,mw,"68 km NW of Port-Olry, Vanuatu",1992,10
1992-10-06 10:28:22.920000+00:00,-5.425,151.175,49.5,6.2,mwb,"115 km E of Kimbe, Papua New Guinea",1992,10
1992-10-01 05:02:34.190000+00:00,51.123,-177.997,14.8,6.1,mwb,"126 km SW of Adak, Alaska",1992,10
1992-09-30 09:42:50.950000+00:00,51.148,-178.175,13.7,6.1,mw,"134 km SW of Adak, Alaska",1992,9
1992-09-30 05:34:00.300000+00:00,51.281,-178.037,33.0,6.6,mwb,"117 km SW of Adak, Alaska",1992,9
1992-09-30 03:27:59.140000+00:00,51.41,-178.63,26.0,6.0,mwb,"147 km WSW of Adak, Alaska",1992,9
1992-09-28 14:06:02.640000+00:00,24.121,122.648,29.6,6.4,mwb,"52 km SW of Yonakuni, Japan",1992,9
1992-09-28 07:41:28.690000+00:00,13.474,-90.675,67.1,6.0,mw,"50 km S of Iztapa, Guatemala",1992,9
1992-09-26 22:15:57.510000+00:00,1.289,129.118,27.7,6.7,mwb,"132 km ESE of Tobelo, Indonesia",1992,9
1992-09-24 18:17:10.960000+00:00,-61.22,154.359,10.0,6.1,mw,Balleny Islands region,1992,9
1992-09-11 03:57:26.500000+00:00,-6.087,26.651,10.8,6.4,mwb,"29 km W of Kabalo, Democratic Republic of the Congo",1992,9
1992-09-10 10:43:20.380000+00:00,-22.562,-174.974,37.7,6.0,mw,"136 km S of ‘Ohonua, Tonga",1992,9
1992-09-09 13:08:54.830000+00:00,76.208,7.286,24.0,6.1,mw,Svalbard region,1992,9
1992-09-05 21:48:12.120000+00:00,11.999,-87.319,10.0,6.0,mw,"55 km SSW of Corinto, Nicaragua",1992,9
1992-09-02 18:28:56.590000+00:00,11.302,-86.725,10.0,6.0,mw,"58 km SSW of Masachapa, Nicaragua",1992,9
1992-09-02 00:16:01.690000+00:00,11.742,-87.34,44.8,7.7,mw,"83 km SSW of Corinto, Nicaragua",1992,9
1992-08-28 18:18:46.440000+00:00,-0.965,-13.562,15.5,6.9,mwb,north of Ascension Island,1992,8
1992-08-19 03:20:27.940000+00:00,42.104,73.237,18.5,6.6,ms,"35 km NE of Toktogul, Kyrgyzstan",1992,8
1992-08-19 03:12:04.970000+00:00,42.107,73.264,21.1,6.3,ms,"37 km NE of Toktogul, Kyrgyzstan",1992,8
1992-08-19 02:12:57.480000+00:00,42.1,73.543,33.0,6.1,mb,"55 km ENE of Toktogul, Kyrgyzstan",1992,8
1992-08-19 02:04:37.410000+00:00,42.142,73.575,27.4,7.3,mwb,"60 km ENE of Toktogul, Kyrgyzstan",1992,8
1992-08-19 00:57:40.270000+00:00,50.502,-174.922,9.9,6.1,mw,"193 km SE of Adak, Alaska",1992,8
1992-08-13 20:43:00.290000+00:00,-6.103,148.875,44.5,6.2,mwb,"75 km W of Kandrian, Papua New Guinea",1992,8
1992-08-11 15:14:55.130000+00:00,32.536,141.641,15.5,6.4,mwb,"Izu Islands, Japan region",1992,8
1992-08-07 18:19:20.440000+00:00,57.589,-142.846,13.6,6.9,mwb,"283 km SW of Yakutat, Alaska",1992,8
1992-08-02 05:50:11.690000+00:00,-0.883,127.582,18.9,6.3,mwb,"179 km S of Sofifi, Indonesia",1992,8
1992-07-30 08:24:46.650000+00:00,29.584,90.163,14.1,6.1,mwb,"68 km SW of Dêqên, China",1992,7
1992-07-29 04:30:47.720000+00:00,39.495,143.501,15.9,6.2,mwb,"133 km E of Yamada, Japan",1992,7
1992-07-20 07:46:46.740000+00:00,78.562,5.523,10.0,6.7,mw,"230 km W of Longyearbyen, Svalbard and Jan Mayen",1992,7
1992-07-18 21:18:57.480000+00:00,39.324,143.011,36.7,6.0,mw,"92 km E of Yamada, Japan",1992,7
1992-07-18 13:56:54.480000+00:00,39.48,142.956,27.2,6.1,mwb,"86 km E of Yamada, Japan",1992,7
1992-07-18 10:20:11.940000+00:00,39.436,143.026,26.7,6.4,mw,"92 km E of Yamada, Japan",1992,7
1992-07-18 08:39:05.790000+00:00,39.675,143.027,34.7,6.1,mb,"93 km E of Miyako, Japan",1992,7
1992-07-18 08:36:58.700000+00:00,39.419,143.33,28.6,6.9,mw,"118 km E of Yamada, Japan",1992,7
1992-07-13 15:34:04.580000+00:00,51.171,157.626,45.1,6.2,mw,"86 km ESE of Ozernovskiy, Russia",1992,7
1992-07-12 11:08:55.360000+00:00,41.457,142.031,63.8,6.2,mw,"70 km ENE of Mutsu, Japan",1992,7
1992-07-10 09:31:27.590000+00:00,44.695,149.482,19.9,6.5,mw,"139 km ESE of Kuril’sk, Russia",1992,7
1992-06-28 15:05:30.730000+00:00,34.203,-116.827,3.634,6.3,mw,"The 1992 Big Bear, California Earthquake",1992,6
1992-06-25 06:30:51+00:00,-28.314,-176.716,20.0,6.5,mw,Kermadec Islands region,1992,6
1992-06-23 11:21:21.550000+00:00,-36.104,-101.22,10.0,6.1,mw,southeast of Easter Island,1992,6
1992-06-22 04:00:41+00:00,-60.728,-21.969,11.8,6.5,mwb,east of the South Sandwich Islands,1992,6
1992-06-21 17:43:08.840000+00:00,-37.689,176.861,10.0,6.2,mw,"31 km NNW of Whakatane, New Zealand",1992,6
1992-06-17 08:39:15.420000+00:00,-60.373,-57.074,10.0,6.2,mwb,South Shetland Islands,1992,6
1992-06-15 02:48:56.250000+00:00,24.027,95.932,17.3,6.3,mw,"134 km W of Bhamo, Myanmar",1992,6
1992-06-10 02:13:45.460000+00:00,1.084,124.089,30.5,6.0,mw,"83 km WSW of Tomohon, Indonesia",1992,6
1992-06-09 00:31:56.310000+00:00,-8.474,111.1,63.9,6.1,mw,"65 km S of Jatiroto, Indonesia",1992,6
1992-06-06 21:40:40.810000+00:00,1.068,124.04,17.5,6.0,mw,"89 km WSW of Tomohon, Indonesia",1992,6
1992-06-04 04:04:03.560000+00:00,28.018,128.051,17.3,6.0,mw,"145 km WSW of Naze, Japan",1992,6
1992-06-03 06:10:54.320000+00:00,51.13,178.743,21.9,6.2,mw,"Rat Islands, Aleutian Islands, Alaska",1992,6
1992-06-02 21:05:00.830000+00:00,-16.138,92.844,13.9,6.2,mw,South Indian Ocean,1992,6
1992-05-30 16:30:01.950000+00:00,14.442,-92.931,54.9,6.3,mw,"62 km WSW of Puerto Madero, Mexico",1992,5
1992-05-30 12:42:03.520000+00:00,30.694,141.59,20.2,6.0,mw,"Izu Islands, Japan region",1992,5
1992-05-29 21:52:26.860000+00:00,31.17,141.731,18.6,6.0,mw,"Izu Islands, Japan region",1992,5
1992-05-27 05:13:38.810000+00:00,-11.122,165.239,18.8,7.0,mw,"75 km SW of Lata, Solomon Islands",1992,5
1992-05-25 16:55:04.170000+00:00,19.613,-77.872,23.1,6.8,mw,"56 km SSW of Niquero, Cuba",1992,5
1992-05-22 21:40:37.290000+00:00,-3.506,144.221,33.0,6.2,mw,"63 km NNE of Angoram, Papua New Guinea",1992,5
1992-05-21 14:09:03.300000+00:00,-6.175,147.236,47.7,6.0,mw,"66 km NNE of Lae, Papua New Guinea",1992,5
1992-05-21 04:59:57.570000+00:00,41.604,88.813,0.0,6.5,mb,"152 km SSW of Turpan, China",1992,5
1992-05-20 12:20:32.850000+00:00,33.377,71.317,16.3,6.3,mwb,"2 km WSW of Lachi, Pakistan",1992,5
1992-05-18 23:19:20.870000+00:00,7.446,-82.311,17.8,6.3,mwb,"86 km S of Boca Chica, Panama",1992,5
1992-05-18 03:02:21.500000+00:00,-33.594,-72.018,29.5,6.1,mw,"38 km W of San Antonio, Chile",1992,5
1992-05-17 10:15:31.310000+00:00,7.191,126.762,33.0,7.3,mwb,"23 km ESE of Santiago, Philippines",1992,5
1992-05-17 09:49:19.110000+00:00,7.239,126.645,32.8,7.1,mw,"9 km SE of Santiago, Philippines",1992,5
1992-05-16 20:57:59.510000+00:00,-13.672,-76.108,56.9,6.1,mw,"4 km E of San Clemente, Peru",1992,5
1992-05-15 08:08:02.990000+00:00,41.019,72.429,49.5,6.2,ms,"4 km WSW of Kochkor-Ata, Kyrgyzstan",1992,5
1992-05-15 07:05:05.340000+00:00,-6.075,147.572,58.0,7.2,mw,"61 km NNW of Finschhafen, Papua New Guinea",1992,5
1992-05-12 18:05:42.600000+00:00,-16.524,-172.367,15.0,6.7,mw,"165 km ESE of Hihifo, Tonga",1992,5
1992-05-07 06:23:36.150000+00:00,41.175,144.7,12.7,6.0,mw,"201 km S of Kushiro, Japan",1992,5
1992-04-26 11:18:25.980000+00:00,40.3828333,-124.555,21.713,6.57,mw,"32 km SW of Ferndale, California",1992,4
1992-04-26 07:41:40.090000+00:00,40.4325,-124.566,18.824,6.45,mw,"30 km WSW of Ferndale, California",1992,4
1992-04-25 18:06:05.180000+00:00,40.3353333,-124.2286667,9.856,7.2,mw,"The 1992 Petrolia, California Earthquake",1992,4
1992-04-24 07:07:23.910000+00:00,27.55,66.065,25.0,6.2,mwb,"61 km WSW of Khuzdar, Pakistan",1992,4
1992-04-23 15:32:49.140000+00:00,22.418,98.852,9.6,6.2,mw,"126 km ESE of Lashio, Myanmar",1992,4
1992-04-23 14:18:35.150000+00:00,22.437,98.904,12.0,6.1,mw,"130 km ESE of Lashio, Myanmar",1992,4
1992-04-23 04:50:23.230000+00:00,33.96,-116.317,11.629,6.1,mw,"The 1992 Joshua Tree, California Earthquake",1992,4
1992-04-19 18:32:19+00:00,23.861,121.594,15.5,6.2,mwb,"12 km S of Hualien City, Taiwan",1992,4
1992-04-18 09:16:52.850000+00:00,-5.454,103.001,29.3,6.6,mw,"160 km S of Pagar Alam, Indonesia",1992,4
1992-04-16 08:00:54.240000+00:00,1.186,122.586,30.0,6.1,mw,"89 km NW of Gorontalo, Indonesia",1992,4
1992-04-08 13:36:56.430000+00:00,-16.784,168.31,14.3,6.0,mw,"105 km N of Port-Vila, Vanuatu",1992,4
1992-04-07 22:47:29.450000+00:00,-16.867,168.129,16.0,6.0,mw,"98 km NNW of Port-Vila, Vanuatu",1992,4
1992-04-07 03:37:02.920000+00:00,-4.172,131.005,52.9,6.0,mw,"249 km ESE of Amahai, Indonesia",1992,4
1992-04-06 15:16:08.780000+00:00,50.593,-129.918,10.0,6.0,mw,"200 km W of Port McNeill, Canada",1992,4
1992-04-06 13:54:40.220000+00:00,50.724,-130.092,19.7,6.7,mw,"213 km W of Port McNeill, Canada",1992,4
1992-04-05 11:46:35.050000+00:00,-11.938,166.324,48.5,6.1,mw,"145 km SSE of Lata, Solomon Islands",1992,4
1992-04-03 03:19:51.430000+00:00,-5.696,151.164,27.4,6.5,mwb,"114 km E of Kimbe, Papua New Guinea",1992,4
1992-03-31 03:32:02.570000+00:00,-49.872,-113.744,10.0,6.3,mw,southern East Pacific Rise,1992,3
1992-03-26 14:14:11.980000+00:00,51.222,-179.723,33.0,6.0,mw,"226 km WSW of Adak, Alaska",1992,3
1992-03-24 22:47:06.680000+00:00,3.613,127.008,53.4,6.0,mw,"236 km NNW of Tobelo, Indonesia",1992,3
1992-03-24 18:20:12.870000+00:00,-55.506,-124.357,10.0,6.0,mw,southern East Pacific Rise,1992,3
1992-03-19 06:34:25.860000+00:00,17.155,120.827,15.4,6.3,mwb,"7 km NNW of Besao, Philippines",1992,3
1992-03-13 17:50:01.230000+00:00,-9.191,152.394,25.2,6.1,ms,"246 km ENE of Alotau, Papua New Guinea",1992,3
1992-03-13 17:18:39.980000+00:00,39.71,39.605,27.2,6.7,mwb,"8 km W of Cimin, Turkey",1992,3
1992-03-11 19:42:59.210000+00:00,-3.438,146.734,27.8,6.1,mw,"166 km SSW of Lorengau, Papua New Guinea",1992,3
1992-03-07 18:37:13+00:00,-3.477,146.316,14.9,6.2,mw,"191 km SSW of Lorengau, Papua New Guinea",1992,3
1992-03-05 14:39:10.250000+00:00,52.9,159.619,45.2,6.4,mwb,"67 km ESE of Petropavlovsk-Kamchatsky, Russia",1992,3
1992-03-05 08:55:05.600000+00:00,11.513,42.812,7.4,6.2,mw,"4 km WSW of Arta, Djibouti",1992,3
1992-03-04 03:49:54.800000+00:00,-3.008,147.882,19.4,6.4,mw,"127 km SSE of Lorengau, Papua New Guinea",1992,3
1992-03-02 14:07:59.570000+00:00,52.835,159.876,34.9,6.0,ms,"85 km ESE of Petropavlovsk-Kamchatsky, Russia",1992,3
1992-03-02 12:29:39.590000+00:00,52.915,159.886,38.6,6.9,mwb,"84 km E of Petropavlovsk-Kamchatsky, Russia",1992,3
1992-02-27 20:05:23.840000+00:00,-6.191,147.576,38.5,6.7,mw,"50 km NW of Finschhafen, Papua New Guinea",1992,2
1992-02-26 03:45:19.780000+00:00,11.803,57.764,10.0,6.0,mwb,Owen Fracture Zone region,1992,2
1992-02-21 14:42:29.170000+00:00,-6.228,147.613,55.0,6.0,mw,"44 km NW of Finschhafen, Papua New Guinea",1992,2
1992-02-17 04:37:31.420000+00:00,-55.979,158.123,33.0,6.2,mw,Macquarie Island region,1992,2
1992-02-17 00:01:56.610000+00:00,79.191,124.482,10.0,6.0,mw,east of Severnaya Zemlya,1992,2
1992-02-13 02:38:18.400000+00:00,53.597,-165.734,44.2,6.0,mw,"59 km S of Akutan, Alaska",1992,2
1992-02-13 01:29:13.190000+00:00,-15.894,166.318,9.6,6.8,mw,"99 km WSW of Luganville, Vanuatu",1992,2
1992-02-06 01:12:38.550000+00:00,-5.72,103.156,36.8,6.5,mwb,"187 km S of Pagar Alam, Indonesia",1992,2
1992-02-02 00:31:30.940000+00:00,-51.547,139.704,10.0,6.3,mw,western Indian-Antarctic Ridge,1992,2
1992-02-02 00:22:05.990000+00:00,-51.654,139.406,10.0,6.0,mw,western Indian-Antarctic Ridge,1992,2
1992-01-02 16:40:40.600000+00:00,48.738,-129.233,10.0,6.1,mwb,"247 km WSW of Tofino, Canada",1992,1
1991-12-29 18:39:09.460000+00:00,-4.421,132.727,36.7,6.4,mw,"133 km N of Tual, Indonesia",1991,12
1991-12-28 00:52:10.160000+00:00,-56.102,-24.614,10.0,6.6,mw,South Sandwich Islands region,1991,12
1991-12-27 09:09:37.500000+00:00,51.019,98.15,13.5,6.4,mw,"64 km NE of Kungurtug, Russia",1991,12
1991-12-27 04:05:58.240000+00:00,-56.032,-25.266,10.0,7.2,mw,South Sandwich Islands region,1991,12
1991-12-27 02:32:43.110000+00:00,-19.173,-176.4,25.6,6.0,mw,"226 km WNW of Pangai, Tonga",1991,12
1991-12-22 08:43:13.410000+00:00,45.533,151.021,24.7,7.6,mw,"248 km E of Kuril’sk, Russia",1991,12
1991-12-19 01:33:40.430000+00:00,45.253,151.176,27.2,6.8,mw,"258 km E of Kuril’sk, Russia",1991,12
1991-12-17 03:41:08.140000+00:00,-62.551,155.054,10.0,6.3,mw,Balleny Islands region,1991,12
1991-12-13 19:58:18.530000+00:00,45.439,151.427,19.7,6.3,mw,"279 km E of Kuril’sk, Russia",1991,12
1991-12-13 19:55:09.550000+00:00,45.435,151.27,48.2,6.4,mw,"266 km E of Kuril’sk, Russia",1991,12
1991-12-13 18:59:06.560000+00:00,45.521,151.707,18.7,6.5,mwb,Kuril Islands,1991,12
1991-12-13 05:45:29.030000+00:00,45.567,151.53,25.8,6.0,mw,"288 km E of Kuril’sk, Russia",1991,12
1991-12-13 02:33:51.850000+00:00,45.578,151.56,30.0,6.6,mw,"290 km E of Kuril’sk, Russia",1991,12
1991-12-11 20:39:39.200000+00:00,-23.368,171.044,36.6,6.5,mw,southeast of the Loyalty Islands,1991,12
1991-12-11 17:03:10.640000+00:00,-17.821,-116.017,18.9,6.4,mwb,southern East Pacific Rise,1991,12
1991-12-07 11:59:00.910000+00:00,45.475,151.391,49.8,6.0,mw,"276 km E of Kuril’sk, Russia",1991,12
1991-11-26 19:40:48.570000+00:00,42.051,142.523,56.3,6.4,mwb,"33 km SSE of Shizunai-furukawach?, Japan",1991,11
1991-11-26 10:41:32+00:00,51.4,-176.0,24.0,6.0,mw,"68 km SE of Adak, Alaska",1991,11
1991-11-19 22:28:51.090000+00:00,4.554,-77.442,21.3,7.2,mw,"33 km NNW of Santa Genoveva de Docordó, Colombia",1991,11
1991-11-13 11:12:13.240000+00:00,8.361,126.371,35.9,6.8,mwb,"4 km ESE of Hinatuan, Philippines",1991,11
1991-11-05 21:16:16.020000+00:00,-16.908,66.162,10.0,6.5,mw,Mid-Indian Ridge,1991,11
1991-11-04 06:24:02.600000+00:00,-6.072,148.198,49.9,6.2,mwb,"66 km NE of Finschhafen, Papua New Guinea",1991,11
1991-11-01 16:52:56.450000+00:00,46.55,152.782,43.0,6.0,ms,Kuril Islands,1991,11
1991-11-01 16:23:22.370000+00:00,-30.255,-177.981,21.4,6.6,mwb,"Kermadec Islands, New Zealand",1991,11
1991-11-01 02:51:12.770000+00:00,1.235,122.105,37.1,6.0,mw,"131 km NW of Gorontalo, Indonesia",1991,11
1991-10-30 10:35:41.440000+00:00,-15.31,-173.187,17.8,6.2,mwb,"96 km NE of Hihifo, Tonga",1991,10
1991-10-19 21:23:14.300000+00:00,30.78,78.774,10.3,6.8,mwb,"32 km E of Uttark?shi, India",1991,10
1991-10-17 09:05:20.230000+00:00,-15.3,-173.556,35.5,6.1,mwb,"76 km NNE of Hihifo, Tonga",1991,10
1991-10-14 16:55:53.010000+00:00,-9.026,158.356,18.9,6.1,ms,"166 km WNW of Malango, Solomon Islands",1991,10
1991-10-14 16:16:57.220000+00:00,-9.08,158.599,31.3,6.4,ms,"140 km WNW of Malango, Solomon Islands",1991,10
1991-10-14 15:58:12.790000+00:00,-9.094,158.442,23.4,7.2,mw,"155 km WNW of Malango, Solomon Islands",1991,10
1991-10-13 18:12:20.330000+00:00,-56.097,-122.633,10.0,6.3,mw,southern East Pacific Rise,1991,10
1991-10-12 16:26:24.860000+00:00,-13.742,166.673,43.8,6.3,mwb,"96 km W of Sola, Vanuatu",1991,10
1991-09-28 20:26:56.150000+00:00,-5.814,150.959,28.0,6.6,mwb,"95 km ESE of Kimbe, Papua New Guinea",1991,9
1991-09-21 15:19:48.180000+00:00,-16.232,-173.004,17.0,6.1,mw,"90 km ESE of Hihifo, Tonga",1991,9
1991-09-18 09:48:13.110000+00:00,14.646,-90.986,5.0,6.2,mw,"4 km SE of Patzún, Guatemala",1991,9
1991-09-03 11:56:16.270000+00:00,-17.921,-115.992,10.7,6.3,mwb,southern East Pacific Rise,1991,9
1991-09-03 09:05:28.310000+00:00,-17.91,-116.001,8.5,6.4,mwb,southern East Pacific Rise,1991,9
1991-09-03 08:44:48.600000+00:00,33.649,138.778,27.2,6.4,mwb,"115 km S of Shimoda, Japan",1991,9
1991-08-17 22:17:09.970000+00:00,41.679,-125.856,1.303,7.0,mh,"136 km WSW of Brookings, Oregon",1991,8
1991-08-17 19:29:40+00:00,40.2516667,-124.2858333,8.32,6.0,ml,"30 km SSW of Scotia, California",1991,8
1991-08-16 22:26:14.250000+00:00,41.6611667,-125.8455,2.549,6.1,ml,"136 km WSW of Brookings, Oregon",1991,8
1991-08-14 19:15:03.670000+00:00,-13.593,167.607,13.8,6.5,mw,"31 km N of Sola, Vanuatu",1991,8
1991-08-08 02:09:44.710000+00:00,0.972,122.631,12.4,6.7,mwb,"67 km NW of Gorontalo, Indonesia",1991,8
1991-08-06 14:49:30.570000+00:00,35.725,141.044,28.5,6.0,mwb,"19 km E of Hasaki, Japan",1991,8
1991-08-05 06:05:47.280000+00:00,-21.363,-174.396,30.9,6.0,mw,"57 km E of ‘Ohonua, Tonga",1991,8
1991-07-13 12:15:13.320000+00:00,48.738,154.933,40.5,6.2,mw,"232 km SSW of Severo-Kuril’sk, Russia",1991,7
1991-07-13 02:50:14.690000+00:00,42.182,-125.641,11.0,6.9,mw,"103 km W of Pistol River, Oregon",1991,7
1991-07-05 04:30:52.550000+00:00,-9.585,114.673,53.7,6.1,mw,"102 km SSW of Jimbaran, Indonesia",1991,7
1991-07-04 11:43:10.490000+00:00,-8.099,124.681,28.8,6.9,mwb,"81 km NW of Maubara, Timor Leste",1991,7
1991-07-02 05:14:30.190000+00:00,-1.068,99.843,53.8,6.4,mwb,"58 km WSW of Padang, Indonesia",1991,7
1991-07-01 13:32:41.600000+00:00,-15.797,-75.016,21.4,6.0,mw,"50 km SSE of San Juan, Peru",1991,7
1991-06-22 00:30:26.480000+00:00,23.915,-108.549,10.0,6.2,mw,"101 km SW of Altata, Mexico",1991,6
1991-06-20 05:18:52.510000+00:00,1.196,122.787,31.4,7.5,mw,"79 km NNW of Gorontalo, Indonesia",1991,6
1991-06-15 01:13:21.460000+00:00,-58.285,-24.183,51.7,6.6,mw,South Sandwich Islands region,1991,6
1991-06-15 00:59:20.310000+00:00,42.461,44.009,9.4,6.3,mw,"9 km NE of Java, Georgia",1991,6
1991-06-10 17:35:49.480000+00:00,23.771,-45.368,9.7,6.4,mw,northern Mid-Atlantic Ridge,1991,6
1991-05-30 13:17:41.970000+00:00,54.567,-161.606,28.4,7.0,mw,"71 km SE of King Cove, Alaska",1991,5
1991-05-21 11:00:19.080000+00:00,-7.517,126.539,18.4,6.6,mw,"106 km N of Baukau, Timor Leste",1991,5
1991-05-19 00:58:01.730000+00:00,1.156,122.957,33.0,7.0,mw,"69 km N of Gorontalo, Indonesia",1991,5
1991-05-17 02:31:25.700000+00:00,-4.39,142.715,59.0,6.4,mw,"22 km SSW of Ambunti, Papua New Guinea",1991,5
1991-05-13 16:28:15.440000+00:00,-3.463,82.824,21.8,6.0,mw,South Indian Ocean,1991,5
1991-05-07 13:09:28.750000+00:00,39.43,144.714,10.0,6.1,mw,"237 km E of Yamada, Japan",1991,5
1991-05-04 03:42:54.530000+00:00,9.542,-82.418,10.0,6.2,mw,"16 km NE of Changuinola, Panama",1991,5
1991-05-02 07:01:57.240000+00:00,9.392,-77.281,36.1,6.0,mw,"71 km NE of Mulatupo, Panama",1991,5
1991-04-30 02:16:33.050000+00:00,5.926,-82.612,10.0,6.0,mw,"234 km S of Punta de Burica, Panama",1991,4
1991-04-29 18:30:41.520000+00:00,42.503,43.899,14.3,6.1,mw,"11 km NNW of Java, Georgia",1991,4
1991-04-29 09:12:48.100000+00:00,42.453,43.673,17.2,7.0,mw,"22 km WNW of Java, Georgia",1991,4
1991-04-24 19:13:02.110000+00:00,9.741,-83.517,12.7,6.2,mw,"16 km SE of La Suiza, Costa Rica",1991,4
1991-04-24 05:13:09.830000+00:00,2.541,-79.747,23.7,6.2,ms,"133 km WNW of Salahonda, Colombia",1991,4
1991-04-24 04:57:14.890000+00:00,9.041,126.739,13.8,6.3,mw,"50 km ENE of Aras-asan, Philippines",1991,4
1991-04-22 21:56:51.820000+00:00,9.685,-83.073,10.0,7.6,mw,"34 km S of Limón, Costa Rica",1991,4
1991-04-19 11:25:34.550000+00:00,-14.883,-174.953,19.5,6.1,mw,"171 km NW of Hihifo, Tonga",1991,4
1991-04-06 14:34:20.700000+00:00,-15.008,-175.521,16.0,6.7,mw,"203 km SSE of Mata-Utu, Wallis and Futuna",1991,4
1991-04-05 15:50:47.320000+00:00,-14.23,-75.511,50.0,6.3,mw,"21 km ESE of Pampa de Tate, Peru",1991,4
1991-04-05 04:19:49.520000+00:00,-5.982,-77.094,19.8,7.1,mw,"11 km NE of Rioja, Peru",1991,4
1991-04-04 15:23:20.700000+00:00,-6.038,-77.13,20.7,6.5,mw,"4 km ENE of Rioja, Peru",1991,4
1991-04-04 03:22:57.910000+00:00,7.017,-78.153,32.9,6.3,mw,"44 km WSW of Juradó, Colombia",1991,4
1991-04-01 03:53:04.660000+00:00,15.746,95.738,15.0,6.0,mw,"60 km S of Pyapon, Myanmar",1991,4
1991-03-26 03:58:23.260000+00:00,21.704,121.789,17.7,6.3,mw,"113 km ESE of Hengchun, Taiwan",1991,3
1991-03-21 05:53:12.060000+00:00,-9.71,-79.774,24.7,6.2,mw,"147 km WSW of Puerto Santa, Peru",1991,3
1991-03-20 13:08:57.890000+00:00,-5.791,-80.897,35.1,6.0,mw,"27 km SSW of Sechura, Peru",1991,3
1991-03-16 06:02:10.930000+00:00,10.174,-85.184,33.3,6.3,mw,"15 km N of Nandayure, Costa Rica",1991,3
1991-03-11 21:15:56.420000+00:00,-51.154,29.255,10.0,6.4,mw,south of Africa,1991,3
1991-03-09 01:01:23.100000+00:00,-54.877,-131.533,10.0,6.0,mw,Pacific-Antarctic Ridge,1991,3
1991-03-08 11:36:28.430000+00:00,60.904,167.023,13.0,6.6,mw,"74 km NE of Tilichiki, Russia",1991,3
1991-03-03 15:20:24.730000+00:00,-21.867,-175.057,16.1,6.2,mw,"60 km S of ‘Ohonua, Tonga",1991,3
1991-02-25 14:30:27.620000+00:00,40.386,78.959,20.6,6.0,mw,"118 km WSW of Aykol, China",1991,2
1991-02-21 02:35:34.050000+00:00,58.427,-175.45,20.2,6.7,mw,Bering Sea,1991,2
1991-02-18 02:37:25.120000+00:00,8.87,126.48,23.9,7.0,mw,"18 km E of Aras-asan, Philippines",1991,2
1991-02-17 06:59:12.640000+00:00,-21.189,169.831,58.5,6.0,mw,"191 km SSE of Isangel, Vanuatu",1991,2
1991-02-16 01:23:40.440000+00:00,48.268,154.328,38.9,6.1,mw,"297 km SSW of Severo-Kuril’sk, Russia",1991,2
1991-02-14 23:31:23+00:00,-22.336,-112.578,10.0,6.0,mw,Easter Island region,1991,2
1991-02-10 12:42:37.600000+00:00,8.745,-39.854,10.0,6.2,mw,central Mid-Atlantic Ridge,1991,2
1991-02-09 16:30:32.530000+00:00,-9.858,159.174,10.0,6.4,ms,"62 km WSW of Malango, Solomon Islands",1991,2
1991-02-09 16:18:58.370000+00:00,-9.929,159.139,10.0,6.9,mw,"68 km WSW of Malango, Solomon Islands",1991,2
1991-02-09 02:08:50.900000+00:00,-15.348,-176.901,27.6,6.1,mw,"173 km SE of Alo, Wallis and Futuna",1991,2
1991-01-25 17:40:16.450000+00:00,-2.275,139.206,33.0,6.4,mb,"162 km WNW of Abepura, Indonesia",1991,1
1991-01-25 17:38:36.510000+00:00,-2.152,139.02,22.0,6.3,mw,"185 km WNW of Abepura, Indonesia",1991,1
1991-01-18 10:45:18.470000+00:00,-51.145,139.415,10.0,6.3,mw,western Indian-Antarctic Ridge,1991,1
1991-01-15 13:43:47.580000+00:00,-5.99,154.46,58.2,6.0,mw,"119 km WNW of Panguna, Papua New Guinea",1991,1
1991-01-09 15:08:53.580000+00:00,-5.396,151.837,27.7,6.2,mw,"125 km SSW of Kokopo, Papua New Guinea",1991,1
1991-01-08 22:04:09.490000+00:00,-18.057,-173.534,32.9,6.2,mw,"81 km NE of Neiafu, Tonga",1991,1
1991-01-05 14:57:11.590000+00:00,23.613,95.901,19.7,7.0,mw,"99 km NW of Mogok, Myanmar",1991,1
1991-01-03 13:18:49.280000+00:00,-7.179,148.54,14.0,6.2,mw,"102 km SE of Finschhafen, Papua New Guinea",1991,1
1991-01-01 17:28:02.490000+00:00,-21.208,-174.149,29.1,6.0,mw,"84 km E of ‘Ohonua, Tonga",1991,1
1991-01-01 00:06:31.400000+00:00,18.068,-105.847,35.0,6.3,mw,"172 km SSW of Emiliano Zapata, Mexico",1991,1
1990-12-29 13:23:54.320000+00:00,8.257,94.061,18.0,6.1,mw,"296 km NNW of Sabang, Indonesia",1990,12
1990-12-22 17:27:54.840000+00:00,9.869,-84.302,17.3,6.0,mw,"2 km NNE of Santiago, Costa Rica",1990,12
1990-12-21 06:57:42.990000+00:00,41.004,22.3,13.3,6.1,mw,"14 km WNW of Gouménissa, Greece",1990,12
1990-12-21 05:29:28.720000+00:00,-20.467,-174.161,13.3,6.8,mw,"74 km SSE of Pangai, Tonga",1990,12
1990-12-19 13:48:22.690000+00:00,52.618,160.716,21.7,6.0,mw,"147 km ESE of Petropavlovsk-Kamchatsky, Russia",1990,12
1990-12-17 11:00:29.850000+00:00,6.638,-81.926,19.3,6.3,mw,"136 km SSW of Río Grande, Panama",1990,12
1990-12-13 19:50:17.880000+00:00,23.722,121.627,10.0,6.7,mw,"28 km S of Hualien City, Taiwan",1990,12
1990-12-13 12:26:40.750000+00:00,1.116,124.034,33.0,6.2,mw,"88 km WSW of Tomohon, Indonesia",1990,12
1990-12-13 03:01:48.050000+00:00,23.916,121.636,12.1,6.3,mw,"7 km SSE of Hualien City, Taiwan",1990,12
1990-12-11 14:41:42.550000+00:00,-15.461,-173.117,12.8,6.4,mw,"90 km NE of Hihifo, Tonga",1990,12
1990-12-10 09:34:33.030000+00:00,-5.94,142.282,32.4,6.0,mw,"74 km W of Tari, Papua New Guinea",1990,12
1990-11-22 20:49:06.740000+00:00,-5.575,150.993,28.7,6.3,mw,"94 km E of Kimbe, Papua New Guinea",1990,11
1990-11-21 01:48:26.400000+00:00,51.65,-171.331,33.0,6.0,mw,"206 km ESE of Atka, Alaska",1990,11
1990-11-15 02:34:32.400000+00:00,3.908,97.457,48.4,6.7,mw,"84 km SW of Langsa, Indonesia",1990,11
1990-11-12 12:28:51.520000+00:00,42.959,78.071,19.1,6.4,mw,"35 km NW of Tyup, Kyrgyzstan",1990,11
1990-11-06 20:14:29.740000+00:00,53.452,169.871,24.8,7.1,mw,"231 km WNW of Attu Station, Alaska",1990,11
1990-11-06 18:45:52.230000+00:00,28.251,55.462,10.6,6.6,mw,"105 km ESE of D?r?b, Iran",1990,11
1990-10-26 05:49:37.940000+00:00,-35.143,-16.426,10.0,6.1,mw,southern Mid-Atlantic Ridge,1990,10
1990-10-25 11:01:38.720000+00:00,8.307,126.462,44.1,6.5,mw,"13 km E of Tidman, Philippines",1990,10
1990-10-15 01:35:44.560000+00:00,-2.211,92.249,32.2,6.8,mw,"southwest of Sumatra, Indonesia",1990,10
1990-09-30 19:05:02.460000+00:00,24.248,125.215,35.0,6.1,mw,"62 km S of Hirara, Japan",1990,9
1990-09-23 22:09:04.270000+00:00,33.189,138.685,10.0,6.2,ms,"162 km SSE of ?yama, Japan",1990,9
1990-09-23 21:13:07.460000+00:00,33.267,138.643,10.0,6.5,mw,"153 km SSE of ?yama, Japan",1990,9
1990-09-23 20:33:49.730000+00:00,-6.726,130.373,33.0,6.5,ms,"289 km WSW of Tual, Indonesia",1990,9
1990-09-23 17:54:02.960000+00:00,-17.732,167.612,10.0,6.4,mw,"74 km W of Port-Vila, Vanuatu",1990,9
1990-09-23 06:50:33.090000+00:00,-14.989,-173.632,33.0,6.0,mw,"108 km N of Hihifo, Tonga",1990,9
1990-09-17 13:47:26.640000+00:00,-53.155,159.632,10.0,6.4,mw,Macquarie Island region,1990,9
1990-09-14 09:20:18.910000+00:00,-60.689,-22.794,33.0,6.0,mw,South Sandwich Islands region,1990,9
1990-09-08 20:31:57.750000+00:00,-20.548,-174.173,33.0,6.0,mw,"83 km SSE of Pangai, Tonga",1990,9
1990-09-02 13:05:07.300000+00:00,-3.197,148.225,22.8,6.0,mw,"166 km SE of Lorengau, Papua New Guinea",1990,9
1990-09-02 04:26:48.070000+00:00,-0.143,-80.283,14.2,6.6,mw,"34 km SW of Pedernales, Ecuador",1990,9
1990-08-25 15:47:53.890000+00:00,0.525,126.084,11.3,6.4,mw,"147 km WSW of Ternate, Indonesia",1990,8
1990-08-21 14:13:04.840000+00:00,-27.487,-104.266,10.5,6.0,mw,Easter Island region,1990,8
1990-08-18 18:52:36.840000+00:00,7.507,93.975,21.4,6.0,mw,"232 km NW of Sabang, Indonesia",1990,8
1990-08-18 13:55:07.510000+00:00,-40.229,78.308,10.0,6.2,mw,Mid-Indian Ridge,1990,8
1990-08-17 13:07:17.420000+00:00,-11.164,161.997,29.1,6.7,mw,"78 km S of Kirakira, Solomon Islands",1990,8
1990-08-16 04:59:57.690000+00:00,41.564,88.77,0.0,6.2,mb,"157 km SSW of Turpan, China",1990,8
1990-08-14 15:13:28.600000+00:00,35.432,-35.648,10.0,6.3,mw,northern Mid-Atlantic Ridge,1990,8
1990-08-10 15:44:31.360000+00:00,0.333,126.175,53.2,6.2,mw,"143 km WSW of Ternate, Indonesia",1990,8
1990-08-05 17:42:32.170000+00:00,-1.08,-13.887,10.0,6.4,mw,north of Ascension Island,1990,8
1990-08-05 03:36:22.290000+00:00,36.31,141.072,26.6,6.1,mw,"43 km E of ?arai, Japan",1990,8
1990-08-03 09:15:06.150000+00:00,47.963,84.961,33.4,6.2,mw,"55 km N of Zaysan, Kazakhstan",1990,8
1990-08-02 05:24:08.550000+00:00,-31.62,-71.695,35.8,6.0,mw,"49 km W of Illapel, Chile",1990,8
1990-07-17 21:14:43.860000+00:00,16.495,120.981,23.1,6.5,mw,"14 km NNW of Salinas, Philippines",1990,7
1990-07-17 18:06:35.330000+00:00,16.433,120.838,18.3,6.1,mw,"10 km ESE of Ambuclao, Philippines",1990,7
1990-07-16 07:26:34.610000+00:00,15.679,121.172,25.1,7.7,mw,"4 km E of Macapsing, Philippines",1990,7
1990-07-14 05:54:25.490000+00:00,0.003,-17.376,11.1,6.6,mw,north of Ascension Island,1990,7
1990-07-10 03:17:59.290000+00:00,-10.353,161.119,66.3,6.4,mw,"88 km W of Kirakira, Solomon Islands",1990,7
1990-07-09 15:11:20.380000+00:00,5.395,31.654,12.6,6.6,mw,"60 km N of Juba, South Sudan",1990,7
1990-06-23 05:01:44.510000+00:00,-0.611,146.473,23.9,6.2,mw,"180 km NNW of Lorengau, Papua New Guinea",1990,6
1990-06-20 21:00:09.980000+00:00,36.957,49.409,18.5,7.4,mw,"23 km N of P?deg?n-e Manj?l, Iran",1990,6
1990-06-17 04:51:45.510000+00:00,27.398,65.719,14.5,6.1,mw,"99 km WSW of Khuzdar, Pakistan",1990,6
1990-06-16 04:53:42.940000+00:00,27.998,127.976,27.0,6.0,mw,"153 km N of Nago, Japan",1990,6
1990-06-15 08:12:26.250000+00:00,-5.041,152.082,60.1,6.0,mw,"79 km SSW of Kokopo, Papua New Guinea",1990,6
1990-06-14 12:47:28.820000+00:00,47.869,85.076,57.9,6.6,mw,"47 km NNE of Zaysan, Kazakhstan",1990,6
1990-06-14 07:40:56.210000+00:00,11.76,121.899,18.1,7.1,mw,"0 km ESE of Union, Philippines",1990,6
1990-06-07 09:25:19.190000+00:00,-3.563,144.432,29.3,6.5,mw,"68 km NE of Angoram, Papua New Guinea",1990,6
1990-06-01 01:22:11.590000+00:00,35.522,140.339,67.0,6.3,mw,"near the east coast of Honshu, Japan",1990,6
1990-05-31 07:35:27.010000+00:00,17.26,-100.707,22.6,6.0,mw,"7 km NE of Nuxco, Mexico",1990,5
1990-05-30 02:34:05.880000+00:00,-6.016,-77.229,24.2,6.6,mw,"6 km ESE of Segunda Jerusalén - Azunguillo, Peru",1990,5
1990-05-29 18:30:56.410000+00:00,55.6505,-153.2433,10.0,6.1,mw,"155 km SSE of Akhiok, Alaska",1990,5
1990-05-24 20:00:08.190000+00:00,5.358,31.848,16.0,7.1,mw,"63 km NNE of Juba, South Sudan",1990,5
1990-05-24 19:34:44.240000+00:00,5.277,31.829,16.5,6.5,mw,"54 km NNE of Juba, South Sudan",1990,5
1990-05-22 13:25:36.320000+00:00,-36.299,-97.876,33.0,6.1,mw,West Chile Rise,1990,5
1990-05-20 02:22:01.620000+00:00,5.121,32.145,14.9,7.2,mw,"69 km ENE of Juba, South Sudan",1990,5
1990-05-15 18:31:39.680000+00:00,1.158,123.869,29.7,6.0,mw,"105 km W of Tomohon, Indonesia",1990,5
1990-05-13 04:23:09.600000+00:00,-40.296,176.064,20.6,6.4,mw,"39 km E of Palmerston North, New Zealand",1990,5
1990-05-09 04:21:10.190000+00:00,-56.381,-27.058,33.0,6.0,mw,South Sandwich Islands region,1990,5
1990-05-08 00:01:40.020000+00:00,6.905,-82.622,9.6,6.5,mw,"127 km SSE of Punta de Burica, Panama",1990,5
1990-04-30 05:54:41.490000+00:00,-54.279,1.271,10.0,6.0,mw,Bouvet Island region,1990,4
1990-04-28 01:23:11.510000+00:00,8.887,-83.5,22.7,6.4,mw,"8 km SSE of Ciudad Cortés, Costa Rica",1990,4
1990-04-26 15:40:34.400000+00:00,1.059,122.825,24.4,6.0,mw,"63 km NNW of Gorontalo, Indonesia",1990,4
1990-04-26 09:37:45.380000+00:00,36.239,100.254,9.6,6.3,mb,"141 km WSW of Xining, China",1990,4
1990-04-26 09:37:15.040000+00:00,35.986,100.245,8.1,6.5,mw,"153 km WSW of Xining, China",1990,4
1990-04-26 09:37:10.940000+00:00,36.04,100.274,10.0,6.3,mw,"148 km WSW of Xining, China",1990,4
1990-04-21 18:54:52.460000+00:00,-36.985,-73.303,11.9,6.3,mw,"15 km WNW of Coronel, Chile",1990,4
1990-04-19 12:40:38.690000+00:00,1.108,123.429,23.7,6.5,mw,"75 km NNE of Gorontalo, Indonesia",1990,4
1990-04-19 01:05:08.760000+00:00,1.3,123.021,33.0,6.0,mw,"Minahasa, Sulawesi, Indonesia",1990,4
1990-04-18 18:32:59.980000+00:00,1.315,123.018,19.1,6.5,mw,"86 km N of Gorontalo, Indonesia",1990,4
1990-04-18 13:39:19.010000+00:00,1.186,122.857,25.7,7.8,mw,"75 km NNW of Gorontalo, Indonesia",1990,4
1990-04-17 11:34:09.020000+00:00,7.368,-35.286,10.0,6.1,mw,central Mid-Atlantic Ridge,1990,4
1990-04-17 01:59:33.400000+00:00,39.436,74.9,33.0,6.0,mw,"93 km W of Kashgar, China",1990,4
1990-04-09 09:31:09.630000+00:00,-25.806,-176.058,17.4,6.0,mw,south of the Fiji Islands,1990,4
1990-04-06 14:57:20.100000+00:00,15.177,147.596,15.5,6.3,mw,"197 km E of Saipan, Northern Mariana Islands",1990,4
1990-04-06 07:52:02.010000+00:00,-60.527,-25.482,33.0,6.0,mw,South Sandwich Islands region,1990,4
1990-04-05 21:12:35.550000+00:00,15.125,147.596,11.4,7.6,mw,"198 km E of Saipan, Northern Mariana Islands",1990,4
1990-04-03 22:57:00.920000+00:00,11.426,-86.301,52.5,6.8,mw,"36 km SSW of La Conquista, Nicaragua",1990,4
1990-03-31 19:31:42.750000+00:00,42.891,146.969,21.0,6.0,mw,"102 km S of Shikotan, Russia",1990,3
1990-03-25 14:17:18.820000+00:00,37.034,72.942,33.0,6.3,ms,"56 km E of Khand?d, Afghanistan",1990,3
1990-03-25 13:22:55.600000+00:00,9.919,-84.808,22.2,7.3,mw,"7 km SSE of Puntarenas, Costa Rica",1990,3
1990-03-25 13:16:06.920000+00:00,9.814,-84.828,26.6,6.4,ms,"11 km E of Paquera, Costa Rica",1990,3
1990-03-16 15:52:42.630000+00:00,24.897,-109.035,10.0,6.1,mw,"72 km SSW of El Huitusi, Mexico",1990,3
1990-03-12 14:41:19.480000+00:00,51.484,-175.032,13.8,6.4,mw,"97 km SW of Atka, Alaska",1990,3
1990-03-05 20:47:00.760000+00:00,36.907,73.021,12.2,6.2,mw,"62 km E of Khand?d, Afghanistan",1990,3
1990-03-05 16:38:12.570000+00:00,-18.318,168.063,20.7,7.1,mw,"69 km SSW of Port-Vila, Vanuatu",1990,3
1990-03-04 19:46:19.670000+00:00,28.925,66.331,10.1,6.1,mw,"27 km WSW of Kalat, Pakistan",1990,3
1990-03-03 12:44:22.420000+00:00,-22.405,174.164,33.0,6.6,ms,southeast of the Loyalty Islands,1990,3
1990-03-03 12:34:59.260000+00:00,-21.557,175.753,33.0,6.2,ms,south of the Fiji Islands,1990,3
1990-03-03 12:16:27.960000+00:00,-22.122,175.163,33.2,7.6,mw,south of the Fiji Islands,1990,3
1990-02-26 19:06:36.440000+00:00,-26.651,-114.726,14.2,6.1,mw,Easter Island region,1990,2
1990-02-24 19:13:14.870000+00:00,-15.523,-175.236,33.0,6.2,mw,"161 km WNW of Hihifo, Tonga",1990,2
1990-02-20 06:53:39.890000+00:00,34.706,139.252,14.2,6.4,mw,"28 km E of Shimoda, Japan",1990,2
1990-02-19 06:48:10.120000+00:00,-15.465,166.385,12.1,6.9,mw,"83 km W of Luganville, Vanuatu",1990,2
1990-02-19 05:34:37.040000+00:00,-40.347,176.102,24.3,6.3,mw,"41 km E of Palmerston North, New Zealand",1990,2
1990-02-17 02:28:01.820000+00:00,29.533,130.732,65.9,6.1,mw,"80 km SSE of Koshima, Japan",1990,2
1990-02-10 03:27:41.280000+00:00,-42.343,172.798,9.8,6.0,mw,"90 km N of Amberley, New Zealand",1990,2
1990-02-08 07:46:59.780000+00:00,9.725,124.625,30.3,6.6,mw,"6 km ESE of Bacong, Philippines",1990,2
1990-02-08 07:15:32.230000+00:00,9.755,124.694,25.9,6.8,mw,"13 km E of Bacong, Philippines",1990,2
1990-02-02 14:49:09.480000+00:00,-18.407,176.924,10.0,6.0,mw,"84 km SW of Nadi, Fiji",1990,2
1990-01-22 17:26:11.460000+00:00,3.885,96.1,45.7,6.2,mw,"28 km S of Meulaboh, Indonesia",1990,1
1990-01-20 01:27:09.800000+00:00,35.832,52.954,24.5,6.0,mw,"36 km E of Soleh Bon, Iran",1990,1
1990-01-18 12:45:23.600000+00:00,-30.141,-177.688,13.4,6.0,mw,"Kermadec Islands, New Zealand",1990,1
1990-01-14 21:04:03.260000+00:00,-29.709,-177.467,58.3,6.1,mw,"Kermadec Islands, New Zealand",1990,1
1990-01-14 03:03:19.230000+00:00,37.819,91.971,12.2,6.0,mw,"northern Qinghai, China",1990,1
1990-01-08 19:44:34.670000+00:00,52.038,-169.446,33.0,6.0,mw,"107 km SSW of Nikolski, Alaska",1990,1
1990-01-06 21:44:56.260000+00:00,-10.681,92.987,14.8,6.0,mw,South Indian Ocean,1990,1
1990-01-05 18:27:00.120000+00:00,18.863,-106.795,33.0,6.0,mw,"189 km SW of La Cruz de Loreto, Mexico",1990,1
1990-01-04 05:32:21.040000+00:00,-15.397,-172.85,53.5,6.5,mw,"118 km ENE of Hihifo, Tonga",1990,1
